Date,HomeTeam,AwayTeam,FTHG,FTAG
04/10/2000,25,21,2,2
05/10/2000,20,17,3,4
05/10/2000,7,16,4,2
05/10/2000,4,23,6,3
05/10/2000,6,9,4,4
06/10/2000,5,18,1,3
06/10/2000,15,26,1,4
06/10/2000,13,23,3,4
06/10/2000,14,2,3,3
06/10/2000,1,8,8,4
06/10/2000,27,19,4,1
06/10/2000,28,19,1,4
06/10/2000,22,17,2,1
06/10/2000,24,30,3,1
07/10/2000,7,26,5,3
07/10/2000,11,3,1,2
07/10/2000,27,30,4,1
07/10/2000,9,25,3,1
07/10/2000,10,8,2,0
07/10/2000,4,6,1,5
07/10/2000,18,5,1,3
07/10/2000,12,15,3,3
07/10/2000,29,16,3,5
08/10/2000,22,21,1,1
08/10/2000,24,19,1,5
08/10/2000,14,23,4,5
09/10/2000,6,13,4,2
09/10/2000,29,26,1,7
09/10/2000,10,25,1,3
10/10/2000,12,25,5,2
10/10/2000,8,22,5,2
10/10/2000,20,21,1,3
11/10/2000,30,4,3,3
11/10/2000,3,8,3,1
11/10/2000,10,2,3,2
11/10/2000,17,22,3,4
11/10/2000,11,15,3,3
11/10/2000,26,19,4,4
11/10/2000,24,6,2,3
12/10/2000,20,29,2,3
12/10/2000,16,17,0,4
12/10/2000,23,21,2,5
12/10/2000,28,27,2,1
12/10/2000,25,4,4,1
13/10/2000,9,1,3,1
13/10/2000,26,6,5,0
13/10/2000,22,7,3,2
13/10/2000,19,30,2,0
13/10/2000,5,14,3,2
13/10/2000,18,15,3,1
13/10/2000,13,12,2,2
14/10/2000,25,15,3,0
14/10/2000,10,9,0,4
14/10/2000,8,16,5,4
14/10/2000,27,4,6,3
14/10/2000,18,12,2,1
14/10/2000,23,7,4,0
14/10/2000,5,3,8,6
14/10/2000,2,20,0,2
14/10/2000,21,29,3,1
14/10/2000,28,6,5,2
14/10/2000,1,24,4,2
15/10/2000,17,20,2,4
15/10/2000,26,27,5,6
15/10/2000,14,11,5,2
15/10/2000,30,22,3,5
15/10/2000,16,29,2,1
16/10/2000,23,10,5,2
16/10/2000,3,24,3,4
17/10/2000,22,6,6,1
17/10/2000,15,21,3,4
17/10/2000,17,19,2,1
17/10/2000,11,1,3,3
17/10/2000,8,7,4,3
17/10/2000,2,24,3,4
17/10/2000,4,9,1,6
17/10/2000,18,26,1,1
18/10/2000,30,14,6,5
18/10/2000,23,20,4,1
18/10/2000,29,21,1,5
18/10/2000,5,12,2,3
18/10/2000,25,28,2,1
18/10/2000,16,3,2,4
18/10/2000,27,13,2,1
19/10/2000,22,10,1,4
19/10/2000,15,1,5,2
19/10/2000,19,26,7,1
19/10/2000,4,8,3,3
19/10/2000,9,5,3,3
19/10/2000,17,18,1,2
20/10/2000,16,25,1,5
20/10/2000,21,13,5,1
20/10/2000,20,6,3,2
20/10/2000,30,28,1,3
20/10/2000,11,2,3,5
20/10/2000,7,24,2,2
21/10/2000,17,7,5,4
21/10/2000,9,11,6,6
21/10/2000,8,12,5,2
21/10/2000,5,29,5,2
21/10/2000,1,14,7,2
21/10/2000,4,24,3,4
21/10/2000,20,10,1,2
21/10/2000,25,26,4,3
21/10/2000,18,28,3,5
21/10/2000,15,2,4,4
21/10/2000,23,27,2,3
21/10/2000,19,16,1,0
22/10/2000,29,17,1,2
22/10/2000,30,13,0,0
22/10/2000,22,27,3,3
22/10/2000,3,14,2,4
23/10/2000,24,26,4,5
24/10/2000,8,30,2,2
24/10/2000,18,23,4,4
24/10/2000,12,28,2,3
24/10/2000,3,4,4,5
24/10/2000,20,27,2,2
25/10/2000,22,11,1,3
25/10/2000,7,12,4,1
25/10/2000,26,24,6,2
25/10/2000,5,9,2,3
25/10/2000,21,18,2,1
25/10/2000,13,1,1,2
25/10/2000,10,30,6,1
25/10/2000,25,23,2,6
25/10/2000,29,28,1,3
25/10/2000,17,14,5,1
26/10/2000,6,15,4,1
26/10/2000,4,3,3,0
26/10/2000,16,21,0,2
26/10/2000,19,20,4,3
27/10/2000,14,9,0,6
27/10/2000,30,20,3,1
27/10/2000,23,11,1,1
27/10/2000,24,22,3,2
27/10/2000,2,8,2,1
27/10/2000,12,1,3,3
27/10/2000,7,10,2,1
27/10/2000,25,27,2,4
27/10/2000,29,15,3,1
27/10/2000,18,13,3,3
28/10/2000,13,9,3,1
28/10/2000,19,25,4,3
28/10/2000,3,5,1,4
28/10/2000,8,2,1,2
28/10/2000,6,10,1,2
28/10/2000,28,11,2,2
28/10/2000,5,1,0,9
28/10/2000,17,29,4,1
28/10/2000,16,7,1,3
28/10/2000,27,26,3,1
29/10/2000,21,22,4,2
29/10/2000,20,24,3,6
30/10/2000,4,15,1,1
30/10/2000,3,6,5,1
30/10/2000,30,16,2,3
30/10/2000,12,19,1,4
31/10/2000,22,24,5,3
31/10/2000,21,27,0,4
31/10/2000,1,13,6,5
01/11/2000,2,6,4,2
01/11/2000,29,26,4,1
01/11/2000,9,10,4,3
01/11/2000,18,19,2,4
01/11/2000,15,17,6,2
01/11/2000,12,14,6,5
02/11/2000,25,29,4,0
02/11/2000,8,17,2,4
02/11/2000,22,20,3,2
02/11/2000,1,4,1,1
02/11/2000,24,27,1,1
02/11/2000,23,21,4,3
02/11/2000,13,2,0,3
02/11/2000,28,5,3,2
02/11/2000,3,14,6,1
03/11/2000,19,15,2,0
03/11/2000,11,26,2,5
03/11/2000,10,1,5,3
03/11/2000,6,16,5,4
03/11/2000,4,18,1,3
03/11/2000,9,3,6,5
04/11/2000,19,10,0,0
04/11/2000,22,30,3,0
04/11/2000,7,8,5,4
04/11/2000,23,5,2,4
04/11/2000,27,25,2,2
04/11/2000,21,12,5,3
04/11/2000,1,26,1,2
04/11/2000,17,16,1,6
04/11/2000,14,2,4,3
05/11/2000,8,3,2,5
05/11/2000,20,30,2,3
05/11/2000,4,7,3,0
05/11/2000,2,26,1,4
05/11/2000,14,15,5,2
05/11/2000,6,11,3,8
05/11/2000,18,24,3,3
05/11/2000,13,15,2,3
05/11/2000,9,29,2,2
05/11/2000,20,5,1,1
05/11/2000,28,12,4,1
06/11/2000,23,28,2,2
06/11/2000,29,22,2,4
06/11/2000,10,6,7,1
06/11/2000,16,24,4,2
07/11/2000,11,9,2,3
08/11/2000,2,18,2,1
08/11/2000,3,22,4,3
08/11/2000,21,30,2,0
08/11/2000,26,27,3,3
09/11/2000,5,4,5,2
09/11/2000,16,28,2,3
09/11/2000,1,18,3,4
09/11/2000,27,17,2,4
09/11/2000,30,20,0,1
09/11/2000,10,12,5,0
09/11/2000,24,23,2,7
09/11/2000,13,8,2,4
10/11/2000,4,22,2,0
10/11/2000,26,23,2,0
10/11/2000,29,28,5,2
10/11/2000,6,9,2,1
10/11/2000,15,3,3,5
10/11/2000,7,2,3,0
10/11/2000,21,19,3,3
11/11/2000,4,9,4,3
11/11/2000,1,5,2,4
11/11/2000,14,8,3,1
11/11/2000,13,20,3,3
11/11/2000,12,10,3,1
11/11/2000,16,30,2,5
11/11/2000,25,8,2,0
12/11/2000,5,22,5,2
12/11/2000,6,18,2,2
12/11/2000,24,17,2,3
12/11/2000,10,16,3,3
12/11/2000,2,28,0,4
12/11/2000,15,11,2,2
12/11/2000,26,17,2,2
12/11/2000,14,20,3,4
12/11/2000,29,27,2,1
12/11/2000,1,7,0,4
12/11/2000,21,24,3,1
12/11/2000,23,19,2,5
12/11/2000,12,9,4,0
13/11/2000,3,27,0,2
13/11/2000,30,22,4,5
14/11/2000,21,5,3,2
14/11/2000,22,19,3,0
14/11/2000,7,20,3,2
14/11/2000,13,11,1,4
15/11/2000,1,28,2,3
15/11/2000,29,25,3,2
15/11/2000,8,14,0,1
15/11/2000,15,27,2,2
15/11/2000,23,16,4,2
16/11/2000,12,13,1,4
16/11/2000,10,4,1,2
16/11/2000,30,3,2,3
16/11/2000,7,25,2,2
16/11/2000,11,18,1,0
16/11/2000,17,28,4,1
16/11/2000,24,21,0,3
17/11/2000,26,2,5,1
17/11/2000,19,5,4,3
17/11/2000,27,21,6,3
17/11/2000,18,29,1,5
17/11/2000,6,1,2,3
17/11/2000,20,16,2,5
17/11/2000,9,12,0,1
18/11/2000,7,30,3,1
18/11/2000,23,3,4,3
18/11/2000,26,21,6,4
18/11/2000,29,13,0,3
18/11/2000,22,16,3,3
18/11/2000,10,14,2,2
18/11/2000,15,8,4,3
18/11/2000,17,25,0,1
18/11/2000,1,12,3,2
18/11/2000,11,4,2,3
19/11/2000,27,24,2,6
19/11/2000,9,13,5,2
19/11/2000,20,3,4,5
19/11/2000,19,7,4,1
19/11/2000,28,2,5,3
19/11/2000,18,17,3,2
19/11/2000,5,11,3,1
19/11/2000,4,15,5,3
19/11/2000,22,20,2,0
19/11/2000,6,30,1,6
19/11/2000,8,10,1,6
19/11/2000,24,2,2,1
20/11/2000,29,23,1,6
21/11/2000,25,14,6,2
21/11/2000,17,18,6,3
22/11/2000,3,10,1,3
22/11/2000,8,13,1,4
22/11/2000,27,16,1,4
22/11/2000,19,23,3,4
22/11/2000,9,6,2,1
23/11/2000,18,25,0,1
23/11/2000,5,12,1,3
23/11/2000,10,22,4,3
23/11/2000,21,29,5,2
23/11/2000,14,11,8,2
23/11/2000,2,3,3,4
23/11/2000,15,23,3,2
23/11/2000,26,1,1,6
23/11/2000,30,20,1,1
23/11/2000,17,6,4,5
23/11/2000,7,4,1,3
23/11/2000,24,1,2,5
23/11/2000,28,16,4,1
24/11/2000,11,8,0,6
24/11/2000,9,22,3,5
24/11/2000,30,16,2,0
24/11/2000,4,5,0,1
24/11/2000,6,12,1,3
25/11/2000,7,3,3,2
25/11/2000,18,19,0,4
25/11/2000,14,13,2,1
25/11/2000,17,23,3,2
25/11/2000,15,2,1,0
25/11/2000,22,24,3,2
25/11/2000,20,24,2,2
25/11/2000,25,29,3,0
26/11/2000,29,25,2,4
26/11/2000,5,26,2,2
26/11/2000,28,1,2,3
26/11/2000,21,20,3,2
26/11/2000,2,17,3,4
26/11/2000,8,7,3,5
26/11/2000,11,15,2,1
26/11/2000,10,9,2,4
26/11/2000,30,23,4,2
26/11/2000,19,27,5,1
26/11/2000,12,18,4,7
26/11/2000,13,14,2,1
27/11/2000,6,26,4,4
27/11/2000,3,9,3,2
27/11/2000,4,27,1,2
28/11/2000,8,11,3,2
28/11/2000,17,16,5,6
28/11/2000,2,14,7,4
29/11/2000,9,7,3,1
29/11/2000,23,24,4,1
29/11/2000,6,5,3,1
29/11/2000,18,20,6,1
29/11/2000,3,26,7,6
29/11/2000,28,30,4,1
30/11/2000,1,3,5,2
30/11/2000,21,27,2,1
30/11/2000,11,17,4,6
30/11/2000,13,12,1,2
30/11/2000,25,20,3,4
30/11/2000,29,4,3,4
30/11/2000,22,8,2,3
30/11/2000,15,14,4,1
30/11/2000,10,19,5,6
01/12/2000,23,8,3,4
01/12/2000,27,30,2,0
01/12/2000,12,4,2,0
01/12/2000,2,10,4,6
01/12/2000,16,18,0,3
01/12/2000,28,24,3,2
02/12/2000,18,16,1,2
02/12/2000,11,14,5,3
02/12/2000,21,25,4,2
02/12/2000,13,17,1,3
02/12/2000,15,6,3,2
02/12/2000,20,8,1,1
02/12/2000,1,2,0,0
02/12/2000,7,5,4,6
03/12/2000,29,11,1,2
03/12/2000,26,30,3,2
03/12/2000,9,4,5,3
03/12/2000,19,13,5,2
03/12/2000,2,1,1,1
03/12/2000,5,7,2,3
03/12/2000,10,3,8,2
03/12/2000,12,9,0,2
03/12/2000,23,22,5,2
03/12/2000,27,25,2,5
03/12/2000,24,26,4,0
03/12/2000,14,17,3,0
03/12/2000,6,15,0,2
03/12/2000,22,28,3,3
04/12/2000,3,21,3,6
04/12/2000,16,29,5,0
05/12/2000,10,13,4,4
05/12/2000,20,28,0,8
05/12/2000,11,6,5,4
05/12/2000,23,18,6,3
06/12/2000,8,7,2,3
06/12/2000,1,21,6,1
06/12/2000,19,24,1,0
06/12/2000,9,5,2,4
07/12/2000,17,10,0,3
07/12/2000,27,23,1,1
07/12/2000,26,25,5,2
07/12/2000,3,15,3,2
07/12/2000,22,18,4,0
07/12/2000,13,2,1,4
07/12/2000,5,6,2,3
07/12/2000,11,12,3,5
07/12/2000,4,14,6,3
07/12/2000,28,25,2,2
07/12/2000,29,24,5,2
08/12/2000,20,18,3,0
08/12/2000,7,1,5,2
08/12/2000,16,30,2,4
09/12/2000,29,6,3,2
09/12/2000,17,4,5,1
09/12/2000,1,15,2,3
09/12/2000,11,13,4,3
09/12/2000,3,7,5,2
09/12/2000,9,8,1,0
09/12/2000,30,24,0,1
09/12/2000,28,23,1,6
09/12/2000,14,21,0,2
10/12/2000,22,26,2,4
10/12/2000,13,21,2,4
10/12/2000,2,11,2,5
10/12/2000,30,18,1,2
10/12/2000,10,5,5,1
10/12/2000,8,9,2,4
10/12/2000,20,12,7,2
10/12/2000,24,25,0,1
10/12/2000,19,16,6,4
10/12/2000,6,3,6,4
11/12/2000,23,26,1,2
11/12/2000,17,5,3,4
11/12/2000,27,29,1,1
11/12/2000,16,19,1,6
11/12/2000,4,2,5,2
12/12/2000,1,11,4,0
12/12/2000,21,14,2,2
12/12/2000,18,4,2,2
13/12/2000,21,4,3,3
13/12/2000,28,3,3,2
13/12/2000,6,7,0,3
13/12/2000,2,15,2,3
14/12/2000,8,20,1,3
14/12/2000,24,29,5,4
14/12/2000,30,12,1,1
14/12/2000,11,16,3,1
14/12/2000,17,13,3,3
14/12/2000,5,10,4,7
14/12/2000,25,22,5,2
15/12/2000,28,29,2,1
15/12/2000,15,30,2,1
15/12/2000,9,20,4,2
15/12/2000,18,22,2,6
15/12/2000,27,14,3,2
15/12/2000,26,3,5,5
15/12/2000,21,17,3,5
16/12/2000,5,13,1,4
16/12/2000,7,13,3,2
16/12/2000,11,19,3,6
16/12/2000,2,10,3,2
16/12/2000,1,8,2,1
16/12/2000,12,7,5,3
16/12/2000,24,3,6,4
16/12/2000,25,16,4,1
17/12/2000,6,12,4,1
17/12/2000,27,28,1,2
17/12/2000,8,5,4,4
17/12/2000,30,25,6,0
17/12/2000,19,17,2,2
17/12/2000,9,2,6,0
17/12/2000,4,1,6,3
17/12/2000,23,29,4,3
17/12/2000,26,14,3,4
17/12/2000,10,20,5,6
17/12/2000,18,16,0,3
17/12/2000,15,22,4,0
17/12/2000,24,14,3,1
19/12/2000,8,29,0,2
19/12/2000,3,13,6,3
19/12/2000,17,22,4,3
19/12/2000,15,28,3,5
20/12/2000,26,11,6,7
20/12/2000,21,20,0,3
20/12/2000,6,4,4,4
20/12/2000,2,12,2,1
21/12/2000,22,23,3,2
21/12/2000,13,5,2,2
21/12/2000,17,28,0,2
21/12/2000,30,9,2,2
21/12/2000,24,11,2,4
21/12/2000,27,20,4,2
21/12/2000,1,25,4,1
21/12/2000,3,19,3,6
21/12/2000,10,18,1,3
21/12/2000,15,7,2,2
22/12/2000,21,26,5,2
22/12/2000,8,18,4,2
22/12/2000,4,28,4,3
22/12/2000,7,15,1,3
22/12/2000,14,5,1,1
22/12/2000,2,25,1,3
22/12/2000,16,23,6,4
22/12/2000,6,10,4,0
22/12/2000,29,9,3,3
23/12/2000,30,26,4,3
23/12/2000,9,16,2,3
23/12/2000,17,24,2,1
23/12/2000,13,1,0,2
23/12/2000,27,11,5,1
23/12/2000,4,12,2,1
23/12/2000,7,28,5,2
23/12/2000,3,18,2,3
23/12/2000,20,22,1,1
24/12/2000,19,24,5,2
24/12/2000,14,1,1,5
24/12/2000,8,10,2,5
24/12/2000,21,23,3,2
24/12/2000,15,13,5,3
24/12/2000,6,17,1,2
24/12/2000,5,25,2,8
24/12/2000,2,29,5,7
27/12/2000,26,28,1,2
27/12/2000,7,5,3,5
27/12/2000,14,12,3,2
27/12/2000,19,29,5,0
27/12/2000,11,10,5,3
27/12/2000,18,21,5,2
28/12/2000,19,26,2,5
28/12/2000,2,6,2,5
28/12/2000,12,3,4,3
28/12/2000,1,29,2,2
28/12/2000,21,22,3,2
28/12/2000,23,8,3,2
28/12/2000,17,30,3,5
28/12/2000,9,15,1,5
28/12/2000,25,24,3,1
28/12/2000,13,4,2,5
28/12/2000,16,27,1,1
28/12/2000,5,10,5,0
29/12/2000,14,4,4,3
29/12/2000,18,24,2,2
29/12/2000,28,22,2,2
29/12/2000,3,11,1,4
30/12/2000,2,11,5,2
30/12/2000,16,17,3,2
30/12/2000,30,27,2,2
30/12/2000,13,6,3,0
30/12/2000,29,12,3,1
30/12/2000,25,26,1,4
30/12/2000,7,9,2,0
30/12/2000,21,18,3,1
30/12/2000,22,8,3,2
30/12/2000,1,15,4,2
30/12/2000,20,23,5,0
31/12/2000,2,7,0,2
31/12/2000,13,10,1,4
31/12/2000,20,8,5,4
31/12/2000,28,23,3,6
31/12/2000,15,4,6,3
31/12/2000,19,27,2,1
31/12/2000,14,6,1,1
31/12/2000,30,24,3,2
31/12/2000,5,9,5,3
01/01/2001,7,6,3,4
01/01/2001,19,22,5,2
01/01/2001,15,11,4,2
01/01/2001,18,23,2,5
01/01/2001,12,16,2,1
01/01/2001,14,10,2,3
01/01/2001,29,1,3,6
01/01/2001,17,26,2,1
01/01/2001,25,3,6,1
02/01/2001,27,28,2,3
03/01/2001,9,19,3,1
03/01/2001,1,4,1,1
03/01/2001,21,26,6,2
03/01/2001,2,8,0,3
04/01/2001,5,15,3,2
04/01/2001,29,22,5,2
04/01/2001,12,14,3,2
04/01/2001,10,7,1,1
04/01/2001,28,20,0,1
04/01/2001,24,13,3,2
04/01/2001,30,11,1,1
04/01/2001,16,23,6,0
05/01/2001,19,18,2,4
05/01/2001,21,28,2,2
05/01/2001,26,13,3,4
05/01/2001,1,2,4,2
05/01/2001,17,25,4,2
05/01/2001,27,3,3,1
05/01/2001,9,14,8,3
06/01/2001,5,8,3,4
06/01/2001,11,4,4,6
06/01/2001,30,17,3,2
06/01/2001,15,6,1,1
06/01/2001,16,22,1,2
06/01/2001,3,1,5,5
06/01/2001,7,10,3,3
06/01/2001,24,20,4,4
07/01/2001,19,30,5,1
07/01/2001,23,29,4,3
07/01/2001,22,29,4,2
07/01/2001,12,21,2,2
07/01/2001,4,11,2,2
07/01/2001,26,20,5,0
07/01/2001,9,8,4,3
07/01/2001,28,13,3,1
07/01/2001,12,2,5,2
07/01/2001,2,27,1,2
07/01/2001,10,15,2,3
07/01/2001,18,7,0,2
07/01/2001,6,25,0,4
08/01/2001,16,14,7,4
08/01/2001,17,21,4,3
09/01/2001,23,18,2,1
09/01/2001,15,5,3,5
09/01/2001,3,25,1,2
09/01/2001,19,4,1,2
10/01/2001,6,5,5,2
10/01/2001,2,16,3,6
10/01/2001,28,7,2,1
10/01/2001,17,27,2,2
10/01/2001,12,13,7,3
11/01/2001,24,19,2,4
11/01/2001,10,14,1,3
11/01/2001,8,6,1,2
11/01/2001,29,21,2,4
11/01/2001,30,15,3,0
11/01/2001,1,27,5,1
11/01/2001,11,25,2,3
11/01/2001,23,9,1,5
11/01/2001,22,18,2,5
12/01/2001,20,18,2,1
12/01/2001,26,7,3,2
12/01/2001,28,19,6,3
13/01/2001,30,21,0,5
13/01/2001,14,4,0,3
13/01/2001,26,19,2,4
13/01/2001,11,8,0,3
13/01/2001,6,3,4,1
13/01/2001,10,27,3,2
13/01/2001,13,12,2,2
13/01/2001,25,17,2,3
13/01/2001,29,16,1,3
13/01/2001,5,2,4,3
13/01/2001,24,7,0,4
13/01/2001,22,23,2,3
14/01/2001,28,18,3,5
14/01/2001,1,10,4,4
14/01/2001,8,27,5,2
14/01/2001,13,4,1,4
14/01/2001,20,9,2,5
14/01/2001,12,24,4,0
14/01/2001,14,25,2,3
14/01/2001,22,9,4,1
14/01/2001,2,5,6,5
14/01/2001,15,11,4,1
15/01/2001,3,30,4,2
15/01/2001,23,20,5,1
15/01/2001,16,21,2,2
15/01/2001,5,24,3,2
15/01/2001,28,17,2,3
16/01/2001,13,25,2,0
16/01/2001,27,19,3,1
16/01/2001,29,30,3,0
17/01/2001,8,12,2,3
17/01/2001,1,6,4,5
17/01/2001,7,14,3,1
17/01/2001,21,2,4,1
17/01/2001,18,22,1,2
17/01/2001,23,17,2,4
17/01/2001,9,26,6,7
17/01/2001,3,4,4,3
18/01/2001,30,29,3,2
18/01/2001,25,18,4,3
18/01/2001,16,13,5,0
18/01/2001,11,24,2,5
18/01/2001,28,20,4,4
18/01/2001,10,26,1,2
18/01/2001,27,5,5,4
19/01/2001,4,1,1,7
19/01/2001,12,6,4,2
19/01/2001,8,14,3,1
19/01/2001,21,23,7,3
19/01/2001,9,15,5,4
19/01/2001,19,22,4,1
19/01/2001,3,10,2,1
20/01/2001,18,6,1,0
20/01/2001,30,2,3,2
20/01/2001,12,26,3,6
20/01/2001,16,15,3,1
20/01/2001,7,13,1,0
20/01/2001,28,21,1,2
20/01/2001,25,5,6,5
20/01/2001,24,27,3,4
20/01/2001,1,11,3,2
21/01/2001,11,2,4,4
21/01/2001,20,17,4,2
21/01/2001,24,21,2,4
21/01/2001,27,25,5,2
21/01/2001,9,14,3,0
21/01/2001,4,13,5,3
21/01/2001,18,19,3,1
21/01/2001,19,23,3,0
21/01/2001,10,7,2,0
21/01/2001,22,17,2,1
21/01/2001,8,3,2,2
21/01/2001,30,1,2,4
22/01/2001,29,14,3,1
22/01/2001,16,5,0,4
23/01/2001,4,26,3,0
23/01/2001,25,23,2,1
23/01/2001,22,28,2,2
23/01/2001,6,13,2,3
23/01/2001,12,3,2,5
24/01/2001,20,27,2,4
24/01/2001,14,15,2,5
24/01/2001,7,29,1,2
24/01/2001,8,19,2,5
24/01/2001,2,9,2,3
24/01/2001,18,11,4,3
25/01/2001,25,1,1,4
25/01/2001,24,30,0,5
25/01/2001,15,13,2,1
25/01/2001,5,8,3,1
25/01/2001,10,6,1,2
25/01/2001,17,18,4,3
25/01/2001,23,27,6,2
25/01/2001,3,12,2,3
25/01/2001,28,22,6,1
26/01/2001,11,10,1,2
26/01/2001,26,20,0,3
26/01/2001,19,1,4,3
26/01/2001,14,9,2,5
26/01/2001,16,4,1,5
27/01/2001,22,27,1,1
27/01/2001,3,2,2,3
27/01/2001,13,9,4,5
27/01/2001,25,28,1,2
27/01/2001,8,15,4,2
27/01/2001,17,24,3,2
27/01/2001,26,30,1,4
27/01/2001,12,4,3,4
27/01/2001,7,6,1,2
27/01/2001,21,16,5,2
28/01/2001,19,28,3,4
28/01/2001,10,3,3,1
28/01/2001,15,4,4,2
28/01/2001,8,9,4,1
28/01/2001,2,7,1,2
28/01/2001,20,23,3,5
28/01/2001,5,11,5,1
28/01/2001,6,1,4,3
28/01/2001,18,21,1,5
28/01/2001,13,14,3,2
28/01/2001,29,24,2,1
29/01/2001,23,16,2,6
30/01/2001,20,22,3,5
30/01/2001,27,18,2,5
30/01/2001,19,10,2,1
30/01/2001,12,14,5,2
30/01/2001,3,11,2,7
31/01/2001,11,5,3,6
31/01/2001,15,9,1,1
31/01/2001,1,17,3,1
31/01/2001,14,13,4,3
31/01/2001,6,19,5,1
31/01/2001,28,21,1,3
31/01/2001,26,25,8,0
31/01/2001,23,30,3,2
01/02/2001,24,18,0,3
01/02/2001,22,16,3,2
01/02/2001,5,4,1,5
01/02/2001,29,17,2,3
01/02/2001,2,1,3,2
01/02/2001,3,8,4,2
01/02/2001,28,25,2,4
01/02/2001,12,10,3,4
01/02/2001,13,7,5,2
02/02/2001,4,2,2,0
02/02/2001,26,18,4,6
02/02/2001,11,12,1,3
02/02/2001,20,16,5,3
02/02/2001,15,10,5,4
02/02/2001,19,29,2,2
02/02/2001,14,7,4,2
02/02/2001,23,21,5,3
02/02/2001,27,24,2,4
02/02/2001,6,8,0,3
07/02/2001,26,16,3,3
07/02/2001,8,1,0,4
07/02/2001,3,7,3,6
07/02/2001,29,19,2,2
07/02/2001,17,9,4,2
07/02/2001,20,28,1,1
07/02/2001,6,4,4,3
07/02/2001,14,30,2,4
08/02/2001,5,4,9,4
08/02/2001,24,16,2,3
08/02/2001,13,30,2,1
08/02/2001,25,22,3,2
08/02/2001,10,11,7,1
08/02/2001,7,2,2,1
08/02/2001,27,12,1,2
08/02/2001,21,15,1,3
09/02/2001,23,28,0,0
09/02/2001,26,12,4,2
09/02/2001,19,14,4,1
09/02/2001,18,29,3,1
09/02/2001,9,1,4,4
09/02/2001,17,10,2,1
10/02/2001,25,30,1,2
10/02/2001,27,22,2,0
10/02/2001,24,15,3,4
10/02/2001,5,1,5,4
10/02/2001,13,3,2,4
10/02/2001,21,20,3,5
10/02/2001,21,19,3,4
10/02/2001,2,4,2,5
10/02/2001,11,6,5,1
11/02/2001,29,18,3,2
11/02/2001,23,20,1,4
11/02/2001,6,14,6,2
11/02/2001,28,16,3,2
11/02/2001,9,7,1,2
11/02/2001,8,2,5,3
11/02/2001,30,5,4,2
11/02/2001,26,15,3,4
11/02/2001,10,17,3,3
11/02/2001,11,13,3,7
11/02/2001,3,1,1,1
11/02/2001,24,12,2,2
12/02/2001,7,8,3,4
12/02/2001,27,16,3,2
12/02/2001,25,19,3,3
13/02/2001,9,2,3,1
13/02/2001,26,22,3,6
13/02/2001,20,15,4,4
13/02/2001,29,3,3,4
14/02/2001,8,21,2,3
14/02/2001,18,25,1,2
14/02/2001,11,7,5,4
14/02/2001,14,27,2,5
15/02/2001,16,28,0,7
15/02/2001,17,12,4,3
15/02/2001,24,22,3,3
15/02/2001,5,30,2,1
15/02/2001,2,4,1,3
15/02/2001,13,27,4,3
15/02/2001,25,26,4,2
15/02/2001,1,9,2,3
15/02/2001,23,15,3,4
15/02/2001,10,29,2,2
16/02/2001,14,6,3,6
16/02/2001,9,21,4,1
16/02/2001,4,10,5,2
16/02/2001,7,11,3,1
16/02/2001,19,20,4,1
17/02/2001,12,27,0,2
17/02/2001,25,24,3,2
17/02/2001,18,28,0,2
17/02/2001,1,5,4,4
17/02/2001,13,6,2,1
17/02/2001,22,2,2,4
17/02/2001,30,26,0,4
17/02/2001,17,29,4,2
17/02/2001,16,19,6,2
18/02/2001,8,15,3,6
18/02/2001,18,14,3,2
18/02/2001,10,21,5,5
18/02/2001,7,1,5,1
18/02/2001,12,6,5,4
18/02/2001,29,5,2,3
18/02/2001,14,3,4,5
18/02/2001,30,28,3,1
18/02/2001,22,23,5,6
18/02/2001,16,26,3,0
18/02/2001,4,11,5,1
19/02/2001,9,8,4,0
19/02/2001,27,20,1,4
19/02/2001,25,17,1,2
19/02/2001,3,16,4,2
19/02/2001,5,21,1,5
19/02/2001,23,2,3,2
20/02/2001,22,26,5,0
20/02/2001,4,12,4,0
20/02/2001,10,1,0,2
20/02/2001,7,9,2,0
20/02/2001,24,20,6,2
20/02/2001,13,19,3,0
21/02/2001,18,17,3,3
21/02/2001,28,29,3,2
21/02/2001,14,19,3,2
22/02/2001,21,6,8,2
22/02/2001,5,13,3,2
22/02/2001,16,17,3,7
22/02/2001,27,29,3,2
22/02/2001,24,28,1,0
22/02/2001,25,30,6,2
22/02/2001,8,23,1,2
22/02/2001,15,18,2,1
22/02/2001,12,11,6,3
23/02/2001,1,7,0,1
23/02/2001,2,4,4,3
23/02/2001,10,23,4,1
23/02/2001,20,26,0,2
23/02/2001,9,13,4,2
24/02/2001,2,13,5,4
24/02/2001,26,29,3,1
24/02/2001,15,8,3,1
24/02/2001,7,27,3,7
24/02/2001,28,24,3,1
24/02/2001,17,19,4,2
24/02/2001,25,6,5,4
24/02/2001,9,23,3,0
24/02/2001,5,3,6,4
24/02/2001,4,14,0,0
24/02/2001,16,11,1,0
24/02/2001,21,30,4,1
24/02/2001,12,1,3,2
25/02/2001,5,2,6,1
25/02/2001,22,25,3,2
25/02/2001,20,22,1,3
25/02/2001,18,30,2,1
25/02/2001,7,14,5,4
25/02/2001,17,27,6,3
25/02/2001,12,15,1,2
25/02/2001,21,11,5,2
25/02/2001,24,29,2,5
25/02/2001,19,6,3,2
25/02/2001,10,8,5,1
26/02/2001,4,3,2,1
26/02/2001,16,10,6,4
27/02/2001,30,23,2,5
27/02/2001,3,9,2,3
27/02/2001,20,25,3,2
27/02/2001,19,28,7,2
27/02/2001,1,13,5,3
28/02/2001,18,26,1,2
28/02/2001,4,8,2,3
28/02/2001,15,16,2,3
28/02/2001,9,7,1,4
28/02/2001,11,12,1,1
28/02/2001,2,1,1,4
28/02/2001,6,27,7,4
01/03/2001,10,28,2,1
01/03/2001,8,5,4,2
01/03/2001,3,13,4,2
01/03/2001,22,19,5,3
01/03/2001,24,17,1,3
01/03/2001,23,25,5,4
01/03/2001,29,27,5,2
02/03/2001,9,28,8,4
02/03/2001,4,7,2,0
02/03/2001,20,30,1,1
02/03/2001,6,14,3,1
02/03/2001,18,29,2,5
02/03/2001,2,12,1,3
02/03/2001,16,26,2,2
02/03/2001,15,10,2,3
03/03/2001,6,28,3,2
03/03/2001,22,30,3,1
03/03/2001,27,17,2,2
03/03/2001,24,25,2,5
03/03/2001,3,5,5,7
03/03/2001,13,11,3,4
03/03/2001,21,7,2,3
03/03/2001,1,12,7,3
03/03/2001,23,19,3,2
04/03/2001,27,21,0,5
04/03/2001,18,3,5,2
04/03/2001,2,14,0,6
04/03/2001,15,5,4,3
04/03/2001,25,7,4,1
04/03/2001,24,26,4,0
04/03/2001,26,17,6,3
04/03/2001,11,13,2,2
04/03/2001,16,12,3,6
04/03/2001,1,14,6,0
04/03/2001,10,9,2,3
04/03/2001,20,19,3,2
04/03/2001,8,4,3,1
05/03/2001,23,30,3,4
06/03/2001,3,2,2,5
06/03/2001,4,6,6,4
07/03/2001,26,8,4,3
07/03/2001,14,28,2,1
07/03/2001,23,17,3,4
07/03/2001,27,18,5,1
07/03/2001,20,10,1,3
07/03/2001,6,7,1,3
07/03/2001,11,21,2,4
07/03/2001,2,15,1,5
07/03/2001,1,9,3,2
07/03/2001,30,19,3,3
08/03/2001,24,8,4,2
08/03/2001,13,28,3,3
08/03/2001,25,16,1,4
08/03/2001,5,15,3,4
08/03/2001,12,29,2,1
08/03/2001,22,10,4,0
09/03/2001,19,21,2,5
09/03/2001,4,20,5,2
09/03/2001,14,12,1,0
09/03/2001,6,9,3,5
09/03/2001,11,5,3,5
09/03/2001,27,23,3,2
09/03/2001,26,18,4,1
09/03/2001,1,30,6,2
10/03/2001,13,29,6,7
10/03/2001,6,11,5,7
10/03/2001,4,1,2,3
10/03/2001,27,8,3,3
10/03/2001,19,17,2,2
10/03/2001,15,3,5,3
10/03/2001,25,21,3,2
10/03/2001,7,22,0,4
10/03/2001,2,30,1,4
10/03/2001,24,16,3,1
11/03/2001,28,18,0,3
11/03/2001,21,25,3,2
11/03/2001,15,9,6,5
11/03/2001,2,13,1,4
11/03/2001,30,17,2,3
11/03/2001,9,3,2,3
11/03/2001,26,16,2,2
11/03/2001,14,29,4,1
11/03/2001,5,20,6,3
11/03/2001,24,18,1,0
11/03/2001,12,22,2,3
11/03/2001,23,10,3,3
12/03/2001,11,20,3,3
13/03/2001,28,8,3,0
13/03/2001,3,5,3,3
14/03/2001,15,24,0,2
14/03/2001,17,23,2,2
14/03/2001,14,22,4,5
14/03/2001,21,1,3,6
14/03/2001,4,19,5,2
14/03/2001,16,25,0,3
15/03/2001,13,22,2,2
15/03/2001,28,26,1,4
15/03/2001,27,1,2,3
15/03/2001,7,3,6,3
15/03/2001,12,8,3,6
15/03/2001,5,2,1,3
15/03/2001,29,20,3,0
15/03/2001,30,19,0,1
15/03/2001,9,11,8,1
15/03/2001,10,24,3,2
16/03/2001,4,30,3,0
16/03/2001,6,23,2,2
16/03/2001,16,18,3,2
16/03/2001,17,20,5,2
16/03/2001,14,10,3,2
16/03/2001,15,12,0,3
17/03/2001,9,24,4,1
17/03/2001,7,23,4,2
17/03/2001,4,3,2,1
17/03/2001,25,27,1,1
17/03/2001,11,29,0,3
17/03/2001,13,5,3,6
17/03/2001,21,17,5,3
17/03/2001,26,28,1,0
18/03/2001,28,17,4,6
18/03/2001,29,2,3,3
18/03/2001,14,5,5,1
18/03/2001,22,1,5,6
18/03/2001,13,10,3,5
18/03/2001,25,9,5,1
18/03/2001,16,24,1,4
18/03/2001,20,19,2,2
18/03/2001,15,7,2,3
18/03/2001,21,30,4,3
18/03/2001,8,6,2,3
18/03/2001,12,2,2,1
18/03/2001,11,23,3,5
18/03/2001,18,27,4,1
20/03/2001,29,18,1,2
20/03/2001,20,1,2,4
20/03/2001,3,15,6,3
20/03/2001,30,25,1,4
20/03/2001,22,4,2,4
20/03/2001,26,27,6,2
21/03/2001,5,6,2,2
21/03/2001,7,10,3,0
21/03/2001,21,28,4,1
21/03/2001,8,13,3,3
21/03/2001,19,2,3,4
22/03/2001,11,14,3,4
22/03/2001,10,13,1,3
22/03/2001,25,24,8,0
22/03/2001,30,18,0,0
22/03/2001,29,23,1,1
22/03/2001,26,22,0,7
22/03/2001,27,9,2,5
22/03/2001,12,7,1,0
22/03/2001,1,3,4,0
23/03/2001,6,8,3,2
23/03/2001,16,18,1,2
23/03/2001,17,30,4,2
23/03/2001,14,11,0,2
23/03/2001,19,21,1,3
23/03/2001,28,9,1,2
23/03/2001,20,4,3,1
24/03/2001,29,20,6,4
24/03/2001,12,5,5,3
24/03/2001,25,2,2,1
24/03/2001,1,23,4,0
24/03/2001,3,17,0,6
24/03/2001,13,15,4,1
24/03/2001,6,21,2,4
24/03/2001,26,24,3,3
24/03/2001,19,16,5,1
25/03/2001,7,12,3,1
25/03/2001,1,5,2,4
25/03/2001,27,22,7,4
25/03/2001,16,20,1,3
25/03/2001,8,11,2,3
25/03/2001,10,4,5,3
25/03/2001,14,15,2,3
25/03/2001,18,9,0,4
25/03/2001,30,23,2,2
26/03/2001,3,6,2,3
26/03/2001,25,19,1,1
26/03/2001,27,2,2,2
27/03/2001,11,7,0,4
27/03/2001,26,28,0,0
27/03/2001,9,4,3,3
27/03/2001,12,8,2,4
27/03/2001,22,29,4,2
28/03/2001,5,7,4,1
28/03/2001,14,1,1,7
28/03/2001,28,26,3,2
28/03/2001,20,29,3,0
29/03/2001,11,1,2,4
29/03/2001,3,2,4,2
29/03/2001,15,12,7,0
29/03/2001,10,6,0,3
29/03/2001,30,27,0,2
29/03/2001,13,8,2,2
29/03/2001,22,21,4,1
29/03/2001,23,25,1,3
29/03/2001,17,19,5,2
29/03/2001,16,9,2,5
30/03/2001,20,21,0,1
30/03/2001,2,3,4,6
30/03/2001,26,29,3,0
30/03/2001,4,10,1,2
30/03/2001,14,8,2,6
30/03/2001,28,24,7,4
30/03/2001,5,16,5,2
30/03/2001,18,27,4,3
31/03/2001,26,21,4,0
31/03/2001,12,15,4,3
31/03/2001,4,17,1,0
31/03/2001,7,11,4,0
31/03/2001,22,25,4,5
31/03/2001,1,3,3,4
31/03/2001,5,19,5,3
31/03/2001,13,14,2,4
31/03/2001,9,6,5,4
31/03/2001,23,24,2,2
01/04/2001,17,15,2,1
01/04/2001,27,28,3,1
01/04/2001,29,19,2,1
01/04/2001,11,3,2,4
01/04/2001,18,30,4,1
01/04/2001,6,2,4,2
01/04/2001,14,7,2,4
01/04/2001,8,10,4,1
01/04/2001,16,22,3,3
01/04/2001,20,25,0,2
01/04/2001,9,12,2,3
01/04/2001,24,23,2,1
02/04/2001,26,23,3,1
02/04/2001,25,20,4,4
02/04/2001,6,8,3,2
02/04/2001,28,30,4,2
02/04/2001,2,5,4,1
02/04/2001,13,7,3,5
02/04/2001,21,22,5,3
02/04/2001,1,16,4,3
03/04/2001,4,13,1,2
03/04/2001,27,26,2,2
03/04/2001,11,9,5,2
03/04/2001,19,12,2,2
03/04/2001,29,17,2,1
03/04/2001,15,1,4,6
04/04/2001,22,30,2,2
04/04/2001,21,24,1,1
04/04/2001,5,14,4,2
04/04/2001,16,20,2,5
04/04/2001,7,6,2,3
04/04/2001,10,2,4,2
04/04/2001,3,12,1,3
04/04/2001,25,18,5,1
05/04/2001,15,13,3,0
05/04/2001,19,29,4,1
05/04/2001,23,26,3,2
05/04/2001,14,3,3,4
05/04/2001,8,4,3,2
05/04/2001,17,11,4,0
05/04/2001,28,27,3,0
05/04/2001,18,20,4,0
06/04/2001,16,10,0,1
06/04/2001,2,9,3,4
06/04/2001,24,27,2,5
06/04/2001,12,11,3,2
06/04/2001,1,6,5,2
06/04/2001,30,29,3,2
07/04/2001,20,26,2,3
07/04/2001,9,10,5,3
07/04/2001,4,5,4,3
07/04/2001,13,3,3,0
07/04/2001,28,25,4,5
07/04/2001,6,2,4,2
07/04/2001,17,21,4,3
07/04/2001,8,1,0,2
07/04/2001,7,15,2,1
07/04/2001,23,22,2,4
07/04/2001,19,18,1,0
08/04/2001,15,14,2,1
08/04/2001,30,21,2,4
08/04/2001,24,28,1,4
08/04/2001,7,4,1,2
08/04/2001,12,5,4,6
08/04/2001,29,16,4,3
03/10/2001,10,9,4,5
04/10/2001,5,21,1,3
04/10/2001,6,24,4,2
04/10/2001,20,22,1,0
04/10/2001,9,8,4,6
04/10/2001,4,13,5,2
04/10/2001,7,11,1,2
04/10/2001,29,19,3,3
05/10/2001,12,3,3,1
05/10/2001,14,2,2,3
05/10/2001,23,16,4,5
05/10/2001,28,17,3,4
05/10/2001,26,27,2,2
06/10/2001,5,24,2,4
06/10/2001,6,11,4,3
06/10/2001,25,18,4,1
06/10/2001,15,1,6,1
06/10/2001,8,10,2,2
06/10/2001,7,9,3,2
06/10/2001,4,29,3,3
06/10/2001,13,2,0,3
06/10/2001,28,30,0,0
07/10/2001,18,19,2,2
07/10/2001,3,7,5,4
07/10/2001,23,17,1,4
07/10/2001,14,13,0,5
07/10/2001,20,16,4,0
07/10/2001,12,25,3,0
07/10/2001,22,27,6,2
08/10/2001,29,4,2,2
08/10/2001,26,30,3,4
08/10/2001,6,15,4,0
08/10/2001,10,24,6,1
09/10/2001,12,9,2,6
09/10/2001,8,24,3,1
09/10/2001,20,27,1,2
10/10/2001,5,2,3,6
10/10/2001,21,23,5,4
10/10/2001,17,20,2,4
10/10/2001,7,4,2,1
10/10/2001,22,16,1,0
10/10/2001,13,9,0,2
10/10/2001,25,26,2,1
11/10/2001,30,6,2,1
11/10/2001,3,15,2,5
11/10/2001,19,26,5,6
11/10/2001,1,2,4,6
11/10/2001,12,10,2,3
12/10/2001,17,7,4,2
12/10/2001,25,23,1,4
12/10/2001,22,21,5,3
12/10/2001,18,20,1,0
12/10/2001,16,27,3,0
12/10/2001,29,8,1,3
12/10/2001,28,14,4,3
13/10/2001,24,15,2,1
13/10/2001,30,16,6,4
13/10/2001,13,4,2,5
13/10/2001,2,17,4,5
13/10/2001,8,1,3,1
13/10/2001,11,12,2,5
13/10/2001,10,19,2,5
13/10/2001,9,3,2,2
14/10/2001,18,22,3,4
14/10/2001,27,15,5,2
14/10/2001,28,6,3,2
14/10/2001,30,22,3,3
14/10/2001,25,20,3,4
14/10/2001,26,14,0,1
14/10/2001,7,5,4,1
14/10/2001,23,21,4,0
15/10/2001,8,3,1,2
15/10/2001,24,14,2,3
15/10/2001,16,29,2,2
16/10/2001,17,29,4,3
16/10/2001,5,9,5,2
16/10/2001,11,4,3,3
16/10/2001,7,18,3,3
17/10/2001,21,14,2,1
17/10/2001,26,15,2,3
17/10/2001,3,1,4,3
17/10/2001,30,28,3,3
17/10/2001,22,10,1,4
17/10/2001,27,6,1,1
17/10/2001,23,13,2,2
17/10/2001,12,2,0,4
18/10/2001,19,25,2,2
18/10/2001,17,4,3,2
18/10/2001,2,12,2,1
18/10/2001,1,28,6,1
18/10/2001,24,6,2,2
18/10/2001,9,5,0,3
19/10/2001,23,10,5,6
19/10/2001,20,13,3,1
19/10/2001,15,8,4,1
19/10/2001,21,22,1,4
19/10/2001,7,29,1,3
19/10/2001,18,16,3,5
19/10/2001,26,24,4,1
19/10/2001,25,27,3,1
19/10/2001,11,3,3,4
20/10/2001,8,7,1,3
20/10/2001,29,21,0,5
20/10/2001,2,28,2,2
20/10/2001,17,26,3,2
20/10/2001,20,10,4,1
20/10/2001,4,15,6,3
20/10/2001,14,3,5,2
20/10/2001,30,19,2,3
20/10/2001,12,11,2,1
20/10/2001,1,9,3,2
21/10/2001,19,5,2,1
21/10/2001,27,23,5,2
21/10/2001,22,13,6,2
21/10/2001,25,16,2,2
21/10/2001,18,6,1,2
22/10/2001,3,28,1,5
22/10/2001,24,23,3,1
22/10/2001,16,21,4,2
23/10/2001,11,5,2,4
23/10/2001,14,15,1,1
23/10/2001,10,6,2,0
23/10/2001,22,18,2,4
23/10/2001,9,1,1,2
23/10/2001,19,20,2,3
23/10/2001,29,26,1,7
24/10/2001,21,12,5,1
24/10/2001,7,28,4,1
24/10/2001,23,18,4,2
24/10/2001,17,22,4,1
24/10/2001,13,15,3,4
24/10/2001,16,20,6,3
25/10/2001,29,22,2,5
25/10/2001,14,26,3,0
25/10/2001,30,12,3,7
25/10/2001,19,3,5,1
25/10/2001,4,9,2,7
25/10/2001,6,10,2,1
25/10/2001,27,24,2,3
25/10/2001,5,25,3,2
26/10/2001,16,28,4,2
26/10/2001,13,26,3,2
26/10/2001,17,25,3,5
26/10/2001,7,8,2,5
26/10/2001,21,23,4,1
26/10/2001,12,2,2,3
26/10/2001,20,18,4,5
26/10/2001,11,15,1,0
27/10/2001,9,19,4,1
27/10/2001,10,5,4,0
27/10/2001,8,4,1,5
27/10/2001,11,14,4,3
27/10/2001,6,3,1,2
27/10/2001,1,7,3,1
27/10/2001,27,21,1,0
28/10/2001,12,26,3,2
28/10/2001,2,25,3,2
28/10/2001,18,17,0,1
28/10/2001,28,29,2,0
28/10/2001,20,30,4,2
28/10/2001,22,23,3,2
29/10/2001,24,21,2,3
29/10/2001,5,13,2,2
29/10/2001,16,6,3,3
30/10/2001,3,25,4,2
31/10/2001,7,27,2,3
31/10/2001,18,30,2,4
31/10/2001,2,13,3,2
31/10/2001,11,9,3,6
31/10/2001,10,14,3,2
31/10/2001,12,17,2,5
31/10/2001,6,1,3,4
31/10/2001,22,8,3,1
31/10/2001,16,26,5,1
31/10/2001,15,4,0,3
31/10/2001,23,29,3,1
01/11/2001,21,19,0,1
01/11/2001,3,13,1,3
01/11/2001,4,5,3,0
01/11/2001,24,28,2,4
01/11/2001,30,18,4,6
01/11/2001,25,17,3,4
02/11/2001,1,27,5,2
02/11/2001,28,11,5,2
02/11/2001,19,12,4,3
02/11/2001,5,10,3,1
02/11/2001,23,8,4,0
02/11/2001,20,29,2,1
02/11/2001,26,16,2,3
03/11/2001,22,29,1,2
03/11/2001,7,14,4,1
03/11/2001,1,6,1,2
03/11/2001,15,27,2,2
03/11/2001,30,21,4,2
03/11/2001,12,3,3,2
03/11/2001,24,16,5,2
03/11/2001,26,11,4,1
03/11/2001,25,18,3,0
03/11/2001,17,2,2,1
04/11/2001,4,2,1,2
04/11/2001,10,21,4,1
04/11/2001,9,7,3,0
04/11/2001,18,25,4,1
04/11/2001,5,14,2,1
04/11/2001,19,15,4,1
04/11/2001,20,8,6,2
04/11/2001,13,3,3,5
04/11/2001,12,27,1,0
04/11/2001,30,22,0,2
04/11/2001,28,23,5,1
05/11/2001,16,17,5,4
05/11/2001,24,11,5,0
07/11/2001,10,15,4,2
07/11/2001,3,30,3,1
07/11/2001,6,22,1,0
07/11/2001,16,4,2,1
07/11/2001,29,23,2,3
07/11/2001,12,5,2,2
07/11/2001,19,28,1,4
07/11/2001,8,21,1,1
07/11/2001,2,14,3,0
08/11/2001,27,17,1,3
08/11/2001,25,28,2,2
08/11/2001,13,5,2,0
08/11/2001,24,20,3,3
08/11/2001,1,11,3,2
09/11/2001,2,3,2,6
09/11/2001,19,23,3,1
09/11/2001,8,18,3,1
09/11/2001,9,21,1,0
09/11/2001,14,4,1,2
09/11/2001,26,20,2,3
09/11/2001,7,11,8,0
09/11/2001,6,30,3,5
09/11/2001,15,12,2,3
10/11/2001,12,28,3,2
10/11/2001,29,22,0,3
10/11/2001,16,23,3,1
10/11/2001,24,17,0,1
10/11/2001,25,27,1,5
10/11/2001,1,10,3,2
11/11/2001,6,29,1,5
11/11/2001,15,11,3,0
11/11/2001,20,21,2,0
11/11/2001,9,18,3,2
11/11/2001,26,17,3,2
11/11/2001,14,5,3,2
11/11/2001,8,2,3,2
11/11/2001,13,4,2,3
11/11/2001,19,27,4,1
11/11/2001,30,23,0,5
11/11/2001,12,22,1,1
11/11/2001,10,1,1,1
11/11/2001,7,3,2,4
12/11/2001,16,28,3,2
12/11/2001,3,8,3,2
12/11/2001,24,25,2,2
13/11/2001,13,7,3,5
14/11/2001,15,9,5,11
14/11/2001,30,11,4,2
14/11/2001,23,16,3,2
14/11/2001,6,8,5,3
14/11/2001,18,7,4,1
14/11/2001,29,19,3,2
14/11/2001,1,5,1,5
14/11/2001,27,22,4,5
14/11/2001,17,12,4,3
15/11/2001,24,28,2,4
15/11/2001,3,4,4,2
15/11/2001,21,30,1,0
15/11/2001,5,2,3,3
15/11/2001,13,10,2,3
16/11/2001,27,28,5,3
16/11/2001,14,10,2,3
16/11/2001,23,19,2,1
16/11/2001,6,1,5,4
16/11/2001,4,15,5,0
16/11/2001,26,25,3,4
16/11/2001,20,16,2,2
16/11/2001,9,12,1,1
17/11/2001,29,24,3,2
17/11/2001,17,30,8,3
17/11/2001,21,2,1,0
17/11/2001,14,12,2,0
17/11/2001,11,18,4,4
17/11/2001,1,4,1,3
17/11/2001,7,13,0,2
17/11/2001,22,16,7,1
18/11/2001,27,2,6,1
18/11/2001,1,21,0,2
18/11/2001,28,25,2,3
18/11/2001,6,7,3,1
18/11/2001,17,26,4,2
18/11/2001,20,19,2,0
18/11/2001,23,22,2,2
18/11/2001,9,10,2,1
18/11/2001,30,26,2,2
18/11/2001,18,29,3,2
18/11/2001,5,3,1,0
18/11/2001,8,13,1,0
18/11/2001,15,24,4,1
19/11/2001,3,11,6,2
20/11/2001,25,2,2,3
20/11/2001,10,13,5,1
20/11/2001,11,7,3,2
20/11/2001,12,29,5,2
21/11/2001,27,30,2,1
21/11/2001,3,21,5,3
21/11/2001,9,23,3,0
21/11/2001,17,18,6,3
21/11/2001,14,24,3,2
21/11/2001,22,19,2,0
21/11/2001,4,1,3,3
21/11/2001,8,6,3,2
21/11/2001,20,26,5,5
22/11/2001,5,23,1,4
22/11/2001,28,30,0,2
22/11/2001,7,10,4,2
22/11/2001,18,16,4,3
22/11/2001,29,17,0,1
22/11/2001,2,21,5,4
22/11/2001,13,24,6,0
22/11/2001,25,12,4,4
22/11/2001,15,14,3,2
23/11/2001,11,8,2,5
23/11/2001,30,27,5,2
23/11/2001,6,23,3,2
23/11/2001,22,26,2,4
23/11/2001,9,20,4,4
24/11/2001,29,16,2,2
24/11/2001,14,1,2,0
24/11/2001,25,4,3,3
24/11/2001,17,19,3,1
24/11/2001,7,20,5,2
24/11/2001,9,11,3,6
24/11/2001,2,10,3,1
24/11/2001,15,3,6,2
24/11/2001,18,5,5,0
24/11/2001,26,28,3,1
25/11/2001,13,1,1,5
25/11/2001,3,24,2,3
25/11/2001,21,22,2,0
25/11/2001,8,15,5,3
25/11/2001,29,20,4,3
25/11/2001,10,6,2,0
25/11/2001,17,16,4,4
25/11/2001,5,7,3,1
25/11/2001,2,24,5,3
25/11/2001,12,14,0,4
25/11/2001,30,25,3,4
25/11/2001,19,27,5,3
26/11/2001,4,23,1,4
28/11/2001,2,15,5,5
28/11/2001,7,3,2,2
28/11/2001,8,11,5,1
28/11/2001,17,20,4,2
28/11/2001,10,12,2,5
28/11/2001,6,14,6,3
28/11/2001,21,13,4,1
28/11/2001,29,27,3,0
28/11/2001,19,9,4,2
28/11/2001,28,18,3,2
28/11/2001,30,23,2,1
28/11/2001,5,1,6,0
29/11/2001,24,22,0,2
29/11/2001,16,23,3,3
29/11/2001,15,7,2,5
30/11/2001,14,11,5,2
30/11/2001,30,13,6,0
30/11/2001,29,19,1,3
30/11/2001,27,18,1,0
30/11/2001,4,6,2,3
30/11/2001,26,22,1,3
30/11/2001,2,8,1,1
30/11/2001,28,5,5,0
30/11/2001,20,25,0,3
30/11/2001,3,12,5,0
01/12/2001,17,1,4,2
01/12/2001,26,18,4,2
01/12/2001,16,10,1,2
01/12/2001,15,12,6,2
01/12/2001,24,28,2,5
01/12/2001,13,11,2,5
01/12/2001,23,21,2,5
02/12/2001,1,17,4,1
02/12/2001,8,3,1,3
02/12/2001,2,7,2,4
02/12/2001,22,25,4,6
02/12/2001,19,29,4,3
02/12/2001,4,14,2,0
02/12/2001,12,15,3,4
02/12/2001,20,21,2,2
02/12/2001,10,16,4,1
02/12/2001,9,6,2,1
02/12/2001,27,5,5,2
03/12/2001,3,14,1,0
03/12/2001,23,25,2,4
03/12/2001,24,18,4,2
03/12/2001,30,19,4,4
04/12/2001,21,9,4,2
04/12/2001,26,20,0,2
04/12/2001,8,16,2,3
05/12/2001,15,3,5,2
05/12/2001,11,6,2,3
05/12/2001,12,7,2,4
05/12/2001,1,14,1,1
05/12/2001,10,5,0,1
05/12/2001,2,4,2,3
05/12/2001,28,20,2,2
06/12/2001,8,1,1,2
06/12/2001,25,9,3,6
06/12/2001,27,19,3,0
06/12/2001,22,24,3,2
06/12/2001,16,30,4,2
06/12/2001,17,21,1,4
06/12/2001,13,29,2,0
07/12/2001,11,15,3,3
07/12/2001,3,10,3,6
07/12/2001,18,9,4,2
07/12/2001,4,2,0,2
07/12/2001,23,24,3,2
07/12/2001,26,19,1,1
07/12/2001,20,28,1,3
07/12/2001,6,5,1,4
07/12/2001,14,29,1,0
08/12/2001,1,15,3,1
08/12/2001,7,21,1,4
08/12/2001,16,2,4,3
08/12/2001,4,30,5,1
08/12/2001,25,22,5,0
08/12/2001,17,27,1,1
09/12/2001,19,26,2,0
09/12/2001,10,3,4,3
09/12/2001,8,27,3,3
09/12/2001,6,7,4,2
09/12/2001,20,24,0,4
09/12/2001,9,14,5,2
09/12/2001,13,12,2,3
09/12/2001,29,21,0,2
09/12/2001,18,22,2,2
09/12/2001,23,28,3,5
09/12/2001,5,11,6,3
10/12/2001,16,26,2,5
11/12/2001,8,30,4,0
11/12/2001,11,4,1,3
11/12/2001,20,17,2,0
11/12/2001,23,14,1,1
11/12/2001,3,12,3,4
11/12/2001,29,1,3,1
11/12/2001,21,24,1,1
12/12/2001,18,26,1,1
12/12/2001,28,22,5,4
12/12/2001,2,9,2,2
12/12/2001,10,27,6,3
12/12/2001,15,5,2,2
13/12/2001,24,23,0,1
13/12/2001,11,8,3,3
13/12/2001,21,29,5,1
13/12/2001,1,2,3,2
13/12/2001,12,13,4,1
13/12/2001,5,6,2,4
13/12/2001,20,14,1,3
13/12/2001,3,18,2,4
13/12/2001,16,19,2,2
13/12/2001,25,7,4,3
14/12/2001,22,17,1,2
14/12/2001,15,6,2,1
14/12/2001,26,23,6,3
14/12/2001,4,8,2,3
14/12/2001,19,10,3,4
14/12/2001,9,27,6,0
15/12/2001,5,30,2,5
15/12/2001,7,12,3,2
15/12/2001,25,20,3,4
15/12/2001,11,16,1,3
15/12/2001,21,28,0,3
15/12/2001,1,13,2,3
15/12/2001,22,14,2,1
15/12/2001,24,29,2,3
16/12/2001,18,16,5,2
16/12/2001,5,12,0,7
16/12/2001,9,1,0,2
16/12/2001,3,7,4,2
16/12/2001,27,25,2,6
16/12/2001,30,21,2,3
16/12/2001,26,29,3,2
16/12/2001,2,13,1,3
16/12/2001,10,8,6,4
16/12/2001,6,4,2,5
16/12/2001,23,17,3,0
16/12/2001,15,11,5,2
16/12/2001,19,20,4,0
17/12/2001,4,22,2,3
17/12/2001,24,26,2,3
18/12/2001,17,16,0,2
18/12/2001,8,14,3,4
18/12/2001,27,29,4,1
18/12/2001,3,13,4,2
18/12/2001,25,28,1,4
19/12/2001,12,9,1,5
19/12/2001,10,26,1,3
19/12/2001,30,24,1,5
19/12/2001,2,22,4,1
19/12/2001,4,19,6,3
19/12/2001,6,11,2,3
20/12/2001,17,23,4,1
20/12/2001,13,15,5,2
20/12/2001,3,1,2,2
20/12/2001,7,16,5,6
20/12/2001,27,20,6,3
20/12/2001,11,28,2,4
20/12/2001,21,24,2,1
20/12/2001,5,8,1,3
21/12/2001,6,8,5,0
21/12/2001,1,22,3,3
21/12/2001,18,23,6,2
21/12/2001,4,25,2,1
21/12/2001,9,26,2,4
22/12/2001,1,9,0,1
22/12/2001,3,2,1,2
22/12/2001,21,20,2,2
22/12/2001,16,22,5,1
22/12/2001,12,11,5,4
22/12/2001,17,28,3,0
22/12/2001,7,10,3,3
22/12/2001,14,19,4,3
22/12/2001,5,15,4,3
22/12/2001,24,27,2,1
23/12/2001,3,9,3,2
23/12/2001,2,6,2,4
23/12/2001,8,26,2,1
23/12/2001,23,30,1,2
23/12/2001,10,7,3,2
23/12/2001,15,5,4,4
23/12/2001,4,12,4,3
23/12/2001,18,28,1,1
23/12/2001,13,19,0,2
23/12/2001,29,25,2,4
24/12/2001,27,24,0,4
24/12/2001,16,17,0,5
24/12/2001,21,30,6,3
24/12/2001,11,25,1,4
27/12/2001,27,26,1,1
27/12/2001,28,24,1,2
27/12/2001,19,16,1,3
27/12/2001,12,10,4,3
27/12/2001,15,4,1,4
27/12/2001,1,5,4,0
27/12/2001,22,20,3,2
27/12/2001,6,9,3,2
27/12/2001,11,13,3,3
27/12/2001,30,17,3,3
27/12/2001,18,14,0,1
27/12/2001,7,8,3,1
27/12/2001,25,21,0,2
28/12/2001,26,24,2,2
28/12/2001,14,12,2,3
28/12/2001,23,20,4,2
28/12/2001,16,21,3,1
28/12/2001,9,2,5,2
28/12/2001,17,29,5,1
29/12/2001,11,10,5,4
29/12/2001,14,6,4,5
29/12/2001,22,30,3,2
29/12/2001,25,15,2,3
29/12/2001,28,3,3,5
29/12/2001,27,4,4,2
29/12/2001,13,6,1,7
29/12/2001,19,8,3,0
30/12/2001,26,3,4,5
30/12/2001,29,7,2,2
30/12/2001,20,30,4,3
30/12/2001,18,17,3,2
30/12/2001,13,10,4,2
30/12/2001,21,4,2,5
30/12/2001,23,1,4,2
30/12/2001,15,12,5,5
30/12/2001,5,9,2,5
30/12/2001,2,8,6,5
31/12/2001,9,16,4,5
31/12/2001,28,27,2,4
31/12/2001,19,18,7,2
31/12/2001,13,11,4,3
31/12/2001,22,1,1,2
31/12/2001,16,24,2,1
01/01/2002,25,6,2,1
01/01/2002,17,30,4,2
01/01/2002,23,4,1,2
01/01/2002,20,22,2,2
01/01/2002,18,21,4,4
01/01/2002,15,2,3,2
01/01/2002,27,3,5,0
01/01/2002,7,12,4,5
01/01/2002,29,24,3,1
01/01/2002,14,10,1,4
02/01/2002,1,19,2,1
03/01/2002,25,11,2,1
03/01/2002,12,6,3,6
03/01/2002,22,3,4,1
03/01/2002,28,4,5,2
03/01/2002,17,24,5,3
03/01/2002,30,14,2,0
03/01/2002,26,13,3,1
04/01/2002,20,7,3,1
04/01/2002,21,3,3,2
04/01/2002,2,5,4,2
04/01/2002,9,15,4,1
04/01/2002,23,8,5,2
04/01/2002,1,18,3,4
04/01/2002,27,11,2,1
04/01/2002,6,10,1,2
04/01/2002,19,29,4,2
05/01/2002,6,15,7,4
05/01/2002,30,18,2,1
05/01/2002,10,9,3,1
05/01/2002,16,14,2,0
05/01/2002,5,3,4,1
05/01/2002,19,25,5,2
05/01/2002,17,21,3,1
05/01/2002,24,13,1,2
05/01/2002,28,27,5,3
06/01/2002,12,1,1,2
06/01/2002,29,18,4,3
06/01/2002,2,26,0,3
06/01/2002,30,7,1,4
06/01/2002,12,4,3,4
06/01/2002,22,23,3,4
06/01/2002,20,8,2,4
06/01/2002,28,13,6,0
07/01/2002,22,8,7,6
07/01/2002,27,14,0,3
07/01/2002,16,5,2,0
07/01/2002,11,2,2,3
08/01/2002,1,26,2,3
08/01/2002,15,13,1,2
08/01/2002,9,10,4,3
09/01/2002,10,18,4,3
09/01/2002,2,20,2,5
09/01/2002,28,19,2,6
09/01/2002,5,6,2,3
09/01/2002,30,8,4,2
09/01/2002,4,11,7,4
09/01/2002,7,23,3,2
09/01/2002,14,25,1,2
10/01/2002,27,28,5,6
10/01/2002,15,29,6,3
10/01/2002,3,26,0,4
10/01/2002,11,9,4,3
10/01/2002,21,16,7,3
10/01/2002,24,19,2,3
10/01/2002,17,23,5,4
10/01/2002,1,20,5,1
10/01/2002,13,25,2,3
11/01/2002,4,1,3,2
11/01/2002,6,26,5,0
11/01/2002,7,5,0,2
11/01/2002,8,2,4,0
11/01/2002,22,12,1,4
11/01/2002,18,30,2,2
11/01/2002,16,29,2,1
12/01/2002,11,20,1,0
12/01/2002,28,26,2,3
12/01/2002,13,9,2,4
12/01/2002,5,19,1,4
12/01/2002,30,24,2,2
12/01/2002,15,10,3,3
12/01/2002,17,25,5,2
12/01/2002,4,3,4,2
13/01/2002,29,16,5,4
13/01/2002,18,24,2,1
13/01/2002,22,21,2,2
13/01/2002,13,15,0,1
13/01/2002,10,8,1,1
13/01/2002,7,1,2,1
13/01/2002,14,9,1,2
13/01/2002,23,12,7,1
13/01/2002,6,2,4,5
14/01/2002,30,25,1,3
14/01/2002,11,14,2,2
15/01/2002,16,22,2,1
15/01/2002,8,4,3,5
15/01/2002,3,29,2,2
15/01/2002,24,18,5,3
15/01/2002,15,6,1,0
16/01/2002,12,30,2,0
16/01/2002,23,5,5,2
16/01/2002,21,28,0,1
16/01/2002,9,4,1,4
16/01/2002,19,22,3,2
16/01/2002,10,11,2,3
16/01/2002,26,18,2,0
16/01/2002,27,17,2,2
16/01/2002,1,14,4,5
16/01/2002,20,2,1,3
17/01/2002,25,17,3,2
17/01/2002,29,3,2,0
17/01/2002,24,7,1,3
17/01/2002,8,15,2,0
17/01/2002,13,16,0,3
18/01/2002,28,2,3,2
18/01/2002,4,11,6,3
18/01/2002,6,9,5,2
18/01/2002,1,3,6,4
18/01/2002,12,8,1,1
18/01/2002,20,5,4,6
18/01/2002,21,27,3,2
18/01/2002,26,7,4,2
18/01/2002,19,23,5,4
18/01/2002,18,10,3,2
19/01/2002,17,15,3,1
19/01/2002,1,12,3,3
19/01/2002,14,16,2,2
19/01/2002,22,24,3,1
19/01/2002,26,2,2,3
19/01/2002,25,13,2,3
19/01/2002,29,30,1,3
20/01/2002,14,8,1,5
20/01/2002,18,29,2,1
20/01/2002,19,6,2,1
20/01/2002,13,11,1,6
20/01/2002,28,21,1,3
20/01/2002,9,30,4,1
20/01/2002,22,5,0,1
20/01/2002,20,24,2,1
20/01/2002,27,7,1,3
20/01/2002,10,4,0,3
20/01/2002,15,23,1,5
21/01/2002,16,25,3,2
21/01/2002,17,9,3,2
21/01/2002,13,8,7,5
21/01/2002,6,19,3,4
22/01/2002,24,26,2,4
22/01/2002,29,25,3,5
22/01/2002,18,27,0,1
22/01/2002,5,4,5,2
22/01/2002,28,22,4,3
22/01/2002,12,23,5,7
22/01/2002,21,7,3,2
22/01/2002,14,1,3,2
23/01/2002,20,10,1,6
23/01/2002,4,9,1,1
23/01/2002,11,15,0,3
23/01/2002,2,3,4,5
24/01/2002,12,18,2,2
24/01/2002,16,27,1,4
24/01/2002,3,6,8,4
24/01/2002,24,30,3,2
24/01/2002,5,14,5,1
24/01/2002,17,28,2,2
24/01/2002,7,19,2,5
24/01/2002,22,21,2,4
24/01/2002,25,23,2,4
24/01/2002,15,8,3,5
24/01/2002,13,1,1,3
25/01/2002,4,18,2,3
25/01/2002,20,21,0,2
25/01/2002,2,5,4,5
25/01/2002,29,28,6,2
25/01/2002,26,30,4,1
25/01/2002,11,1,4,2
25/01/2002,9,6,4,3
26/01/2002,12,13,1,1
26/01/2002,3,15,6,3
26/01/2002,26,21,2,4
26/01/2002,5,11,3,2
26/01/2002,17,27,4,1
26/01/2002,8,9,1,1
26/01/2002,25,24,1,6
26/01/2002,7,14,4,1
26/01/2002,23,10,6,1
26/01/2002,16,19,2,1
26/01/2002,30,1,2,2
27/01/2002,4,12,4,2
27/01/2002,22,10,4,1
27/01/2002,2,14,6,2
27/01/2002,29,27,2,3
27/01/2002,15,7,2,3
27/01/2002,18,24,1,3
27/01/2002,19,17,2,5
27/01/2002,20,23,0,2
27/01/2002,8,28,3,1
27/01/2002,6,13,4,2
29/01/2002,19,24,0,1
29/01/2002,25,29,4,2
29/01/2002,11,27,2,4
29/01/2002,30,20,2,3
29/01/2002,23,18,5,1
29/01/2002,22,17,1,1
29/01/2002,21,26,4,6
29/01/2002,3,14,0,1
29/01/2002,6,16,2,1
30/01/2002,10,28,4,3
30/01/2002,12,7,2,2
30/01/2002,4,5,3,2
30/01/2002,2,1,1,3
31/01/2002,24,29,3,1
31/01/2002,9,4,3,1
31/01/2002,8,6,3,4
31/01/2002,1,16,3,1
31/01/2002,13,27,1,3
31/01/2002,3,2,3,6
31/01/2002,15,19,1,4
31/01/2002,30,26,0,2
31/01/2002,5,28,3,6
31/01/2002,14,12,1,3
31/01/2002,21,18,2,5
31/01/2002,11,10,0,6
31/01/2002,20,17,4,3
31/01/2002,23,22,2,2
05/02/2002,23,27,4,2
05/02/2002,21,17,1,3
05/02/2002,26,4,1,3
05/02/2002,14,9,4,4
05/02/2002,29,6,0,8
05/02/2002,13,2,6,6
06/02/2002,1,8,0,1
06/02/2002,2,19,4,3
06/02/2002,12,5,3,3
06/02/2002,6,7,2,2
06/02/2002,10,30,3,1
06/02/2002,11,22,3,2
07/02/2002,13,14,2,3
07/02/2002,28,20,2,0
07/02/2002,15,30,2,1
07/02/2002,29,9,4,6
07/02/2002,18,25,2,1
07/02/2002,27,16,2,5
07/02/2002,17,3,3,1
07/02/2002,24,4,5,4
08/02/2002,14,13,1,3
08/02/2002,1,11,3,3
08/02/2002,26,12,2,1
08/02/2002,8,5,1,0
08/02/2002,19,22,3,1
08/02/2002,2,10,4,1
09/02/2002,11,3,1,2
09/02/2002,10,8,4,1
09/02/2002,20,23,1,4
09/02/2002,25,22,1,1
09/02/2002,18,15,3,3
09/02/2002,17,29,2,3
09/02/2002,7,9,3,2
09/02/2002,24,12,1,4
09/02/2002,27,26,6,5
09/02/2002,30,21,0,6
09/02/2002,5,1,1,2
09/02/2002,28,16,4,2
09/02/2002,6,13,4,1
10/02/2002,21,16,2,3
10/02/2002,14,15,2,4
10/02/2002,19,4,0,5
10/02/2002,9,17,2,3
10/02/2002,29,18,0,1
10/02/2002,30,2,4,3
10/02/2002,23,20,3,4
10/02/2002,3,5,4,3
11/02/2002,1,7,4,1
11/02/2002,27,22,3,4
11/02/2002,24,25,1,5
11/02/2002,28,12,4,0
12/02/2002,21,6,5,2
12/02/2002,8,17,2,3
12/02/2002,26,25,2,1
12/02/2002,15,14,3,1
12/02/2002,10,11,5,4
13/02/2002,9,5,5,1
13/02/2002,7,1,2,2
13/02/2002,18,13,1,0
13/02/2002,19,11,3,0
13/02/2002,27,20,4,3
13/02/2002,29,30,3,3
13/02/2002,22,28,2,3
13/02/2002,4,2,0,1
13/02/2002,23,6,1,2
14/02/2002,25,3,4,2
14/02/2002,30,17,0,2
14/02/2002,24,20,3,2
14/02/2002,21,19,3,1
14/02/2002,26,27,2,2
14/02/2002,16,13,5,4
27/02/2002,3,1,3,4
27/02/2002,8,9,2,5
27/02/2002,10,12,4,1
27/02/2002,2,6,3,3
27/02/2002,15,13,4,3
27/02/2002,21,20,2,2
27/02/2002,18,28,1,5
27/02/2002,11,7,2,1
27/02/2002,29,26,1,5
27/02/2002,4,16,5,4
27/02/2002,23,19,4,4
27/02/2002,27,25,5,1
27/02/2002,14,17,3,4
28/02/2002,16,8,2,3
28/02/2002,1,4,0,1
28/02/2002,13,17,2,3
28/02/2002,24,30,3,5
28/02/2002,5,26,4,5
01/03/2002,15,28,2,5
01/03/2002,6,12,2,6
01/03/2002,29,5,3,4
01/03/2002,3,9,0,3
01/03/2002,21,27,2,1
01/03/2002,22,18,2,3
01/03/2002,23,25,3,4
01/03/2002,20,19,3,2
02/03/2002,26,29,0,2
02/03/2002,3,4,6,5
02/03/2002,11,2,4,3
02/03/2002,5,17,2,4
02/03/2002,14,28,4,2
02/03/2002,1,10,4,2
02/03/2002,21,25,1,2
02/03/2002,7,6,4,3
03/03/2002,25,28,4,1
03/03/2002,20,18,5,2
03/03/2002,8,12,3,4
03/03/2002,2,11,4,1
03/03/2002,23,30,6,3
03/03/2002,16,24,2,1
03/03/2002,9,15,2,3
03/03/2002,22,19,1,1
03/03/2002,14,13,3,2
03/03/2002,10,7,3,3
04/03/2002,27,29,2,1
05/03/2002,6,4,1,4
05/03/2002,8,11,5,3
05/03/2002,7,22,0,3
05/03/2002,3,20,3,5
05/03/2002,2,5,2,4
05/03/2002,21,1,2,0
05/03/2002,26,9,1,1
05/03/2002,15,10,2,3
06/03/2002,27,1,4,1
06/03/2002,28,18,0,2
06/03/2002,30,3,2,3
06/03/2002,16,12,1,2
06/03/2002,5,13,6,5
07/03/2002,17,10,6,2
07/03/2002,8,6,5,3
07/03/2002,14,22,2,3
07/03/2002,11,24,1,4
07/03/2002,15,20,3,2
07/03/2002,25,26,3,2
07/03/2002,21,29,4,1
08/03/2002,2,7,0,5
08/03/2002,5,12,1,3
08/03/2002,4,20,2,4
08/03/2002,16,3,5,1
08/03/2002,18,26,2,3
08/03/2002,28,9,5,2
08/03/2002,27,23,6,1
08/03/2002,19,30,0,3
09/03/2002,12,15,2,2
09/03/2002,14,4,2,4
09/03/2002,29,2,4,2
09/03/2002,19,17,2,5
09/03/2002,21,26,4,3
09/03/2002,13,22,5,4
09/03/2002,25,30,3,5
09/03/2002,5,3,3,2
09/03/2002,7,8,3,0
09/03/2002,11,6,0,3
09/03/2002,24,1,2,1
10/03/2002,7,17,5,1
10/03/2002,30,29,5,0
10/03/2002,15,22,4,2
10/03/2002,6,20,3,2
10/03/2002,13,18,2,2
10/03/2002,27,9,3,2
10/03/2002,14,18,5,1
10/03/2002,2,11,6,1
10/03/2002,28,23,2,0
10/03/2002,8,10,1,1
11/03/2002,4,10,1,3
11/03/2002,24,9,2,4
11/03/2002,25,1,0,3
11/03/2002,23,28,4,7
12/03/2002,12,20,3,3
12/03/2002,5,29,2,4
12/03/2002,19,21,2,3
12/03/2002,26,16,2,1
12/03/2002,3,8,2,1
13/03/2002,27,16,3,1
13/03/2002,7,2,0,3
13/03/2002,30,9,3,4
13/03/2002,18,23,0,5
13/03/2002,11,14,4,4
13/03/2002,15,25,2,5
13/03/2002,10,4,1,1
14/03/2002,3,6,1,3
14/03/2002,13,20,3,3
14/03/2002,28,19,0,2
14/03/2002,1,2,3,2
14/03/2002,24,5,4,2
14/03/2002,17,22,4,3
15/03/2002,9,22,1,4
15/03/2002,4,7,1,3
15/03/2002,11,21,2,0
15/03/2002,14,20,3,2
15/03/2002,8,25,3,3
15/03/2002,6,10,1,2
15/03/2002,29,23,1,5
15/03/2002,26,19,2,1
16/03/2002,26,5,4,3
16/03/2002,24,16,1,1
16/03/2002,1,3,3,1
16/03/2002,28,15,5,4
16/03/2002,6,17,2,1
16/03/2002,18,27,2,3
16/03/2002,13,7,5,2
16/03/2002,4,21,1,2
17/03/2002,22,15,4,1
17/03/2002,9,13,2,0
17/03/2002,18,21,4,5
17/03/2002,3,17,3,5
17/03/2002,14,7,2,2
17/03/2002,28,16,2,2
17/03/2002,11,23,2,4
17/03/2002,30,27,2,2
17/03/2002,8,12,3,2
17/03/2002,29,20,3,1
17/03/2002,10,25,5,5
17/03/2002,9,2,4,3
18/03/2002,24,19,2,3
18/03/2002,1,23,2,3
19/03/2002,4,14,3,3
19/03/2002,12,8,1,1
19/03/2002,11,5,2,4
19/03/2002,16,25,2,2
19/03/2002,28,26,2,3
19/03/2002,30,20,4,2
20/03/2002,6,27,4,2
20/03/2002,7,9,5,1
20/03/2002,10,2,3,2
20/03/2002,3,23,1,3
20/03/2002,17,24,1,2
20/03/2002,19,18,5,1
20/03/2002,21,15,0,3
21/03/2002,16,1,1,3
21/03/2002,13,8,1,4
21/03/2002,25,19,3,2
21/03/2002,22,28,2,1
21/03/2002,14,11,4,2
21/03/2002,30,29,1,3
21/03/2002,5,27,1,3
22/03/2002,4,24,2,1
22/03/2002,20,28,1,4
22/03/2002,29,17,2,3
22/03/2002,2,23,3,2
22/03/2002,9,3,2,5
22/03/2002,18,1,3,4
22/03/2002,7,6,1,2
22/03/2002,26,21,3,1
22/03/2002,12,13,3,2
22/03/2002,10,15,3,4
23/03/2002,26,28,3,0
23/03/2002,21,17,0,2
23/03/2002,19,24,3,2
23/03/2002,1,12,2,4
23/03/2002,2,30,2,1
23/03/2002,5,4,4,4
23/03/2002,3,11,2,5
23/03/2002,25,27,4,3
23/03/2002,14,8,3,3
24/03/2002,29,15,2,5
24/03/2002,13,6,1,3
24/03/2002,25,24,1,2
24/03/2002,10,7,2,0
24/03/2002,9,7,2,3
24/03/2002,22,20,3,1
24/03/2002,18,8,5,1
24/03/2002,16,19,4,3
24/03/2002,14,6,3,4
24/03/2002,9,11,2,3
25/03/2002,27,26,4,0
25/03/2002,5,15,6,2
25/03/2002,23,22,0,2
26/03/2002,20,29,6,1
26/03/2002,18,17,3,3
26/03/2002,4,10,4,1
26/03/2002,1,13,3,1
26/03/2002,2,3,4,2
27/03/2002,8,13,1,2
27/03/2002,23,26,4,0
27/03/2002,19,30,1,2
27/03/2002,10,14,7,2
27/03/2002,7,15,3,4
27/03/2002,22,29,3,1
27/03/2002,28,25,3,2
27/03/2002,12,6,2,3
28/03/2002,2,9,1,4
28/03/2002,5,1,3,4
28/03/2002,24,27,2,4
28/03/2002,11,30,2,4
28/03/2002,3,4,2,4
28/03/2002,16,18,4,1
29/03/2002,20,25,2,2
29/03/2002,9,13,3,4
29/03/2002,27,24,1,2
29/03/2002,22,26,2,2
29/03/2002,19,7,4,1
29/03/2002,12,4,4,1
29/03/2002,23,29,4,3
29/03/2002,10,2,4,5
29/03/2002,8,14,2,1
29/03/2002,28,21,2,3
29/03/2002,17,18,3,3
30/03/2002,4,7,1,3
30/03/2002,30,16,1,3
30/03/2002,6,12,0,2
30/03/2002,1,15,1,3
31/03/2002,15,2,4,2
31/03/2002,9,14,3,1
31/03/2002,22,25,3,1
31/03/2002,27,21,5,3
31/03/2002,8,5,2,1
31/03/2002,16,30,2,1
31/03/2002,18,19,2,4
31/03/2002,28,29,10,2
31/03/2002,10,1,1,3
31/03/2002,13,3,2,4
31/03/2002,20,26,5,3
31/03/2002,17,11,4,1
31/03/2002,23,24,4,1
02/04/2002,17,10,4,5
02/04/2002,25,29,3,1
02/04/2002,27,19,5,3
02/04/2002,7,4,3,1
02/04/2002,14,3,4,6
02/04/2002,21,18,5,1
02/04/2002,2,1,4,2
02/04/2002,5,8,0,3
03/04/2002,9,12,4,3
03/04/2002,28,24,3,1
03/04/2002,20,11,4,2
03/04/2002,26,23,4,4
03/04/2002,4,6,2,4
03/04/2002,22,30,2,1
04/04/2002,13,5,3,2
04/04/2002,7,2,1,1
04/04/2002,15,14,4,1
04/04/2002,12,1,2,3
04/04/2002,24,17,1,1
04/04/2002,21,11,6,0
04/04/2002,16,18,1,3
04/04/2002,25,19,1,2
05/04/2002,28,27,5,2
05/04/2002,26,17,3,0
05/04/2002,10,3,2,4
05/04/2002,4,8,1,3
05/04/2002,6,2,1,2
05/04/2002,29,18,2,1
05/04/2002,14,5,4,2
05/04/2002,20,30,4,3
06/04/2002,23,30,5,4
06/04/2002,6,3,4,6
06/04/2002,11,1,1,3
06/04/2002,7,13,3,1
06/04/2002,24,22,2,0
06/04/2002,25,21,3,1
06/04/2002,15,9,0,0
06/04/2002,19,16,5,1
07/04/2002,10,13,2,2
07/04/2002,18,20,3,1
07/04/2002,26,22,4,3
07/04/2002,8,29,4,1
07/04/2002,14,7,3,5
07/04/2002,9,8,1,3
07/04/2002,2,15,5,4
07/04/2002,4,5,3,1
07/04/2002,12,11,1,1
07/04/2002,28,17,6,3
07/04/2002,1,6,3,2
07/04/2002,19,21,2,4
08/04/2002,10,29,4,1
08/04/2002,2,12,1,2
08/04/2002,24,25,4,1
08/04/2002,4,13,4,4
08/04/2002,23,27,4,3
08/04/2002,3,5,3,2
08/04/2002,16,20,3,2
09/04/2002,8,9,4,3
09/04/2002,26,25,3,0
09/04/2002,6,14,2,2
09/04/2002,15,16,3,1
09/04/2002,30,28,3,1
10/04/2002,1,4,1,0
10/04/2002,5,7,4,4
10/04/2002,21,23,1,2
10/04/2002,11,13,4,4
10/04/2002,17,16,3,3
10/04/2002,29,28,3,5
10/04/2002,12,14,4,2
10/04/2002,20,27,2,4
10/04/2002,3,10,2,7
10/04/2002,19,18,3,2
11/04/2002,22,27,3,0
11/04/2002,9,6,4,0
11/04/2002,19,28,4,1
11/04/2002,25,30,4,4
12/04/2002,18,2,2,5
12/04/2002,5,10,2,5
12/04/2002,29,11,5,4
12/04/2002,23,26,5,2
12/04/2002,1,8,5,2
12/04/2002,13,12,1,3
12/04/2002,14,2,1,3
12/04/2002,7,15,1,3
13/04/2002,6,5,7,1
13/04/2002,27,30,7,1
13/04/2002,28,26,3,1
13/04/2002,25,16,3,1
13/04/2002,4,3,2,1
13/04/2002,9,10,2,5
13/04/2002,8,7,0,3
13/04/2002,24,21,1,3
13/04/2002,15,1,3,4
13/04/2002,22,20,0,2
13/04/2002,19,17,3,2
14/04/2002,2,4,3,1
14/04/2002,17,19,3,5
14/04/2002,20,23,1,4
14/04/2002,27,18,6,4
14/04/2002,30,22,2,4
14/04/2002,16,29,2,0
14/04/2002,11,12,2,2
14/04/2002,21,25,2,2
14/04/2002,26,24,1,0
14/04/2002,13,14,2,3
10/10/2002,12,3,1,4
10/10/2002,29,16,2,1
10/10/2002,21,25,1,1
10/10/2002,7,2,5,1
10/10/2002,5,10,0,6
10/10/2002,26,27,4,1
10/10/2002,13,14,3,4
10/10/2002,9,1,1,2
11/10/2002,20,23,0,3
11/10/2002,22,4,2,2
11/10/2002,28,17,3,6
11/10/2002,15,18,5,4
11/10/2002,3,8,1,4
11/10/2002,19,24,3,4
11/10/2002,12,11,5,3
12/10/2002,5,3,6,0
12/10/2002,10,9,1,2
12/10/2002,8,7,1,6
12/10/2002,11,13,4,5
12/10/2002,14,12,5,1
12/10/2002,2,15,1,2
12/10/2002,1,29,3,2
12/10/2002,25,24,4,2
12/10/2002,30,6,5,1
13/10/2002,18,22,2,3
13/10/2002,23,28,5,3
13/10/2002,19,30,2,2
13/10/2002,26,17,3,2
13/10/2002,20,4,4,5
13/10/2002,27,25,2,5
14/10/2002,24,17,2,4
14/10/2002,10,5,4,5
14/10/2002,16,7,3,0
14/10/2002,29,27,2,4
15/10/2002,9,27,2,1
15/10/2002,8,4,2,6
15/10/2002,3,10,5,4
15/10/2002,23,20,2,3
15/10/2002,2,18,4,3
15/10/2002,21,6,1,2
16/10/2002,30,13,4,1
16/10/2002,19,12,2,1
16/10/2002,25,22,3,0
16/10/2002,5,11,3,2
17/10/2002,23,6,3,6
17/10/2002,7,3,4,4
17/10/2002,12,15,1,2
17/10/2002,10,27,5,3
17/10/2002,24,26,2,4
17/10/2002,4,2,3,3
18/10/2002,16,13,4,1
18/10/2002,30,25,3,1
18/10/2002,26,21,1,4
18/10/2002,28,22,4,3
18/10/2002,14,11,8,5
18/10/2002,19,29,7,1
18/10/2002,20,6,3,3
18/10/2002,17,8,2,3
18/10/2002,1,18,3,2
19/10/2002,7,27,2,3
19/10/2002,4,15,3,1
19/10/2002,5,14,3,3
19/10/2002,29,13,4,1
19/10/2002,8,10,2,2
19/10/2002,11,2,4,5
19/10/2002,3,18,2,2
19/10/2002,12,1,3,1
19/10/2002,28,21,1,3
19/10/2002,24,23,2,2
20/10/2002,16,20,2,5
20/10/2002,30,17,3,5
20/10/2002,24,21,3,2
20/10/2002,26,23,2,2
20/10/2002,22,6,3,4
20/10/2002,25,15,5,2
20/10/2002,19,25,5,3
21/10/2002,17,20,4,0
21/10/2002,3,14,2,4
21/10/2002,13,11,3,2
21/10/2002,10,6,1,4
22/10/2002,2,12,1,4
22/10/2002,7,4,2,1
22/10/2002,8,5,3,3
22/10/2002,28,23,2,5
23/10/2002,9,12,4,1
23/10/2002,11,1,1,2
23/10/2002,30,20,4,3
23/10/2002,21,22,3,3
23/10/2002,17,26,3,3
23/10/2002,18,27,1,2
23/10/2002,3,15,1,2
23/10/2002,29,14,2,2
23/10/2002,10,13,1,4
24/10/2002,4,8,6,2
24/10/2002,2,13,5,3
24/10/2002,6,9,2,2
25/10/2002,18,28,1,2
25/10/2002,16,30,2,3
25/10/2002,3,26,2,6
25/10/2002,22,19,1,2
25/10/2002,7,1,1,2
25/10/2002,20,25,3,3
25/10/2002,23,24,2,2
25/10/2002,29,28,4,5
25/10/2002,14,15,3,2
25/10/2002,17,5,7,3
25/10/2002,27,21,2,3
26/10/2002,5,7,5,2
26/10/2002,12,16,3,3
26/10/2002,6,11,4,3
26/10/2002,8,9,5,3
26/10/2002,10,3,3,4
26/10/2002,2,4,2,6
26/10/2002,1,14,5,1
26/10/2002,13,15,1,1
27/10/2002,20,19,3,4
27/10/2002,29,26,5,1
27/10/2002,23,25,1,4
27/10/2002,18,17,3,1
27/10/2002,27,30,1,6
27/10/2002,22,24,4,3
28/10/2002,16,28,3,2
28/10/2002,21,30,3,3
29/10/2002,10,24,5,2
29/10/2002,13,14,1,6
29/10/2002,5,15,3,2
29/10/2002,3,27,3,2
29/10/2002,22,25,3,4
30/10/2002,16,29,3,2
30/10/2002,30,21,3,2
30/10/2002,1,12,1,2
30/10/2002,2,27,2,3
30/10/2002,23,7,1,1
30/10/2002,4,9,2,1
30/10/2002,17,28,3,2
30/10/2002,8,24,2,2
30/10/2002,11,26,0,4
31/10/2002,19,18,7,0
31/10/2002,15,6,2,7
31/10/2002,12,2,4,2
31/10/2002,14,3,3,0
31/10/2002,25,13,2,3
31/10/2002,9,5,1,4
01/11/2002,23,21,1,5
01/11/2002,30,28,2,1
01/11/2002,16,26,2,1
01/11/2002,10,11,3,3
01/11/2002,4,27,6,2
01/11/2002,6,24,1,4
01/11/2002,20,7,3,0
02/11/2002,12,8,2,2
02/11/2002,22,7,1,1
02/11/2002,15,14,3,2
02/11/2002,1,16,5,1
02/11/2002,29,25,4,2
03/11/2002,4,15,2,1
03/11/2002,2,19,1,6
03/11/2002,13,11,1,3
03/11/2002,30,23,2,4
03/11/2002,6,3,3,2
03/11/2002,26,18,6,5
03/11/2002,29,7,3,2
03/11/2002,3,19,2,3
03/11/2002,10,8,2,5
03/11/2002,9,17,5,2
03/11/2002,20,21,4,4
03/11/2002,5,14,5,3
04/11/2002,24,28,3,4
04/11/2002,16,22,1,4
04/11/2002,27,18,2,1
04/11/2002,17,25,3,3
05/11/2002,21,23,2,4
05/11/2002,2,20,2,4
05/11/2002,26,30,2,5
06/11/2002,17,16,0,2
06/11/2002,3,22,5,2
06/11/2002,8,19,2,5
06/11/2002,12,4,1,2
06/11/2002,28,26,5,2
06/11/2002,10,14,4,3
06/11/2002,1,20,2,3
06/11/2002,29,15,3,4
07/11/2002,25,23,4,0
07/11/2002,13,5,4,3
07/11/2002,24,18,2,1
07/11/2002,21,9,2,5
08/11/2002,28,18,2,2
08/11/2002,12,7,2,0
08/11/2002,15,13,2,1
08/11/2002,27,30,4,1
08/11/2002,17,6,2,1
08/11/2002,3,20,1,0
08/11/2002,4,1,0,1
08/11/2002,8,2,3,0
08/11/2002,16,11,5,0
08/11/2002,19,29,2,5
09/11/2002,14,5,4,1
09/11/2002,25,10,2,1
09/11/2002,2,22,4,2
09/11/2002,21,24,2,3
09/11/2002,9,26,2,3
10/11/2002,7,11,4,6
10/11/2002,27,23,2,5
10/11/2002,14,16,2,3
10/11/2002,19,10,6,3
10/11/2002,13,20,3,0
10/11/2002,28,30,2,4
10/11/2002,15,4,4,1
10/11/2002,2,25,3,2
10/11/2002,6,9,7,1
10/11/2002,29,3,6,3
10/11/2002,8,26,3,1
10/11/2002,1,22,3,6
10/11/2002,12,5,3,2
11/11/2002,24,30,1,0
11/11/2002,6,22,6,1
11/11/2002,11,20,2,1
11/11/2002,21,18,3,4
12/11/2002,14,27,4,2
12/11/2002,28,3,4,5
12/11/2002,13,16,2,2
13/11/2002,12,27,3,2
13/11/2002,8,25,2,4
13/11/2002,7,6,3,4
13/11/2002,2,9,3,5
13/11/2002,17,18,4,1
13/11/2002,1,24,3,2
13/11/2002,10,26,4,3
13/11/2002,30,22,2,3
13/11/2002,21,29,5,4
13/11/2002,23,19,6,3
14/11/2002,15,25,1,6
14/11/2002,4,13,1,1
14/11/2002,11,28,3,2
15/11/2002,20,3,1,2
15/11/2002,18,21,1,3
15/11/2002,23,26,3,2
15/11/2002,9,13,3,2
15/11/2002,29,24,2,3
15/11/2002,30,5,1,1
15/11/2002,6,2,4,1
16/11/2002,25,21,4,2
16/11/2002,14,28,4,2
16/11/2002,12,4,1,1
16/11/2002,16,15,2,2
16/11/2002,1,8,5,1
16/11/2002,17,24,2,1
16/11/2002,22,19,5,0
16/11/2002,11,27,1,5
16/11/2002,7,10,2,3
17/11/2002,18,29,1,1
17/11/2002,9,7,4,1
17/11/2002,13,28,3,7
17/11/2002,10,17,1,2
17/11/2002,5,2,2,3
17/11/2002,30,15,1,0
17/11/2002,11,24,1,5
17/11/2002,20,19,0,1
17/11/2002,12,14,1,2
17/11/2002,22,26,1,4
17/11/2002,8,1,3,1
17/11/2002,4,6,2,2
17/11/2002,23,3,3,1
18/11/2002,25,29,3,2
18/11/2002,16,18,4,2
18/11/2002,27,21,4,4
19/11/2002,8,5,5,4
20/11/2002,15,28,2,3
20/11/2002,12,9,4,4
20/11/2002,22,16,3,1
20/11/2002,20,17,0,5
20/11/2002,3,24,3,2
20/11/2002,14,4,2,3
20/11/2002,10,6,2,0
20/11/2002,11,13,4,3
20/11/2002,30,26,2,2
20/11/2002,1,7,4,3
21/11/2002,27,25,2,2
21/11/2002,5,8,2,3
21/11/2002,13,2,3,3
21/11/2002,29,19,3,2
21/11/2002,23,16,5,3
22/11/2002,14,2,2,7
22/11/2002,4,28,2,2
22/11/2002,20,22,1,3
22/11/2002,21,18,1,1
22/11/2002,15,30,3,4
22/11/2002,6,12,3,1
22/11/2002,9,8,3,2
22/11/2002,1,3,4,4
22/11/2002,19,26,3,2
23/11/2002,27,13,3,3
23/11/2002,7,29,5,4
23/11/2002,30,18,4,2
23/11/2002,11,5,1,3
23/11/2002,24,25,0,4
23/11/2002,3,2,1,3
23/11/2002,23,17,4,1
24/11/2002,15,11,6,3
24/11/2002,26,25,2,0
24/11/2002,5,28,4,1
24/11/2002,9,29,5,2
24/11/2002,19,21,1,3
24/11/2002,10,4,6,0
24/11/2002,20,16,3,1
24/11/2002,8,12,3,7
24/11/2002,6,7,4,1
24/11/2002,1,14,1,3
24/11/2002,22,17,1,1
25/11/2002,24,13,4,4
26/11/2002,19,28,1,4
26/11/2002,17,22,4,5
26/11/2002,9,10,2,0
26/11/2002,30,23,1,2
26/11/2002,25,27,5,1
26/11/2002,21,16,1,0
26/11/2002,3,12,3,1
27/11/2002,6,20,7,2
27/11/2002,10,15,5,4
27/11/2002,8,11,3,2
28/11/2002,17,1,3,2
28/11/2002,21,19,4,4
28/11/2002,29,22,1,3
28/11/2002,7,14,1,1
28/11/2002,18,28,4,2
28/11/2002,24,27,2,2
28/11/2002,2,9,2,2
28/11/2002,26,13,2,5
28/11/2002,5,4,7,2
28/11/2002,25,30,5,0
28/11/2002,12,23,2,3
28/11/2002,15,20,4,2
29/11/2002,6,8,4,2
29/11/2002,24,26,2,2
29/11/2002,30,21,2,2
29/11/2002,11,3,7,4
29/11/2002,27,16,2,4
29/11/2002,4,10,0,3
30/11/2002,18,1,1,2
30/11/2002,7,5,1,4
30/11/2002,14,23,3,5
30/11/2002,2,29,2,4
30/11/2002,25,3,3,3
30/11/2002,12,17,6,4
30/11/2002,19,20,7,2
30/11/2002,15,9,2,6
01/12/2002,3,14,4,3
01/12/2002,22,21,1,0
01/12/2002,10,7,3,1
01/12/2002,5,6,2,3
01/12/2002,11,15,5,4
01/12/2002,26,16,4,1
01/12/2002,29,12,2,4
01/12/2002,13,23,2,5
01/12/2002,28,27,2,3
01/12/2002,8,4,1,2
01/12/2002,9,2,4,2
01/12/2002,19,1,4,5
01/12/2002,18,25,5,2
02/12/2002,24,16,3,2
02/12/2002,17,20,4,2
03/12/2002,4,1,0,1
04/12/2002,2,23,2,1
04/12/2002,17,24,2,1
04/12/2002,5,15,1,4
04/12/2002,10,14,4,3
04/12/2002,18,12,1,2
04/12/2002,3,29,5,3
04/12/2002,6,19,0,4
04/12/2002,21,20,1,2
04/12/2002,27,28,2,3
04/12/2002,22,30,2,1
05/12/2002,16,9,1,0
05/12/2002,13,12,4,2
05/12/2002,1,23,2,3
05/12/2002,25,8,5,1
05/12/2002,7,24,4,0
06/12/2002,27,17,3,5
06/12/2002,4,3,3,2
06/12/2002,6,11,4,3
06/12/2002,20,30,1,1
06/12/2002,19,9,2,2
06/12/2002,26,18,2,3
06/12/2002,14,22,3,2
07/12/2002,3,7,1,4
07/12/2002,16,24,3,4
07/12/2002,25,17,3,3
07/12/2002,1,5,3,1
07/12/2002,2,10,4,2
07/12/2002,6,14,3,2
07/12/2002,28,29,3,2
07/12/2002,12,13,0,2
07/12/2002,15,11,7,6
07/12/2002,4,19,1,3
07/12/2002,21,8,7,6
08/12/2002,27,8,2,4
08/12/2002,3,6,1,4
08/12/2002,9,12,5,2
08/12/2002,23,30,2,4
08/12/2002,13,22,0,4
08/12/2002,7,15,4,3
08/12/2002,11,22,0,3
08/12/2002,10,1,1,0
08/12/2002,28,18,2,4
08/12/2002,26,29,2,4
08/12/2002,5,2,3,6
09/12/2002,17,19,4,3
09/12/2002,24,18,3,0
09/12/2002,16,14,3,1
10/12/2002,27,29,3,3
10/12/2002,23,20,1,2
11/12/2002,18,26,0,3
11/12/2002,6,8,2,4
11/12/2002,30,14,5,3
11/12/2002,2,16,2,3
11/12/2002,1,19,2,0
11/12/2002,10,5,4,2
11/12/2002,13,4,2,5
11/12/2002,7,9,2,4
12/12/2002,24,15,3,0
12/12/2002,25,26,0,3
12/12/2002,23,21,3,1
12/12/2002,27,11,4,2
12/12/2002,22,12,4,1
12/12/2002,3,16,3,4
13/12/2002,4,10,2,1
13/12/2002,20,12,3,4
13/12/2002,29,1,4,2
13/12/2002,8,14,2,3
13/12/2002,17,30,2,3
13/12/2002,28,5,5,2
13/12/2002,18,19,2,2
13/12/2002,6,9,2,5
14/12/2002,25,11,3,1
14/12/2002,13,2,3,3
14/12/2002,7,16,1,1
14/12/2002,27,15,3,4
14/12/2002,22,21,4,3
15/12/2002,9,1,4,3
15/12/2002,19,11,4,0
15/12/2002,18,30,3,1
15/12/2002,4,7,2,0
15/12/2002,10,3,4,1
15/12/2002,28,15,2,0
15/12/2002,14,2,4,3
15/12/2002,30,12,2,1
15/12/2002,22,23,3,6
15/12/2002,8,6,4,2
15/12/2002,20,21,1,3
15/12/2002,17,29,6,4
15/12/2002,26,5,3,2
16/12/2002,16,25,0,5
16/12/2002,27,26,2,1
16/12/2002,23,20,3,3
16/12/2002,24,5,5,0
17/12/2002,9,8,2,3
17/12/2002,21,15,2,2
17/12/2002,11,10,1,0
17/12/2002,3,28,2,1
18/12/2002,26,19,6,2
18/12/2002,4,25,2,2
18/12/2002,27,5,5,2
18/12/2002,30,22,4,3
18/12/2002,8,28,1,3
18/12/2002,2,17,2,2
18/12/2002,16,23,3,2
18/12/2002,18,20,0,3
19/12/2002,12,14,1,1
19/12/2002,7,6,4,2
19/12/2002,24,19,5,2
19/12/2002,13,10,2,2
19/12/2002,1,9,0,3
19/12/2002,11,4,1,3
20/12/2002,21,22,2,1
20/12/2002,26,24,5,4
20/12/2002,18,23,1,3
20/12/2002,14,10,1,2
20/12/2002,17,25,1,1
20/12/2002,30,2,2,4
20/12/2002,9,28,9,3
20/12/2002,3,8,1,3
20/12/2002,29,20,3,0
20/12/2002,5,1,1,3
20/12/2002,15,6,5,3
21/12/2002,7,13,0,3
21/12/2002,16,29,3,1
21/12/2002,1,25,5,3
21/12/2002,27,19,3,3
21/12/2002,11,12,2,3
21/12/2002,4,9,1,3
22/12/2002,21,30,4,2
22/12/2002,2,15,1,3
22/12/2002,12,25,1,0
22/12/2002,23,22,4,3
22/12/2002,10,28,3,3
22/12/2002,14,18,2,2
22/12/2002,17,3,3,2
22/12/2002,6,13,3,3
22/12/2002,5,20,2,0
22/12/2002,8,7,6,2
23/12/2002,24,27,4,0
23/12/2002,16,26,3,1
24/12/2002,13,18,2,3
24/12/2002,30,20,2,3
24/12/2002,21,23,5,3
24/12/2002,29,17,0,1
24/12/2002,3,1,2,2
24/12/2002,9,4,2,2
24/12/2002,15,14,3,0
24/12/2002,10,11,5,1
24/12/2002,6,28,5,2
24/12/2002,5,7,5,2
24/12/2002,19,26,5,0
24/12/2002,2,8,3,1
27/12/2002,3,5,1,6
27/12/2002,18,25,3,1
27/12/2002,22,23,2,4
27/12/2002,26,27,4,3
27/12/2002,16,30,2,2
27/12/2002,19,21,3,2
27/12/2002,17,29,4,2
27/12/2002,7,9,2,3
27/12/2002,28,24,4,1
28/12/2002,14,6,5,2
28/12/2002,15,1,3,2
28/12/2002,21,4,1,2
28/12/2002,9,8,3,2
28/12/2002,13,25,0,4
28/12/2002,20,10,3,4
28/12/2002,12,11,3,5
29/12/2002,28,16,3,3
29/12/2002,2,12,3,0
29/12/2002,29,19,1,6
29/12/2002,7,30,3,4
29/12/2002,1,15,2,1
29/12/2002,18,17,2,4
29/12/2002,11,6,0,1
29/12/2002,23,24,7,3
29/12/2002,14,3,5,3
29/12/2002,21,26,6,1
29/12/2002,27,4,4,0
29/12/2002,13,3,1,2
29/12/2002,22,10,3,2
29/12/2002,5,8,3,2
30/12/2002,25,17,2,2
30/12/2002,19,29,5,2
30/12/2002,20,24,4,2
31/12/2002,2,13,2,1
31/12/2002,30,24,4,1
31/12/2002,5,11,2,3
31/12/2002,26,16,0,2
31/12/2002,18,9,3,2
31/12/2002,15,7,4,3
31/12/2002,28,4,2,1
31/12/2002,27,22,4,3
31/12/2002,6,1,0,1
01/01/2003,17,19,5,1
01/01/2003,29,5,5,2
01/01/2003,1,13,1,2
01/01/2003,18,21,3,7
01/01/2003,20,8,1,1
01/01/2003,12,3,0,2
01/01/2003,7,2,0,1
01/01/2003,14,9,3,6
01/01/2003,25,22,4,1
01/01/2003,23,10,3,5
01/01/2003,15,27,1,2
03/01/2003,28,25,1,3
03/01/2003,22,30,1,2
03/01/2003,19,16,1,4
03/01/2003,9,11,8,1
03/01/2003,20,14,4,1
03/01/2003,23,8,3,2
03/01/2003,21,13,1,4
03/01/2003,26,4,1,4
04/01/2003,7,12,6,3
04/01/2003,24,4,0,1
04/01/2003,11,5,1,4
04/01/2003,15,29,2,2
04/01/2003,1,10,2,0
04/01/2003,17,27,1,4
04/01/2003,2,6,8,4
05/01/2003,10,1,2,1
05/01/2003,3,15,2,2
05/01/2003,18,16,3,3
05/01/2003,11,4,4,5
05/01/2003,5,2,3,2
05/01/2003,9,7,1,2
05/01/2003,29,27,2,0
05/01/2003,26,25,2,3
05/01/2003,22,8,5,4
05/01/2003,23,13,3,2
05/01/2003,6,12,2,4
05/01/2003,20,30,3,2
05/01/2003,19,14,5,1
05/01/2003,28,21,1,6
06/01/2003,24,25,1,1
06/01/2003,16,17,3,4
07/01/2003,29,18,1,5
07/01/2003,28,22,5,5
07/01/2003,30,26,2,3
07/01/2003,3,9,2,5
08/01/2003,1,8,3,2
08/01/2003,4,7,3,2
08/01/2003,14,17,1,0
08/01/2003,11,12,3,3
08/01/2003,25,26,7,4
08/01/2003,18,19,2,1
08/01/2003,10,6,5,2
08/01/2003,2,5,6,3
08/01/2003,21,20,2,4
09/01/2003,3,12,5,1
09/01/2003,16,27,0,0
09/01/2003,30,29,1,2
09/01/2003,13,17,1,2
09/01/2003,24,22,0,1
09/01/2003,23,9,6,4
10/01/2003,2,4,0,4
10/01/2003,25,16,4,3
10/01/2003,21,24,3,5
10/01/2003,28,19,1,4
10/01/2003,8,3,3,2
10/01/2003,20,9,0,1
10/01/2003,5,10,2,4
10/01/2003,14,11,2,3
10/01/2003,26,22,4,5
11/01/2003,5,3,1,3
11/01/2003,30,27,2,1
11/01/2003,12,15,1,4
11/01/2003,23,29,2,3
11/01/2003,25,21,6,3
11/01/2003,4,17,3,2
11/01/2003,13,1,1,2
11/01/2003,7,6,4,2
12/01/2003,15,13,12,2
12/01/2003,8,7,2,3
12/01/2003,18,27,4,3
12/01/2003,6,10,6,2
12/01/2003,12,21,2,3
12/01/2003,22,9,0,2
12/01/2003,26,19,1,2
12/01/2003,14,1,3,3
12/01/2003,2,11,7,3
12/01/2003,20,29,2,7
12/01/2003,28,23,3,0
13/01/2003,16,18,2,0
13/01/2003,24,19,2,1
14/01/2003,22,29,8,5
14/01/2003,6,5,1,2
14/01/2003,4,11,4,7
14/01/2003,15,2,4,3
14/01/2003,1,13,6,2
14/01/2003,3,10,5,1
14/01/2003,17,16,5,4
14/01/2003,8,20,4,2
14/01/2003,26,28,3,2
15/01/2003,23,18,4,3
15/01/2003,10,20,3,2
15/01/2003,9,14,7,0
15/01/2003,27,19,1,4
15/01/2003,30,7,0,1
16/01/2003,11,8,1,0
16/01/2003,29,24,3,4
16/01/2003,1,2,5,0
16/01/2003,15,3,1,2
16/01/2003,12,5,0,2
16/01/2003,13,6,3,0
16/01/2003,16,17,4,1
17/01/2003,22,26,2,0
17/01/2003,4,8,4,1
17/01/2003,30,23,5,2
17/01/2003,9,24,3,1
17/01/2003,21,17,2,4
17/01/2003,28,7,2,2
17/01/2003,19,2,2,3
17/01/2003,20,18,2,2
18/01/2003,12,1,1,2
18/01/2003,11,6,3,1
18/01/2003,14,5,2,3
18/01/2003,4,14,3,2
18/01/2003,16,23,2,4
18/01/2003,15,10,1,4
19/01/2003,1,12,5,2
19/01/2003,11,2,1,4
19/01/2003,8,10,2,3
19/01/2003,22,18,2,3
19/01/2003,27,7,0,1
19/01/2003,9,15,5,2
19/01/2003,19,16,4,2
19/01/2003,28,25,1,3
19/01/2003,30,24,0,1
19/01/2003,20,26,2,1
19/01/2003,6,29,7,2
19/01/2003,13,5,3,0
20/01/2003,24,30,1,2
20/01/2003,6,15,3,3
20/01/2003,13,8,2,3
20/01/2003,3,4,2,4
20/01/2003,17,23,1,4
21/01/2003,14,9,6,2
21/01/2003,20,22,4,3
21/01/2003,29,16,5,1
21/01/2003,21,25,1,1
21/01/2003,12,19,3,5
21/01/2003,27,28,3,1
22/01/2003,18,23,3,2
22/01/2003,11,19,8,4
22/01/2003,10,4,1,3
22/01/2003,2,3,0,5
22/01/2003,7,5,0,0
23/01/2003,24,26,6,5
23/01/2003,22,17,4,3
23/01/2003,28,1,4,5
23/01/2003,13,9,1,2
23/01/2003,14,8,2,2
23/01/2003,25,29,4,2
23/01/2003,15,12,5,3
24/01/2003,20,27,1,7
24/01/2003,16,19,3,3
24/01/2003,26,30,1,2
24/01/2003,21,29,5,0
24/01/2003,5,6,1,4
24/01/2003,18,3,2,4
24/01/2003,11,9,3,3
25/01/2003,23,17,2,5
25/01/2003,5,16,5,3
25/01/2003,3,11,1,4
25/01/2003,24,1,1,3
25/01/2003,7,10,4,0
25/01/2003,8,15,1,1
25/01/2003,12,13,3,1
25/01/2003,25,14,1,4
25/01/2003,22,27,1,5
25/01/2003,4,2,1,3
26/01/2003,26,1,2,1
26/01/2003,20,17,4,1
26/01/2003,6,4,1,0
26/01/2003,19,25,2,4
26/01/2003,13,12,3,2
26/01/2003,28,30,4,1
26/01/2003,29,2,4,1
26/01/2003,9,7,4,3
26/01/2003,18,14,3,2
26/01/2003,8,16,4,3
26/01/2003,15,3,7,2
26/01/2003,10,21,0,3
27/01/2003,23,27,1,0
28/01/2003,7,18,1,5
28/01/2003,26,28,0,3
28/01/2003,25,9,5,3
29/01/2003,28,26,3,1
29/01/2003,23,30,2,2
29/01/2003,8,13,6,3
29/01/2003,15,19,3,5
29/01/2003,4,14,0,3
29/01/2003,6,18,2,1
29/01/2003,29,21,2,2
29/01/2003,27,20,4,3
29/01/2003,11,3,5,2
29/01/2003,1,17,1,0
29/01/2003,2,5,5,2
30/01/2003,12,10,2,3
30/01/2003,24,9,3,2
30/01/2003,25,20,4,1
30/01/2003,22,30,5,1
31/01/2003,23,22,3,3
31/01/2003,3,21,3,4
31/01/2003,17,13,2,2
31/01/2003,2,8,3,1
31/01/2003,19,7,2,1
31/01/2003,11,10,2,5
31/01/2003,14,12,3,1
31/01/2003,15,5,2,1
31/01/2003,28,24,3,4
31/01/2003,6,16,1,3
31/01/2003,1,4,5,1
31/01/2003,26,9,3,0
31/01/2003,29,18,2,1
05/02/2003,6,21,2,3
05/02/2003,1,7,4,1
05/02/2003,8,11,3,4
05/02/2003,2,4,1,2
05/02/2003,17,18,5,5
05/02/2003,20,24,2,3
05/02/2003,5,23,2,3
05/02/2003,14,15,1,5
06/02/2003,29,23,4,4
06/02/2003,3,9,3,5
06/02/2003,30,16,2,1
06/02/2003,15,1,1,4
06/02/2003,22,24,2,1
06/02/2003,13,10,0,6
06/02/2003,28,12,6,2
06/02/2003,26,27,4,3
06/02/2003,25,19,2,2
07/02/2003,17,21,0,1
07/02/2003,20,16,2,2
07/02/2003,14,10,2,3
07/02/2003,9,4,2,2
07/02/2003,19,3,4,4
07/02/2003,5,13,0,6
07/02/2003,6,8,6,3
08/02/2003,24,27,3,2
08/02/2003,21,17,5,3
08/02/2003,6,5,2,5
08/02/2003,4,3,2,1
08/02/2003,22,20,3,4
08/02/2003,30,28,4,3
08/02/2003,26,12,8,2
08/02/2003,1,11,2,4
08/02/2003,7,23,2,4
08/02/2003,15,2,3,0
09/02/2003,10,8,3,1
09/02/2003,22,16,0,3
09/02/2003,18,29,3,2
09/02/2003,15,8,0,2
09/02/2003,1,30,3,2
09/02/2003,19,28,4,1
09/02/2003,9,11,3,1
09/02/2003,13,14,4,4
09/02/2003,2,7,3,1
09/02/2003,27,25,1,3
10/02/2003,21,20,4,2
10/02/2003,24,12,2,1
10/02/2003,25,26,3,1
11/02/2003,4,30,0,1
11/02/2003,23,16,2,1
11/02/2003,17,28,5,4
12/02/2003,10,22,4,5
12/02/2003,25,12,2,1
12/02/2003,18,26,2,3
12/02/2003,8,6,3,1
12/02/2003,7,19,2,3
12/02/2003,2,14,6,2
12/02/2003,21,1,3,1
13/02/2003,13,3,1,3
13/02/2003,5,9,0,3
13/02/2003,29,28,1,0
13/02/2003,24,20,4,3
13/02/2003,16,10,1,3
13/02/2003,30,4,2,0
13/02/2003,27,1,0,3
13/02/2003,11,15,1,5
14/02/2003,8,29,1,2
14/02/2003,19,4,3,4
14/02/2003,26,20,4,2
14/02/2003,23,21,2,1
14/02/2003,9,22,2,0
14/02/2003,18,2,2,0
14/02/2003,17,7,4,2
15/02/2003,16,28,2,4
15/02/2003,11,14,2,2
15/02/2003,8,22,3,2
15/02/2003,13,6,5,6
15/02/2003,30,27,2,3
15/02/2003,25,24,2,4
15/02/2003,3,5,1,0
15/02/2003,26,2,2,3
15/02/2003,12,15,3,1
16/02/2003,14,6,5,2
16/02/2003,1,5,1,4
16/02/2003,29,16,1,7
16/02/2003,18,24,2,1
16/02/2003,21,30,3,2
16/02/2003,7,3,5,4
16/02/2003,10,9,2,1
16/02/2003,11,17,2,6
16/02/2003,20,23,2,2
16/02/2003,19,27,3,5
16/02/2003,4,12,2,2
16/02/2003,13,15,1,2
17/02/2003,25,28,3,1
17/02/2003,19,20,5,3
17/02/2003,11,7,4,3
18/02/2003,24,2,2,2
18/02/2003,18,6,5,1
18/02/2003,9,3,3,2
18/02/2003,16,21,4,5
18/02/2003,26,28,3,2
18/02/2003,14,15,3,1
19/02/2003,8,13,0,3
19/02/2003,27,29,5,2
19/02/2003,5,22,4,3
19/02/2003,17,23,3,4
19/02/2003,4,1,2,2
19/02/2003,10,12,4,3
20/02/2003,14,11,2,0
20/02/2003,30,3,2,4
20/02/2003,12,6,1,1
20/02/2003,25,20,1,1
20/02/2003,1,9,3,5
20/02/2003,7,8,2,1
20/02/2003,24,29,2,0
20/02/2003,28,2,0,3
21/02/2003,5,21,2,5
21/02/2003,9,13,3,4
21/02/2003,16,27,1,2
21/02/2003,19,23,2,4
21/02/2003,4,26,5,0
21/02/2003,18,20,4,1
21/02/2003,17,22,6,2
21/02/2003,15,10,2,6
22/02/2003,24,3,2,6
22/02/2003,5,19,2,1
22/02/2003,12,14,2,2
22/02/2003,28,29,6,0
22/02/2003,1,6,3,2
22/02/2003,7,26,1,4
22/02/2003,25,27,2,2
22/02/2003,2,21,4,1
23/02/2003,15,17,1,5
23/02/2003,12,24,0,4
23/02/2003,5,1,3,4
23/02/2003,2,6,4,4
23/02/2003,8,10,3,5
23/02/2003,4,13,2,4
23/02/2003,9,18,4,0
23/02/2003,22,23,2,3
23/02/2003,14,7,1,4
23/02/2003,16,25,0,3
24/02/2003,23,29,7,2
24/02/2003,10,18,2,5
24/02/2003,22,11,3,3
24/02/2003,21,3,4,1
24/02/2003,30,19,3,1
24/02/2003,27,20,2,4
25/02/2003,15,8,4,1
25/02/2003,13,7,2,2
25/02/2003,17,26,5,4
25/02/2003,28,20,5,2
26/02/2003,18,29,5,0
26/02/2003,9,30,0,3
26/02/2003,21,22,4,2
26/02/2003,14,24,2,0
26/02/2003,6,25,5,5
26/02/2003,5,26,3,5
26/02/2003,1,3,3,3
26/02/2003,10,2,5,2
26/02/2003,16,4,0,2
26/02/2003,23,11,8,0
27/02/2003,15,7,3,2
27/02/2003,13,24,1,2
27/02/2003,27,12,4,2
28/02/2003,18,5,6,0
28/02/2003,17,10,7,2
28/02/2003,19,22,4,1
28/02/2003,9,25,3,2
28/02/2003,21,11,3,4
28/02/2003,23,28,2,3
28/02/2003,8,30,3,6
28/02/2003,4,16,5,2
28/02/2003,14,13,3,1
28/02/2003,29,26,3,1
28/02/2003,3,6,4,1
28/02/2003,2,1,3,3
01/03/2003,27,24,3,1
01/03/2003,21,5,4,1
01/03/2003,6,4,2,3
01/03/2003,18,16,5,4
01/03/2003,7,25,5,3
01/03/2003,26,11,4,1
02/03/2003,17,27,5,2
02/03/2003,10,12,4,1
02/03/2003,15,12,2,0
02/03/2003,20,28,4,3
02/03/2003,8,23,1,1
02/03/2003,9,14,1,2
02/03/2003,29,22,3,3
02/03/2003,1,15,2,1
02/03/2003,19,30,2,0
02/03/2003,2,7,2,1
02/03/2003,3,13,5,2
03/03/2003,25,5,3,1
03/03/2003,24,11,1,4
03/03/2003,16,21,2,3
04/03/2003,29,17,2,3
04/03/2003,6,23,4,6
04/03/2003,3,2,1,1
04/03/2003,10,13,1,2
05/03/2003,19,18,2,1
05/03/2003,22,28,2,1
05/03/2003,26,24,1,2
05/03/2003,5,27,1,4
05/03/2003,4,23,3,0
05/03/2003,30,1,3,2
05/03/2003,7,15,1,2
05/03/2003,12,6,2,4
05/03/2003,9,10,4,1
05/03/2003,2,14,1,3
06/03/2003,20,1,5,4
06/03/2003,17,14,3,2
06/03/2003,24,8,3,1
06/03/2003,13,21,1,3
06/03/2003,25,16,7,4
07/03/2003,29,23,5,4
07/03/2003,26,22,1,2
07/03/2003,15,11,4,4
07/03/2003,18,30,2,2
07/03/2003,6,2,4,1
07/03/2003,5,12,0,4
07/03/2003,28,8,4,3
07/03/2003,19,27,6,3
07/03/2003,7,10,4,2
08/03/2003,17,19,7,2
08/03/2003,3,4,5,1
08/03/2003,12,30,1,0
08/03/2003,6,15,5,4
08/03/2003,16,20,0,2
08/03/2003,25,18,1,2
08/03/2003,11,13,1,2
08/03/2003,24,22,1,4
08/03/2003,14,21,4,3
09/03/2003,10,23,3,3
09/03/2003,14,7,1,1
09/03/2003,26,8,2,1
09/03/2003,24,17,4,1
09/03/2003,16,6,8,5
09/03/2003,27,28,6,4
09/03/2003,13,7,0,4
09/03/2003,2,1,2,4
09/03/2003,29,20,2,3
09/03/2003,4,21,1,2
09/03/2003,11,30,4,6
09/03/2003,5,9,1,5
10/03/2003,9,5,4,2
10/03/2003,25,28,3,0
11/03/2003,3,13,1,2
11/03/2003,22,10,2,3
11/03/2003,26,17,2,3
11/03/2003,12,29,6,5
11/03/2003,15,4,2,1
11/03/2003,21,27,2,2
11/03/2003,18,8,1,3
12/03/2003,29,25,0,2
12/03/2003,23,2,4,3
12/03/2003,28,19,2,4
12/03/2003,20,22,2,5
12/03/2003,9,6,4,3
12/03/2003,1,11,2,3
13/03/2003,27,17,2,3
13/03/2003,14,26,4,2
13/03/2003,7,12,2,3
13/03/2003,30,25,4,2
13/03/2003,24,16,5,2
13/03/2003,13,8,0,4
13/03/2003,5,18,2,2
14/03/2003,23,19,4,4
14/03/2003,6,1,4,3
14/03/2003,22,2,2,5
14/03/2003,9,3,3,2
14/03/2003,29,21,1,5
14/03/2003,4,12,5,3
14/03/2003,11,8,2,4
14/03/2003,24,28,3,2
14/03/2003,20,10,4,3
15/03/2003,27,16,0,4
15/03/2003,7,14,2,4
15/03/2003,6,13,4,1
15/03/2003,30,18,3,1
15/03/2003,15,26,1,3
15/03/2003,17,21,5,3
15/03/2003,5,4,1,4
15/03/2003,1,3,3,1
16/03/2003,9,2,2,5
16/03/2003,18,19,0,1
16/03/2003,27,24,4,2
16/03/2003,23,10,0,1
16/03/2003,22,25,4,3
16/03/2003,5,13,2,4
16/03/2003,28,20,3,2
16/03/2003,12,26,0,0
16/03/2003,29,30,5,0
16/03/2003,8,14,1,2
16/03/2003,15,21,2,1
16/03/2003,11,7,5,3
17/03/2003,17,9,6,2
17/03/2003,24,20,2,2
18/03/2003,3,2,1,0
18/03/2003,14,30,3,3
18/03/2003,25,23,2,4
18/03/2003,18,22,3,5
18/03/2003,11,29,3,2
18/03/2003,28,16,2,3
18/03/2003,1,4,2,4
19/03/2003,7,4,5,2
19/03/2003,12,9,5,6
19/03/2003,26,20,1,4
19/03/2003,27,6,2,1
19/03/2003,10,2,3,3
19/03/2003,8,1,0,1
19/03/2003,5,17,1,5
19/03/2003,19,23,6,4
20/03/2003,16,24,3,4
20/03/2003,11,25,4,5
20/03/2003,13,30,1,3
20/03/2003,3,7,3,0
21/03/2003,19,24,3,2
21/03/2003,4,5,4,2
21/03/2003,8,2,3,6
21/03/2003,23,18,7,3
21/03/2003,27,22,3,2
21/03/2003,20,15,1,4
21/03/2003,29,10,4,3
21/03/2003,26,14,2,2
21/03/2003,21,28,2,0
22/03/2003,1,5,3,1
22/03/2003,19,17,2,4
22/03/2003,28,6,3,2
22/03/2003,4,3,1,2
22/03/2003,25,30,2,3
22/03/2003,11,9,1,5
22/03/2003,21,16,8,1
23/03/2003,28,24,2,3
23/03/2003,16,5,1,1
23/03/2003,8,12,5,3
23/03/2003,13,9,1,3
23/03/2003,29,11,2,3
23/03/2003,27,14,0,4
23/03/2003,22,15,5,3
23/03/2003,26,6,3,4
23/03/2003,2,1,2,4
23/03/2003,20,18,1,1
23/03/2003,10,7,3,2
24/03/2003,23,15,6,0
24/03/2003,22,18,3,2
24/03/2003,25,19,3,1
24/03/2003,30,17,4,0
25/03/2003,28,14,1,4
25/03/2003,7,21,4,3
25/03/2003,13,1,1,4
25/03/2003,20,27,2,0
25/03/2003,4,11,6,2
25/03/2003,6,10,3,2
25/03/2003,24,29,5,0
26/03/2003,16,2,2,9
26/03/2003,17,30,4,0
26/03/2003,12,10,3,3
26/03/2003,18,4,1,1
26/03/2003,9,21,2,2
26/03/2003,26,29,1,2
26/03/2003,23,25,3,4
26/03/2003,8,15,3,4
27/03/2003,30,19,0,1
27/03/2003,11,12,5,1
27/03/2003,7,13,2,1
27/03/2003,22,27,4,3
27/03/2003,3,5,1,3
28/03/2003,23,27,5,1
28/03/2003,21,26,3,0
28/03/2003,4,6,2,2
28/03/2003,14,1,2,2
28/03/2003,16,18,4,1
28/03/2003,20,25,2,1
28/03/2003,19,13,2,1
28/03/2003,28,17,3,0
29/03/2003,30,16,4,3
29/03/2003,11,1,1,1
29/03/2003,21,27,6,1
29/03/2003,9,15,2,3
29/03/2003,7,8,4,1
29/03/2003,2,10,2,5
29/03/2003,19,17,2,6
29/03/2003,6,3,1,3
29/03/2003,22,29,4,0
30/03/2003,12,7,1,3
30/03/2003,4,5,3,0
30/03/2003,18,11,2,3
30/03/2003,26,23,1,5
30/03/2003,8,9,1,3
30/03/2003,10,15,4,3
30/03/2003,1,2,6,0
30/03/2003,14,13,1,1
30/03/2003,20,29,4,6
30/03/2003,28,25,3,4
30/03/2003,16,22,4,4
31/03/2003,24,23,3,1
01/04/2003,21,28,3,1
01/04/2003,6,14,2,2
01/04/2003,19,22,5,5
01/04/2003,5,4,1,6
01/04/2003,12,8,0,4
01/04/2003,17,18,3,0
01/04/2003,25,7,3,0
01/04/2003,27,26,4,5
01/04/2003,3,11,3,4
01/04/2003,30,20,3,0
02/04/2003,15,13,3,0
02/04/2003,4,29,4,0
02/04/2003,18,24,1,2
02/04/2003,9,6,3,2
02/04/2003,2,3,2,2
02/04/2003,1,10,2,3
03/04/2003,27,23,3,3
03/04/2003,26,21,5,3
03/04/2003,20,28,2,2
03/04/2003,7,11,4,3
03/04/2003,25,24,2,1
03/04/2003,5,12,3,2
03/04/2003,14,8,2,1
03/04/2003,29,30,3,0
04/04/2003,22,28,3,3
04/04/2003,1,6,1,1
04/04/2003,19,16,4,6
04/04/2003,17,2,5,2
04/04/2003,10,30,2,1
04/04/2003,15,9,1,5
05/04/2003,16,19,2,2
05/04/2003,6,7,8,5
05/04/2003,14,4,1,4
05/04/2003,2,11,2,3
05/04/2003,27,18,1,0
05/04/2003,13,12,4,1
05/04/2003,24,21,3,4
05/04/2003,29,17,5,5
05/04/2003,20,26,2,1
05/04/2003,3,1,1,2
06/04/2003,13,4,2,6
06/04/2003,11,14,6,2
06/04/2003,25,18,2,0
06/04/2003,16,17,4,3
06/04/2003,30,29,4,3
06/04/2003,21,19,5,2
06/04/2003,15,5,5,3
06/04/2003,7,1,2,2
06/04/2003,22,20,1,4
06/04/2003,23,26,0,2
06/04/2003,10,9,1,3
06/04/2003,28,27,3,3
06/04/2003,8,3,5,4
06/04/2003,12,2,1,2
09/10/2003,6,1,3,3
09/10/2003,9,8,5,2
09/10/2003,13,12,3,1
09/10/2003,16,30,1,0
09/10/2003,25,24,4,1
09/10/2003,17,26,3,2
09/10/2003,11,29,2,1
09/10/2003,4,7,2,0
09/10/2003,15,2,6,1
10/10/2003,18,24,3,1
10/10/2003,5,26,0,3
10/10/2003,14,6,5,1
10/10/2003,22,28,5,2
10/10/2003,23,20,4,1
11/10/2003,29,3,5,0
11/10/2003,4,5,3,3
11/10/2003,15,11,3,4
11/10/2003,12,1,1,2
11/10/2003,13,6,1,1
11/10/2003,7,2,0,6
11/10/2003,30,3,5,3
11/10/2003,10,8,0,4
11/10/2003,27,19,2,1
11/10/2003,21,16,5,0
11/10/2003,9,17,2,3
12/10/2003,18,25,1,3
12/10/2003,23,22,3,0
12/10/2003,20,28,3,2
12/10/2003,16,26,2,4
13/10/2003,7,25,4,3
13/10/2003,30,28,2,3
13/10/2003,24,27,0,2
13/10/2003,12,13,2,2
13/10/2003,10,15,2,2
13/10/2003,21,19,1,2
13/10/2003,29,23,3,2
14/10/2003,11,2,2,2
14/10/2003,8,15,5,1
15/10/2003,20,22,1,0
15/10/2003,13,27,1,2
16/10/2003,26,9,4,3
16/10/2003,25,6,0,2
16/10/2003,8,5,4,1
16/10/2003,17,23,3,2
16/10/2003,29,16,2,1
16/10/2003,14,27,5,1
16/10/2003,30,21,2,5
16/10/2003,1,10,2,2
16/10/2003,3,11,0,0
17/10/2003,18,19,4,1
17/10/2003,22,7,4,1
17/10/2003,28,4,0,0
18/10/2003,11,16,7,2
18/10/2003,1,14,2,3
18/10/2003,24,9,0,3
18/10/2003,3,12,2,2
18/10/2003,5,17,4,3
18/10/2003,2,13,2,1
18/10/2003,25,15,4,2
18/10/2003,8,10,0,1
19/10/2003,19,15,4,1
19/10/2003,20,7,0,2
19/10/2003,27,4,4,5
19/10/2003,22,21,6,3
19/10/2003,28,9,1,4
19/10/2003,30,23,2,2
19/10/2003,26,6,3,4
19/10/2003,25,30,3,1
19/10/2003,18,29,3,2
19/10/2003,16,18,3,1
20/10/2003,3,13,3,1
20/10/2003,2,10,5,2
20/10/2003,8,17,2,1
20/10/2003,24,6,3,4
21/10/2003,14,11,3,2
21/10/2003,23,7,6,1
22/10/2003,28,24,0,2
22/10/2003,21,6,1,4
22/10/2003,30,20,2,3
22/10/2003,1,13,1,2
22/10/2003,17,29,4,1
22/10/2003,22,19,4,6
22/10/2003,5,12,1,1
22/10/2003,26,4,4,0
23/10/2003,11,18,4,2
23/10/2003,24,4,4,3
23/10/2003,29,14,0,1
23/10/2003,23,19,3,2
23/10/2003,9,15,5,1
23/10/2003,8,2,3,0
23/10/2003,25,10,1,3
23/10/2003,6,12,0,2
24/10/2003,13,30,3,4
24/10/2003,27,10,4,5
24/10/2003,26,7,1,5
24/10/2003,17,25,4,0
24/10/2003,5,1,1,2
24/10/2003,28,16,3,3
24/10/2003,21,22,6,1
25/10/2003,14,30,3,2
25/10/2003,10,15,4,1
25/10/2003,4,12,4,4
25/10/2003,8,9,2,6
25/10/2003,1,6,2,5
25/10/2003,2,5,7,2
25/10/2003,24,7,2,5
25/10/2003,20,19,1,2
25/10/2003,3,17,3,1
25/10/2003,11,13,2,3
25/10/2003,29,25,2,3
26/10/2003,22,20,2,4
26/10/2003,18,21,3,5
26/10/2003,28,27,4,4
26/10/2003,26,16,2,3
27/10/2003,24,16,1,1
27/10/2003,23,27,3,3
27/10/2003,21,7,1,3
28/10/2003,10,11,2,3
28/10/2003,4,8,5,0
29/10/2003,2,1,0,4
29/10/2003,12,28,3,0
29/10/2003,3,24,1,3
29/10/2003,27,16,2,2
29/10/2003,8,6,0,2
29/10/2003,21,20,4,2
29/10/2003,23,29,6,3
29/10/2003,7,30,1,3
29/10/2003,19,18,1,0
30/10/2003,17,19,5,6
30/10/2003,5,2,4,4
30/10/2003,4,13,5,1
30/10/2003,15,24,2,4
30/10/2003,25,20,4,3
31/10/2003,26,23,1,3
31/10/2003,7,10,5,3
31/10/2003,16,5,0,1
31/10/2003,9,13,2,3
31/10/2003,30,11,3,2
31/10/2003,18,17,5,3
31/10/2003,22,29,4,3
31/10/2003,3,12,4,1
31/10/2003,14,28,2,2
31/10/2003,6,8,0,1
31/10/2003,1,4,3,2
01/11/2003,2,24,4,1
01/11/2003,1,21,4,3
01/11/2003,5,6,3,2
01/11/2003,15,11,2,1
01/11/2003,27,23,1,4
02/11/2003,12,10,1,2
02/11/2003,9,7,1,1
02/11/2003,26,27,7,3
02/11/2003,13,28,2,6
02/11/2003,30,15,2,1
02/11/2003,3,21,2,3
02/11/2003,22,17,4,4
02/11/2003,8,3,1,5
02/11/2003,18,25,1,1
02/11/2003,10,4,1,7
02/11/2003,20,29,3,0
02/11/2003,19,16,2,3
02/11/2003,14,12,4,3
03/11/2003,25,18,7,3
03/11/2003,11,28,2,2
03/11/2003,16,24,3,1
04/11/2003,23,17,5,1
04/11/2003,2,9,6,3
05/11/2003,14,15,1,5
05/11/2003,3,25,3,0
05/11/2003,19,24,2,1
05/11/2003,20,17,0,3
05/11/2003,8,22,2,4
05/11/2003,10,5,4,2
05/11/2003,21,30,4,4
06/11/2003,18,23,3,4
06/11/2003,1,28,3,2
06/11/2003,7,11,4,7
06/11/2003,13,26,2,3
07/11/2003,12,3,6,3
07/11/2003,14,26,0,1
07/11/2003,4,15,4,2
07/11/2003,19,23,3,2
07/11/2003,21,27,2,1
07/11/2003,9,22,3,3
07/11/2003,6,28,5,5
07/11/2003,2,25,4,1
08/11/2003,3,4,1,2
08/11/2003,29,11,4,2
08/11/2003,20,30,0,3
08/11/2003,13,5,6,3
08/11/2003,1,10,1,1
08/11/2003,7,8,2,1
08/11/2003,18,16,1,2
09/11/2003,14,5,9,0
09/11/2003,9,1,0,1
09/11/2003,27,24,4,3
09/11/2003,29,20,4,3
09/11/2003,15,28,2,3
09/11/2003,12,14,1,1
09/11/2003,19,13,2,0
09/11/2003,10,22,4,1
09/11/2003,2,11,3,4
09/11/2003,12,26,3,2
09/11/2003,6,25,4,1
09/11/2003,23,30,4,3
09/11/2003,17,18,3,4
09/11/2003,8,7,3,0
10/11/2003,24,27,2,1
10/11/2003,16,21,3,4
11/11/2003,3,22,4,5
11/11/2003,15,26,2,3
11/11/2003,17,16,3,0
12/11/2003,8,29,1,1
12/11/2003,6,22,4,3
12/11/2003,4,2,2,1
12/11/2003,13,14,4,0
12/11/2003,11,9,3,5
12/11/2003,30,23,1,0
12/11/2003,28,21,3,4
13/11/2003,3,5,6,2
13/11/2003,25,17,2,6
13/11/2003,15,12,7,1
13/11/2003,24,10,5,1
13/11/2003,16,20,2,6
13/11/2003,7,1,2,2
14/11/2003,30,22,0,2
14/11/2003,4,23,4,3
14/11/2003,28,19,3,4
14/11/2003,2,8,3,1
14/11/2003,18,20,4,1
14/11/2003,27,21,3,2
14/11/2003,26,10,4,4
14/11/2003,9,29,5,2
14/11/2003,12,11,5,1
14/11/2003,1,13,3,1
15/11/2003,26,19,0,1
15/11/2003,29,6,0,4
15/11/2003,25,27,3,3
15/11/2003,16,17,3,4
15/11/2003,7,5,1,2
15/11/2003,15,14,2,5
15/11/2003,1,3,5,0
16/11/2003,21,25,3,0
16/11/2003,9,8,2,3
16/11/2003,28,10,2,2
16/11/2003,5,13,2,3
16/11/2003,30,17,1,1
16/11/2003,6,23,2,1
16/11/2003,11,13,5,2
16/11/2003,4,11,4,0
16/11/2003,22,20,2,1
16/11/2003,29,27,2,2
16/11/2003,18,2,4,3
16/11/2003,12,15,1,2
17/11/2003,24,19,4,3
17/11/2003,16,3,2,2
18/11/2003,9,7,1,2
19/11/2003,12,4,2,2
19/11/2003,28,3,2,2
19/11/2003,23,8,5,4
19/11/2003,22,16,5,2
19/11/2003,21,24,2,1
19/11/2003,20,10,3,2
20/11/2003,5,30,2,6
20/11/2003,26,18,3,0
20/11/2003,25,24,3,3
20/11/2003,27,19,5,4
20/11/2003,17,29,5,1
20/11/2003,1,7,4,1
20/11/2003,13,2,1,4
20/11/2003,11,6,5,4
21/11/2003,22,10,3,2
21/11/2003,14,2,3,2
21/11/2003,21,3,4,3
21/11/2003,20,8,2,1
21/11/2003,6,15,3,2
21/11/2003,23,16,3,2
21/11/2003,4,30,3,1
21/11/2003,9,12,6,1
21/11/2003,29,17,3,0
22/11/2003,25,26,3,1
22/11/2003,7,12,5,0
22/11/2003,27,28,0,5
22/11/2003,24,18,3,4
22/11/2003,1,5,2,1
22/11/2003,13,11,3,6
23/11/2003,5,9,2,1
23/11/2003,21,26,0,2
23/11/2003,23,10,3,5
23/11/2003,11,27,1,0
23/11/2003,15,13,2,3
23/11/2003,14,7,2,1
23/11/2003,3,9,6,2
23/11/2003,20,16,2,1
23/11/2003,4,6,3,2
23/11/2003,22,8,3,4
23/11/2003,28,18,3,1
23/11/2003,30,17,2,5
23/11/2003,19,25,2,1
23/11/2003,29,2,2,1
24/11/2003,12,14,0,0
25/11/2003,21,18,2,3
25/11/2003,25,27,5,2
25/11/2003,10,23,2,1
25/11/2003,13,7,2,1
25/11/2003,17,15,1,4
26/11/2003,29,22,3,3
26/11/2003,19,6,4,3
26/11/2003,26,1,0,4
26/11/2003,14,3,0,2
26/11/2003,8,23,2,5
26/11/2003,11,9,3,6
27/11/2003,28,16,3,2
27/11/2003,13,3,3,3
27/11/2003,18,29,4,2
27/11/2003,17,22,7,1
27/11/2003,2,12,0,2
27/11/2003,30,25,1,3
27/11/2003,5,4,1,1
27/11/2003,7,15,5,2
27/11/2003,24,1,3,3
28/11/2003,24,16,4,3
28/11/2003,9,23,2,3
28/11/2003,27,26,6,4
28/11/2003,20,21,5,6
28/11/2003,11,10,1,3
28/11/2003,30,28,1,2
28/11/2003,6,18,1,2
28/11/2003,4,12,4,2
29/11/2003,7,13,4,3
29/11/2003,22,21,1,4
29/11/2003,15,8,3,5
29/11/2003,14,19,2,2
29/11/2003,5,3,1,4
29/11/2003,25,1,2,0
29/11/2003,26,16,3,1
29/11/2003,17,2,6,0
30/11/2003,9,10,1,2
30/11/2003,20,23,4,4
30/11/2003,30,24,1,1
30/11/2003,19,17,1,2
30/11/2003,18,7,4,1
30/11/2003,8,13,1,1
30/11/2003,29,15,3,5
30/11/2003,12,5,4,3
30/11/2003,2,4,1,5
30/11/2003,11,14,2,1
01/12/2003,6,27,3,3
01/12/2003,22,28,1,2
01/12/2003,21,1,1,1
01/12/2003,3,10,2,4
01/12/2003,25,26,1,2
02/12/2003,9,4,4,1
02/12/2003,5,11,4,3
03/12/2003,8,14,3,2
03/12/2003,20,28,3,1
03/12/2003,2,15,1,4
03/12/2003,19,26,4,1
03/12/2003,10,3,5,4
03/12/2003,1,27,1,3
03/12/2003,29,24,2,1
04/12/2003,11,6,4,6
04/12/2003,22,30,0,1
04/12/2003,4,5,5,2
04/12/2003,12,18,1,2
04/12/2003,17,24,7,2
04/12/2003,16,7,2,3
04/12/2003,13,9,0,4
05/12/2003,6,10,0,6
05/12/2003,2,3,2,4
05/12/2003,7,27,2,3
05/12/2003,28,21,2,2
05/12/2003,29,18,2,4
05/12/2003,1,15,3,0
05/12/2003,14,9,1,4
05/12/2003,23,20,1,4
05/12/2003,26,25,3,0
05/12/2003,19,17,4,4
06/12/2003,11,24,6,2
06/12/2003,12,8,1,1
06/12/2003,4,27,3,2
06/12/2003,20,30,2,1
07/12/2003,21,29,5,1
07/12/2003,2,16,5,2
07/12/2003,28,25,2,1
07/12/2003,13,11,3,4
07/12/2003,3,14,2,3
07/12/2003,7,14,1,3
07/12/2003,22,5,4,3
07/12/2003,9,1,1,2
07/12/2003,6,4,1,1
07/12/2003,19,18,4,1
07/12/2003,10,17,5,2
07/12/2003,8,12,3,1
07/12/2003,26,15,7,3
07/12/2003,23,30,1,1
08/12/2003,24,25,4,0
08/12/2003,16,27,2,2
08/12/2003,20,5,6,1
09/12/2003,17,26,3,2
09/12/2003,21,15,4,1
09/12/2003,8,4,2,3
09/12/2003,6,9,2,2
10/12/2003,22,12,2,3
10/12/2003,2,14,5,2
10/12/2003,10,19,2,3
10/12/2003,30,20,2,1
10/12/2003,23,5,4,3
11/12/2003,29,4,1,1
11/12/2003,3,8,1,2
11/12/2003,13,6,1,1
11/12/2003,24,28,3,2
11/12/2003,7,17,2,7
11/12/2003,1,2,1,0
11/12/2003,11,26,4,3
11/12/2003,27,25,2,1
12/12/2003,23,21,1,1
12/12/2003,9,14,3,2
12/12/2003,16,17,4,3
12/12/2003,15,6,6,5
12/12/2003,28,22,2,2
12/12/2003,20,12,1,0
12/12/2003,18,26,1,4
12/12/2003,30,10,0,1
13/12/2003,11,5,6,3
13/12/2003,25,16,1,0
13/12/2003,27,22,3,3
13/12/2003,1,4,3,3
13/12/2003,7,3,1,3
13/12/2003,29,19,2,3
13/12/2003,13,8,4,2
14/12/2003,9,6,2,3
14/12/2003,5,29,5,3
14/12/2003,19,26,2,1
14/12/2003,20,21,1,1
14/12/2003,18,13,2,2
14/12/2003,30,7,3,2
14/12/2003,14,8,2,5
14/12/2003,4,1,0,2
14/12/2003,15,17,1,5
14/12/2003,10,3,3,1
14/12/2003,2,11,4,0
14/12/2003,28,24,2,0
15/12/2003,16,25,1,1
15/12/2003,24,22,2,3
15/12/2003,23,12,2,1
16/12/2003,17,13,4,1
16/12/2003,27,30,2,5
17/12/2003,10,14,3,0
17/12/2003,19,29,2,1
17/12/2003,5,7,2,1
17/12/2003,11,15,0,5
17/12/2003,8,6,1,1
17/12/2003,26,22,4,2
17/12/2003,2,1,5,4
17/12/2003,18,23,1,2
17/12/2003,4,20,2,3
18/12/2003,17,28,3,2
18/12/2003,13,15,2,2
18/12/2003,21,30,2,3
18/12/2003,25,23,3,1
19/12/2003,19,28,4,2
19/12/2003,4,14,4,5
19/12/2003,8,18,5,4
19/12/2003,22,30,1,1
19/12/2003,6,20,0,5
19/12/2003,26,27,4,4
19/12/2003,12,5,2,1
19/12/2003,11,1,0,3
19/12/2003,3,2,4,3
19/12/2003,9,16,6,1
20/12/2003,29,20,1,2
20/12/2003,7,1,2,5
20/12/2003,13,25,1,0
20/12/2003,4,2,3,1
20/12/2003,15,10,2,2
20/12/2003,24,21,1,0
20/12/2003,6,12,1,2
20/12/2003,17,16,3,2
21/12/2003,10,8,4,2
21/12/2003,19,27,1,1
21/12/2003,14,25,1,2
21/12/2003,18,17,1,0
21/12/2003,26,21,3,3
21/12/2003,22,23,0,3
21/12/2003,30,29,5,2
21/12/2003,9,3,3,1
21/12/2003,15,2,4,5
21/12/2003,5,11,4,7
22/12/2003,16,1,2,2
22/12/2003,24,28,1,2
22/12/2003,11,4,4,1
23/12/2003,18,27,3,3
23/12/2003,23,26,4,4
23/12/2003,8,5,4,1
23/12/2003,9,13,3,2
23/12/2003,17,19,2,1
23/12/2003,28,24,2,1
23/12/2003,12,25,1,3
23/12/2003,3,6,4,2
24/12/2003,7,9,2,2
24/12/2003,29,27,1,2
24/12/2003,10,13,5,2
24/12/2003,6,14,1,1
24/12/2003,16,19,3,0
24/12/2003,15,8,3,2
24/12/2003,30,18,3,3
24/12/2003,2,4,4,2
24/12/2003,20,22,2,1
27/12/2003,28,26,5,0
27/12/2003,16,29,1,4
27/12/2003,20,23,0,2
27/12/2003,9,5,3,3
27/12/2003,3,10,5,6
27/12/2003,19,21,3,3
27/12/2003,11,14,3,1
27/12/2003,25,18,2,1
27/12/2003,15,7,1,3
27/12/2003,7,12,3,1
27/12/2003,17,30,2,2
27/12/2003,1,2,3,4
28/12/2003,12,8,2,1
28/12/2003,13,24,3,2
28/12/2003,29,25,3,4
28/12/2003,27,18,1,3
28/12/2003,9,11,5,2
28/12/2003,2,10,3,1
28/12/2003,5,1,0,2
28/12/2003,23,22,2,6
28/12/2003,26,28,4,4
28/12/2003,14,6,4,2
28/12/2003,21,4,3,2
29/12/2003,22,20,1,2
29/12/2003,16,17,3,0
30/12/2003,29,19,2,3
30/12/2003,15,6,1,3
30/12/2003,13,10,4,4
30/12/2003,27,3,2,3
30/12/2003,12,7,2,1
30/12/2003,25,4,2,2
30/12/2003,28,18,5,2
30/12/2003,20,30,2,2
30/12/2003,21,23,2,3
30/12/2003,11,8,1,2
30/12/2003,14,24,0,2
30/12/2003,2,1,3,1
30/12/2003,5,16,1,0
31/12/2003,5,2,1,6
31/12/2003,14,13,2,2
31/12/2003,19,4,2,7
31/12/2003,22,30,2,2
31/12/2003,26,3,2,3
31/12/2003,6,9,0,3
01/01/2004,25,8,1,1
01/01/2004,18,5,3,2
01/01/2004,12,24,1,3
01/01/2004,17,11,6,5
01/01/2004,20,21,1,2
01/01/2004,15,1,2,2
01/01/2004,16,23,3,4
01/01/2004,29,28,0,1
01/01/2004,7,15,7,1
01/01/2004,27,26,4,0
02/01/2004,6,10,3,2
02/01/2004,14,29,0,2
02/01/2004,13,4,1,2
02/01/2004,9,2,1,0
02/01/2004,19,3,5,4
03/01/2004,25,27,0,6
03/01/2004,7,24,5,2
03/01/2004,8,11,5,1
03/01/2004,30,22,1,2
03/01/2004,12,17,1,4
03/01/2004,5,3,1,4
03/01/2004,16,28,2,1
03/01/2004,23,21,2,4
04/01/2004,13,29,1,0
04/01/2004,17,24,3,1
04/01/2004,14,4,6,1
04/01/2004,8,15,4,1
04/01/2004,26,25,2,2
04/01/2004,6,2,3,3
04/01/2004,9,15,5,2
04/01/2004,20,23,1,3
04/01/2004,19,28,1,3
04/01/2004,18,1,3,2
04/01/2004,10,7,3,3
04/01/2004,12,27,0,3
05/01/2004,16,22,3,4
05/01/2004,21,30,3,1
06/01/2004,17,18,6,0
06/01/2004,24,25,2,2
06/01/2004,1,22,3,2
06/01/2004,3,20,0,5
06/01/2004,5,10,0,5
06/01/2004,23,28,1,2
06/01/2004,19,30,1,1
07/01/2004,9,14,5,2
07/01/2004,12,19,2,0
07/01/2004,8,7,3,1
07/01/2004,2,20,2,3
07/01/2004,10,18,2,1
07/01/2004,21,29,6,0
08/01/2004,15,27,0,3
08/01/2004,17,6,0,3
08/01/2004,24,26,4,4
08/01/2004,30,16,7,4
08/01/2004,1,5,2,4
08/01/2004,7,4,1,1
09/01/2004,28,29,2,3
09/01/2004,10,9,1,7
09/01/2004,12,3,3,2
09/01/2004,6,5,3,1
09/01/2004,2,22,3,2
09/01/2004,4,13,3,4
09/01/2004,8,14,1,4
09/01/2004,18,21,4,3
09/01/2004,26,23,1,3
09/01/2004,25,11,2,1
09/01/2004,16,20,3,1
10/01/2004,2,3,2,3
10/01/2004,28,11,5,2
10/01/2004,6,17,2,1
10/01/2004,30,27,0,2
10/01/2004,1,14,1,4
10/01/2004,5,8,0,8
10/01/2004,7,9,3,2
10/01/2004,15,12,4,1
10/01/2004,25,21,2,4
10/01/2004,24,23,2,5
11/01/2004,4,22,0,3
11/01/2004,15,22,1,0
11/01/2004,3,14,1,2
11/01/2004,10,1,0,1
11/01/2004,26,29,2,2
11/01/2004,12,9,2,2
11/01/2004,20,13,4,2
11/01/2004,18,19,3,1
12/01/2004,24,29,2,2
12/01/2004,27,11,1,1
12/01/2004,23,13,2,2
12/01/2004,16,21,4,5
13/01/2004,19,16,7,4
13/01/2004,6,7,4,3
13/01/2004,4,5,1,2
13/01/2004,30,18,3,3
14/01/2004,3,2,4,1
14/01/2004,7,4,6,2
14/01/2004,1,9,0,4
14/01/2004,5,14,1,3
14/01/2004,28,25,0,3
14/01/2004,18,26,0,0
14/01/2004,22,13,4,2
14/01/2004,27,23,1,4
14/01/2004,21,24,3,1
14/01/2004,10,20,4,1
14/01/2004,8,19,5,2
15/01/2004,17,16,4,2
15/01/2004,30,26,2,2
15/01/2004,11,8,1,2
15/01/2004,15,20,3,3
16/01/2004,7,6,0,1
16/01/2004,22,24,1,0
16/01/2004,18,27,4,3
16/01/2004,3,1,3,3
16/01/2004,9,2,4,4
16/01/2004,19,29,5,3
16/01/2004,21,25,4,1
16/01/2004,14,12,5,4
16/01/2004,28,23,3,1
17/01/2004,1,15,2,1
17/01/2004,30,5,4,2
17/01/2004,11,12,3,4
17/01/2004,4,10,4,1
17/01/2004,17,27,3,3
17/01/2004,29,26,3,2
18/01/2004,15,5,4,3
18/01/2004,9,6,4,0
18/01/2004,2,7,4,2
18/01/2004,21,28,1,2
18/01/2004,23,24,1,2
18/01/2004,20,25,2,3
18/01/2004,12,11,2,5
18/01/2004,18,22,2,1
18/01/2004,19,30,2,2
18/01/2004,8,3,2,2
18/01/2004,10,4,0,4
18/01/2004,13,14,2,1
19/01/2004,2,9,5,2
19/01/2004,16,26,1,2
19/01/2004,13,19,1,2
19/01/2004,29,22,4,4
19/01/2004,6,3,5,2
20/01/2004,24,20,1,5
20/01/2004,28,17,2,1
20/01/2004,14,21,4,5
20/01/2004,23,25,2,3
20/01/2004,18,30,2,0
21/01/2004,12,9,1,3
21/01/2004,5,1,0,3
21/01/2004,3,6,1,4
21/01/2004,22,25,3,0
21/01/2004,10,2,2,0
21/01/2004,26,20,4,1
21/01/2004,4,8,1,4
21/01/2004,11,7,4,1
22/01/2004,24,17,2,2
22/01/2004,29,19,3,1
22/01/2004,1,12,1,2
22/01/2004,23,14,5,4
22/01/2004,15,10,2,3
22/01/2004,30,16,4,2
22/01/2004,13,21,5,6
22/01/2004,27,28,2,4
23/01/2004,26,17,4,5
23/01/2004,16,29,7,0
23/01/2004,20,18,4,0
23/01/2004,3,4,2,4
23/01/2004,6,7,2,3
23/01/2004,9,5,6,5
23/01/2004,22,14,2,3
23/01/2004,28,27,1,2
23/01/2004,11,21,1,1
24/01/2004,1,8,2,0
24/01/2004,25,19,2,0
24/01/2004,4,7,2,1
24/01/2004,24,30,6,2
24/01/2004,13,15,4,1
24/01/2004,12,2,2,3
25/01/2004,26,24,4,2
25/01/2004,8,10,1,4
25/01/2004,27,17,5,2
25/01/2004,22,18,3,4
25/01/2004,5,21,3,5
25/01/2004,11,2,0,3
25/01/2004,29,16,4,3
25/01/2004,6,13,1,2
25/01/2004,20,14,2,6
25/01/2004,9,3,9,1
25/01/2004,28,30,4,0
25/01/2004,19,25,2,3
25/01/2004,12,7,2,4
26/01/2004,15,4,1,4
26/01/2004,1,11,3,2
26/01/2004,23,18,4,1
27/01/2004,25,17,2,2
27/01/2004,26,30,2,2
27/01/2004,3,13,5,2
28/01/2004,21,22,3,1
28/01/2004,10,12,0,2
28/01/2004,5,14,2,6
28/01/2004,23,16,3,2
28/01/2004,2,6,2,2
28/01/2004,27,20,1,2
28/01/2004,29,1,3,4
28/01/2004,7,8,4,1
29/01/2004,25,9,5,3
29/01/2004,3,15,1,2
29/01/2004,28,20,4,1
29/01/2004,11,19,1,1
29/01/2004,13,4,3,3
29/01/2004,24,26,3,4
30/01/2004,19,23,2,4
30/01/2004,30,8,2,3
30/01/2004,17,1,5,2
30/01/2004,26,21,3,3
30/01/2004,27,9,1,4
30/01/2004,29,18,4,6
30/01/2004,6,2,2,1
30/01/2004,22,16,5,2
30/01/2004,12,15,3,5
30/01/2004,14,5,5,1
31/01/2004,11,10,1,4
31/01/2004,3,7,1,3
31/01/2004,5,4,3,5
31/01/2004,20,16,3,5
31/01/2004,8,6,0,1
31/01/2004,25,28,3,1
31/01/2004,24,21,4,3
01/02/2004,15,23,1,6
01/02/2004,6,5,4,1
01/02/2004,19,1,1,4
01/02/2004,7,3,3,1
01/02/2004,8,16,6,4
01/02/2004,14,11,5,2
01/02/2004,27,25,4,5
01/02/2004,17,12,4,4
01/02/2004,20,24,6,4
01/02/2004,2,13,4,2
01/02/2004,10,9,5,1
01/02/2004,22,26,3,4
01/02/2004,29,30,2,1
01/02/2004,18,28,3,2
03/02/2004,22,24,2,1
03/02/2004,3,23,4,3
03/02/2004,27,29,3,3
03/02/2004,4,14,1,2
03/02/2004,30,19,4,0
04/02/2004,20,26,4,4
04/02/2004,5,8,3,4
04/02/2004,6,11,5,4
04/02/2004,10,16,1,4
04/02/2004,21,12,3,1
04/02/2004,2,23,5,4
04/02/2004,28,13,3,0
04/02/2004,18,17,1,4
04/02/2004,1,9,2,1
04/02/2004,15,14,2,1
05/02/2004,24,12,3,2
05/02/2004,4,15,5,1
05/02/2004,25,29,1,0
05/02/2004,27,13,4,5
05/02/2004,22,19,5,3
05/02/2004,3,30,3,4
06/02/2004,1,23,0,4
06/02/2004,8,2,2,1
06/02/2004,18,14,2,5
06/02/2004,9,10,4,5
06/02/2004,28,27,5,0
06/02/2004,11,4,1,5
06/02/2004,7,6,2,6
06/02/2004,21,17,2,3
06/02/2004,20,19,1,2
11/02/2004,4,1,4,1
11/02/2004,9,19,3,1
11/02/2004,21,2,1,1
11/02/2004,20,11,5,2
11/02/2004,13,8,2,1
11/02/2004,7,28,2,1
11/02/2004,30,26,1,3
11/02/2004,14,10,4,4
11/02/2004,5,6,3,6
12/02/2004,16,18,5,2
12/02/2004,25,2,4,4
12/02/2004,1,3,1,3
12/02/2004,23,20,2,3
12/02/2004,22,11,5,1
12/02/2004,17,28,4,2
12/02/2004,29,26,3,2
12/02/2004,24,27,5,3
13/02/2004,12,15,3,3
13/02/2004,19,21,0,4
13/02/2004,3,4,1,2
13/02/2004,9,6,3,2
13/02/2004,14,8,5,3
13/02/2004,10,29,4,1
13/02/2004,13,5,5,1
14/02/2004,18,15,5,2
14/02/2004,16,6,2,1
14/02/2004,4,3,6,2
14/02/2004,17,21,2,5
14/02/2004,1,12,4,1
14/02/2004,20,24,2,1
14/02/2004,30,22,3,0
14/02/2004,7,26,8,3
14/02/2004,23,11,1,4
14/02/2004,27,2,2,5
15/02/2004,1,26,3,2
15/02/2004,16,15,0,4
15/02/2004,14,13,3,2
15/02/2004,10,7,4,6
15/02/2004,9,8,5,2
15/02/2004,18,22,2,2
15/02/2004,19,5,3,2
15/02/2004,27,25,3,2
15/02/2004,29,28,1,2
15/02/2004,23,24,1,2
15/02/2004,30,20,1,2
16/02/2004,19,27,4,2
16/02/2004,2,26,1,1
16/02/2004,7,11,7,2
16/02/2004,3,9,1,4
17/02/2004,24,25,3,1
17/02/2004,12,13,3,1
17/02/2004,21,23,0,1
17/02/2004,29,18,4,2
17/02/2004,5,10,4,8
17/02/2004,17,22,2,1
17/02/2004,4,28,2,5
18/02/2004,8,11,1,4
18/02/2004,14,4,5,2
18/02/2004,10,6,2,5
18/02/2004,1,30,4,4
18/02/2004,15,9,1,1
19/02/2004,7,13,1,1
19/02/2004,2,5,4,3
19/02/2004,17,27,5,2
19/02/2004,18,28,7,3
19/02/2004,26,25,3,4
19/02/2004,21,22,1,5
19/02/2004,24,29,3,1
20/02/2004,3,2,6,2
20/02/2004,8,20,4,1
20/02/2004,19,14,4,3
20/02/2004,4,6,3,4
20/02/2004,30,23,6,2
20/02/2004,12,10,1,2
20/02/2004,16,28,3,6
20/02/2004,9,11,2,3
20/02/2004,15,1,3,1
21/02/2004,4,11,5,4
21/02/2004,7,14,4,3
21/02/2004,27,29,3,2
21/02/2004,25,21,5,1
21/02/2004,9,20,2,1
21/02/2004,24,18,2,3
21/02/2004,5,13,0,2
21/02/2004,17,19,5,1
21/02/2004,3,1,3,7
22/02/2004,10,8,5,4
22/02/2004,1,20,3,1
22/02/2004,27,18,2,8
22/02/2004,16,19,3,2
22/02/2004,5,9,3,6
22/02/2004,26,29,4,3
22/02/2004,22,23,4,3
22/02/2004,15,13,2,2
22/02/2004,2,7,4,1
22/02/2004,25,24,4,0
22/02/2004,12,6,3,3
23/02/2004,30,21,1,3
24/02/2004,26,18,3,0
24/02/2004,28,29,4,2
24/02/2004,10,12,1,2
24/02/2004,15,14,3,6
24/02/2004,6,13,0,2
24/02/2004,22,17,1,1
24/02/2004,3,8,1,4
24/02/2004,27,24,1,1
25/02/2004,4,16,3,1
25/02/2004,21,20,0,2
25/02/2004,23,17,4,2
25/02/2004,8,9,4,2
25/02/2004,2,6,0,0
26/02/2004,15,12,1,2
26/02/2004,1,7,8,2
26/02/2004,27,5,3,4
26/02/2004,11,14,2,4
26/02/2004,24,22,4,2
26/02/2004,25,26,1,1
26/02/2004,29,16,3,4
26/02/2004,13,10,4,0
27/02/2004,6,8,2,3
27/02/2004,2,3,3,6
27/02/2004,14,10,4,3
27/02/2004,20,17,1,2
27/02/2004,18,30,4,0
27/02/2004,23,28,3,2
27/02/2004,21,19,2,2
27/02/2004,9,4,1,1
28/02/2004,26,24,2,1
28/02/2004,28,5,4,2
28/02/2004,13,15,1,4
28/02/2004,27,22,2,7
28/02/2004,7,2,2,4
28/02/2004,1,11,2,3
28/02/2004,25,30,3,1
28/02/2004,16,29,3,4
28/02/2004,6,4,3,2
28/02/2004,18,3,2,1
29/02/2004,11,3,3,2
29/02/2004,14,15,4,2
29/02/2004,23,19,2,0
29/02/2004,2,5,2,3
29/02/2004,25,22,5,4
29/02/2004,8,12,1,0
29/02/2004,29,21,5,4
29/02/2004,9,7,7,1
29/02/2004,24,26,6,3
29/02/2004,10,1,3,0
29/02/2004,16,13,2,2
01/03/2004,17,4,4,2
01/03/2004,28,19,1,0
01/03/2004,30,12,3,3
01/03/2004,20,27,4,2
02/03/2004,21,14,0,3
02/03/2004,8,1,2,1
02/03/2004,18,16,2,2
03/03/2004,5,2,3,3
03/03/2004,3,11,3,4
03/03/2004,19,20,2,4
03/03/2004,15,13,0,1
03/03/2004,12,29,0,3
03/03/2004,22,27,5,4
03/03/2004,10,6,3,2
04/03/2004,7,9,4,3
04/03/2004,24,30,2,0
04/03/2004,28,8,4,3
04/03/2004,4,18,5,2
04/03/2004,17,20,2,1
04/03/2004,13,1,2,5
04/03/2004,16,14,3,5
04/03/2004,21,23,5,5
04/03/2004,25,29,4,2
05/03/2004,19,22,1,1
05/03/2004,5,18,4,9
05/03/2004,6,3,3,1
05/03/2004,26,30,1,1
05/03/2004,10,2,6,2
06/03/2004,21,28,5,1
06/03/2004,17,23,3,1
06/03/2004,25,20,5,1
06/03/2004,14,1,3,2
06/03/2004,27,8,3,4
06/03/2004,16,24,2,5
06/03/2004,11,12,2,3
06/03/2004,3,15,3,2
06/03/2004,4,9,5,3
07/03/2004,3,5,4,7
07/03/2004,5,24,2,1
07/03/2004,21,20,1,7
07/03/2004,15,4,2,1
07/03/2004,7,19,1,5
07/03/2004,26,8,2,4
07/03/2004,6,11,2,2
07/03/2004,29,23,0,4
07/03/2004,9,18,4,2
07/03/2004,10,7,1,5
07/03/2004,12,1,1,4
07/03/2004,13,14,3,5
07/03/2004,2,19,2,4
07/03/2004,16,22,3,4
07/03/2004,25,28,4,0
08/03/2004,27,30,1,1
09/03/2004,24,8,2,5
09/03/2004,29,12,1,4
09/03/2004,15,9,1,4
09/03/2004,23,21,2,9
09/03/2004,17,14,1,1
10/03/2004,1,4,1,3
10/03/2004,18,6,2,3
10/03/2004,26,27,3,2
10/03/2004,28,30,3,4
10/03/2004,10,13,5,0
10/03/2004,19,2,3,2
10/03/2004,5,25,4,0
10/03/2004,11,3,0,2
10/03/2004,20,22,1,1
11/03/2004,27,26,1,3
11/03/2004,15,7,0,6
11/03/2004,22,21,2,3
11/03/2004,12,14,2,4
11/03/2004,23,30,1,1
12/03/2004,4,25,2,2
12/03/2004,20,9,4,2
12/03/2004,1,16,6,4
12/03/2004,8,13,2,3
12/03/2004,10,5,2,3
12/03/2004,7,6,2,3
12/03/2004,29,17,2,4
12/03/2004,28,2,5,4
12/03/2004,19,18,1,1
13/03/2004,14,3,5,2
13/03/2004,12,11,4,2
13/03/2004,6,7,3,2
13/03/2004,15,16,3,4
13/03/2004,28,26,3,1
13/03/2004,22,23,3,4
13/03/2004,17,25,3,0
13/03/2004,4,1,2,1
13/03/2004,24,2,1,3
13/03/2004,27,21,2,3
14/03/2004,21,27,4,1
14/03/2004,18,20,4,4
14/03/2004,8,10,4,3
14/03/2004,26,24,5,1
14/03/2004,5,4,3,3
14/03/2004,23,9,1,2
14/03/2004,16,25,0,4
14/03/2004,14,12,1,5
14/03/2004,11,15,5,2
14/03/2004,13,3,3,2
14/03/2004,19,29,5,3
15/03/2004,19,20,0,3
15/03/2004,30,29,3,2
15/03/2004,17,18,3,2
15/03/2004,22,9,3,1
16/03/2004,7,10,5,6
16/03/2004,3,1,1,3
16/03/2004,11,12,1,0
17/03/2004,23,18,2,2
17/03/2004,5,15,4,1
17/03/2004,22,29,3,2
17/03/2004,17,20,1,4
17/03/2004,27,24,2,3
17/03/2004,14,2,1,3
17/03/2004,30,9,5,2
17/03/2004,25,28,3,3
17/03/2004,10,6,1,2
17/03/2004,8,21,4,2
17/03/2004,26,19,3,5
18/03/2004,24,19,1,1
18/03/2004,1,5,6,1
18/03/2004,11,7,3,4
18/03/2004,16,12,2,3
18/03/2004,13,2,6,4
19/03/2004,27,17,1,1
19/03/2004,26,28,3,5
19/03/2004,6,30,0,2
19/03/2004,4,10,2,3
19/03/2004,9,21,2,0
19/03/2004,14,7,3,1
19/03/2004,20,29,2,0
19/03/2004,15,3,4,3
19/03/2004,25,23,3,0
20/03/2004,24,28,2,4
20/03/2004,6,14,5,4
20/03/2004,25,19,3,1
20/03/2004,22,18,5,4
20/03/2004,4,3,3,0
20/03/2004,16,23,4,3
20/03/2004,5,12,4,3
20/03/2004,11,13,3,2
20/03/2004,1,8,1,1
20/03/2004,2,30,3,1
21/03/2004,2,14,3,0
21/03/2004,10,21,5,2
21/03/2004,13,7,1,2
21/03/2004,9,12,2,3
21/03/2004,26,17,2,4
21/03/2004,20,18,1,3
21/03/2004,16,27,2,2
21/03/2004,5,3,4,3
21/03/2004,15,11,2,2
21/03/2004,8,1,3,2
22/03/2004,28,22,2,5
22/03/2004,23,29,4,5
22/03/2004,24,17,8,6
23/03/2004,26,22,1,2
23/03/2004,30,27,2,3
23/03/2004,20,25,0,4
24/03/2004,6,9,4,2
24/03/2004,13,1,3,4
24/03/2004,18,24,1,4
24/03/2004,2,15,3,0
24/03/2004,21,16,2,2
24/03/2004,10,14,2,7
24/03/2004,12,4,2,4
24/03/2004,3,5,2,5
24/03/2004,28,17,5,2
25/03/2004,29,30,2,0
25/03/2004,22,25,3,4
25/03/2004,7,8,2,1
25/03/2004,27,20,0,4
25/03/2004,23,26,1,0
25/03/2004,11,15,3,2
26/03/2004,4,2,2,4
26/03/2004,12,13,3,2
26/03/2004,3,18,2,4
26/03/2004,6,10,0,3
26/03/2004,19,24,3,2
26/03/2004,21,17,1,3
26/03/2004,8,9,0,4
26/03/2004,16,30,2,8
26/03/2004,14,1,2,1
26/03/2004,28,20,3,2
27/03/2004,4,3,1,3
27/03/2004,7,5,5,1
27/03/2004,20,26,3,2
27/03/2004,17,21,2,0
27/03/2004,19,16,4,3
27/03/2004,29,24,3,1
27/03/2004,27,28,0,3
27/03/2004,22,26,3,1
27/03/2004,11,1,0,5
28/03/2004,14,15,4,1
28/03/2004,30,24,2,1
28/03/2004,23,25,3,2
28/03/2004,2,12,2,3
28/03/2004,13,11,0,3
28/03/2004,18,29,2,3
28/03/2004,5,7,2,2
28/03/2004,16,19,1,3
28/03/2004,6,8,3,2
28/03/2004,10,9,2,2
28/03/2004,1,2,3,2
29/03/2004,28,25,2,1
29/03/2004,22,27,4,2
30/03/2004,21,26,2,1
30/03/2004,10,11,4,2
30/03/2004,23,27,6,1
30/03/2004,14,9,4,5
30/03/2004,13,12,3,1
30/03/2004,7,29,6,0
30/03/2004,17,30,5,3
31/03/2004,1,3,5,0
31/03/2004,19,22,1,0
31/03/2004,18,16,5,2
31/03/2004,15,5,4,2
31/03/2004,12,6,2,3
01/04/2004,25,22,1,3
01/04/2004,30,21,5,4
01/04/2004,24,23,1,2
01/04/2004,29,17,2,3
01/04/2004,20,27,1,0
01/04/2004,13,9,4,5
01/04/2004,26,28,0,3
01/04/2004,2,8,5,1
01/04/2004,3,7,3,4
02/04/2004,14,13,4,3
02/04/2004,8,4,0,2
02/04/2004,6,15,3,3
02/04/2004,16,18,1,3
02/04/2004,19,17,2,3
03/04/2004,29,21,2,4
03/04/2004,12,2,4,6
03/04/2004,30,25,4,2
03/04/2004,11,5,2,3
03/04/2004,6,1,2,5
03/04/2004,15,3,2,3
03/04/2004,28,23,1,4
03/04/2004,7,10,0,2
03/04/2004,26,20,2,3
03/04/2004,27,16,2,1
03/04/2004,4,9,1,3
03/04/2004,18,19,1,4
04/04/2004,24,20,2,1
04/04/2004,1,6,1,3
04/04/2004,8,7,6,3
04/04/2004,30,19,3,0
04/04/2004,5,15,4,3
04/04/2004,9,10,0,6
04/04/2004,14,11,1,2
04/04/2004,17,29,1,4
04/04/2004,2,4,3,3
04/04/2004,23,22,5,2
04/04/2004,13,12,6,6
04/04/2004,25,16,5,2
04/04/2004,21,18,1,2
04/04/2004,28,26,4,3
05/10/2005,17,19,5,1
05/10/2005,14,12,5,2
05/10/2005,1,5,5,1
05/10/2005,15,29,3,2
05/10/2005,13,11,2,0
05/10/2005,4,3,3,5
05/10/2005,6,8,1,2
05/10/2005,7,2,6,4
06/10/2005,25,26,5,4
06/10/2005,10,9,2,3
06/10/2005,30,20,6,3
06/10/2005,23,27,3,2
06/10/2005,3,8,3,4
06/10/2005,16,24,3,5
06/10/2005,22,21,4,3
06/10/2005,18,28,3,2
07/10/2005,12,5,3,2
07/10/2005,26,27,3,2
07/10/2005,4,1,5,2
07/10/2005,29,20,1,3
07/10/2005,13,14,2,0
07/10/2005,19,17,3,4
07/10/2005,15,11,3,7
08/10/2005,11,15,8,1
08/10/2005,16,28,6,3
08/10/2005,14,13,2,1
08/10/2005,2,12,3,2
08/10/2005,1,3,3,2
08/10/2005,10,8,4,5
08/10/2005,9,7,5,0
08/10/2005,7,6,4,1
08/10/2005,5,6,6,7
09/10/2005,19,28,6,7
09/10/2005,27,30,2,1
09/10/2005,16,29,2,3
09/10/2005,25,21,2,3
09/10/2005,22,23,4,3
09/10/2005,18,24,3,2
09/10/2005,17,20,6,3
10/10/2005,17,23,2,4
10/10/2005,2,13,1,3
10/10/2005,26,30,2,1
10/10/2005,14,6,2,4
10/10/2005,15,3,3,2
10/10/2005,9,10,6,5
10/10/2005,7,5,3,2
11/10/2005,21,20,7,3
11/10/2005,24,22,2,4
11/10/2005,10,4,4,2
11/10/2005,8,9,2,4
12/10/2005,11,8,0,2
12/10/2005,19,16,4,1
12/10/2005,12,15,7,2
12/10/2005,26,22,3,1
12/10/2005,25,27,3,2
13/10/2005,30,23,6,0
13/10/2005,3,1,4,1
13/10/2005,28,29,4,1
13/10/2005,15,2,3,5
13/10/2005,21,18,4,5
13/10/2005,13,6,2,5
13/10/2005,14,7,3,4
14/10/2005,20,25,2,3
14/10/2005,4,5,6,5
14/10/2005,11,10,1,9
14/10/2005,26,17,2,5
14/10/2005,27,18,4,5
15/10/2005,1,12,1,6
15/10/2005,8,10,2,3
15/10/2005,5,14,1,3
15/10/2005,22,25,2,3
15/10/2005,30,23,3,5
15/10/2005,13,7,3,2
15/10/2005,9,6,5,1
15/10/2005,4,2,5,1
15/10/2005,21,16,2,3
15/10/2005,24,29,4,3
15/10/2005,3,11,5,1
16/10/2005,27,17,0,2
16/10/2005,20,22,3,0
16/10/2005,28,16,4,3
16/10/2005,15,14,3,2
16/10/2005,19,18,1,4
16/10/2005,30,24,4,1
17/10/2005,17,28,3,2
17/10/2005,3,13,4,0
17/10/2005,26,29,3,1
17/10/2005,23,25,5,2
18/10/2005,20,27,0,2
18/10/2005,1,13,4,3
18/10/2005,8,6,4,3
19/10/2005,22,27,3,4
19/10/2005,23,16,6,2
19/10/2005,3,2,2,3
20/10/2005,10,12,5,4
20/10/2005,5,1,3,6
20/10/2005,30,28,6,1
20/10/2005,2,3,5,4
20/10/2005,6,7,3,4
20/10/2005,19,24,3,2
20/10/2005,13,15,3,2
20/10/2005,21,26,4,5
20/10/2005,11,14,0,6
21/10/2005,14,9,1,4
21/10/2005,25,26,2,7
21/10/2005,17,24,3,2
21/10/2005,23,27,3,2
21/10/2005,29,28,4,1
21/10/2005,20,22,3,1
21/10/2005,18,19,3,2
22/10/2005,22,21,1,7
22/10/2005,10,4,2,5
22/10/2005,8,2,4,3
22/10/2005,6,5,6,3
22/10/2005,29,17,0,6
22/10/2005,11,1,4,3
22/10/2005,7,3,3,1
22/10/2005,15,12,0,4
23/10/2005,19,30,2,3
23/10/2005,16,30,4,2
23/10/2005,23,21,6,4
23/10/2005,18,28,2,1
23/10/2005,24,27,5,3
23/10/2005,25,20,2,1
24/10/2005,10,6,5,4
24/10/2005,29,17,2,6
24/10/2005,12,9,3,2
24/10/2005,26,20,2,3
25/10/2005,2,11,4,3
25/10/2005,5,13,3,4
25/10/2005,8,4,3,2
26/10/2005,21,22,5,3
26/10/2005,18,16,5,3
26/10/2005,1,14,3,6
26/10/2005,26,24,3,1
26/10/2005,30,23,1,3
26/10/2005,27,19,5,4
26/10/2005,12,6,4,3
26/10/2005,29,18,3,2
26/10/2005,7,15,2,3
27/10/2005,17,16,5,2
27/10/2005,24,20,4,1
27/10/2005,6,10,2,1
27/10/2005,5,11,7,5
27/10/2005,25,28,4,5
27/10/2005,3,2,3,1
27/10/2005,9,8,4,3
27/10/2005,4,13,5,4
28/10/2005,1,7,3,2
28/10/2005,27,20,3,2
28/10/2005,12,4,8,6
28/10/2005,21,23,6,2
28/10/2005,14,15,4,2
28/10/2005,29,30,2,1
29/10/2005,25,22,3,5
29/10/2005,26,28,4,5
29/10/2005,10,9,0,8
29/10/2005,11,14,2,3
29/10/2005,8,3,2,5
29/10/2005,6,1,4,5
29/10/2005,5,12,3,5
29/10/2005,24,19,6,4
29/10/2005,2,7,4,6
30/10/2005,28,20,3,2
30/10/2005,18,22,1,5
30/10/2005,30,29,3,1
30/10/2005,16,17,2,4
30/10/2005,27,25,3,5
30/10/2005,26,19,5,2
30/10/2005,21,23,4,3
31/10/2005,24,27,3,2
31/10/2005,9,4,3,5
01/11/2005,3,8,1,4
01/11/2005,10,13,2,1
02/11/2005,20,30,3,0
02/11/2005,24,18,4,1
02/11/2005,2,6,4,3
02/11/2005,8,13,5,4
02/11/2005,17,16,4,1
02/11/2005,14,11,4,6
02/11/2005,1,5,3,4
02/11/2005,22,29,5,1
03/11/2005,23,30,2,1
03/11/2005,25,26,3,6
03/11/2005,19,16,5,6
03/11/2005,7,9,4,10
03/11/2005,28,18,3,2
04/11/2005,27,26,4,0
04/11/2005,6,13,4,1
04/11/2005,9,14,4,2
04/11/2005,21,24,4,3
04/11/2005,4,15,8,1
04/11/2005,12,10,4,3
04/11/2005,1,3,2,4
04/11/2005,17,22,3,4
04/11/2005,2,5,1,5
04/11/2005,20,29,2,1
05/11/2005,19,22,2,7
05/11/2005,23,29,5,3
05/11/2005,25,16,9,1
05/11/2005,24,28,0,1
05/11/2005,7,8,2,3
05/11/2005,15,11,3,2
05/11/2005,26,18,3,2
05/11/2005,3,1,3,2
06/11/2005,10,14,5,3
06/11/2005,17,27,1,4
06/11/2005,9,2,6,0
06/11/2005,4,11,4,3
06/11/2005,28,30,1,3
06/11/2005,20,23,1,0
06/11/2005,6,5,6,3
06/11/2005,21,25,2,3
06/11/2005,12,13,2,0
06/11/2005,15,10,5,4
06/11/2005,8,7,3,2
07/11/2005,19,17,1,4
07/11/2005,24,30,3,4
07/11/2005,16,27,2,1
08/11/2005,20,23,4,3
08/11/2005,25,22,4,0
08/11/2005,3,5,2,3
09/11/2005,10,15,6,4
09/11/2005,8,14,3,2
09/11/2005,21,28,5,2
09/11/2005,4,6,4,3
09/11/2005,1,2,1,4
09/11/2005,30,27,2,4
09/11/2005,18,22,3,2
10/11/2005,17,26,5,4
10/11/2005,11,5,5,0
10/11/2005,29,19,3,1
10/11/2005,7,12,3,5
10/11/2005,13,3,3,4
11/11/2005,5,8,3,2
11/11/2005,6,9,2,5
11/11/2005,4,2,3,2
11/11/2005,23,21,3,5
11/11/2005,19,16,2,4
11/11/2005,15,1,3,4
11/11/2005,18,25,5,3
11/11/2005,14,3,2,5
11/11/2005,27,20,3,4
12/11/2005,17,30,3,1
12/11/2005,1,15,3,2
12/11/2005,13,12,0,1
12/11/2005,7,10,5,2
12/11/2005,11,14,5,2
12/11/2005,29,22,1,3
12/11/2005,16,26,2,4
13/11/2005,9,7,6,1
13/11/2005,12,11,0,9
13/11/2005,5,3,1,6
13/11/2005,18,19,3,1
13/11/2005,20,21,5,3
13/11/2005,28,25,2,3
13/11/2005,27,24,2,1
13/11/2005,29,26,2,8
13/11/2005,8,10,4,5
13/11/2005,4,13,5,4
13/11/2005,2,6,5,2
14/11/2005,23,17,4,1
14/11/2005,16,22,3,1
14/11/2005,24,25,1,3
15/11/2005,5,2,2,3
15/11/2005,14,4,5,2
15/11/2005,20,30,3,2
15/11/2005,21,22,2,5
16/11/2005,15,14,4,3
16/11/2005,18,26,3,2
16/11/2005,10,3,2,1
16/11/2005,9,12,1,2
16/11/2005,8,13,4,3
16/11/2005,7,1,4,1
17/11/2005,20,17,3,1
17/11/2005,24,25,2,4
17/11/2005,28,23,1,3
17/11/2005,4,5,2,3
17/11/2005,29,19,0,2
17/11/2005,11,2,3,7
17/11/2005,27,21,1,3
18/11/2005,12,3,5,1
18/11/2005,6,10,1,4
18/11/2005,14,2,3,2
18/11/2005,7,15,8,5
18/11/2005,9,13,4,1
18/11/2005,22,17,6,5
18/11/2005,26,23,5,4
19/11/2005,25,29,6,3
19/11/2005,1,8,5,3
19/11/2005,4,11,5,6
19/11/2005,24,21,2,3
19/11/2005,3,12,4,3
19/11/2005,20,16,2,5
20/11/2005,28,27,3,4
20/11/2005,5,4,3,6
20/11/2005,10,11,5,1
20/11/2005,30,18,4,2
20/11/2005,6,7,2,3
20/11/2005,17,19,2,3
20/11/2005,26,21,4,3
20/11/2005,24,23,2,3
20/11/2005,8,15,1,5
20/11/2005,22,16,3,4
20/11/2005,9,1,5,4
20/11/2005,13,2,3,5
21/11/2005,12,14,2,5
21/11/2005,27,29,5,1
21/11/2005,3,6,3,2
22/11/2005,22,28,2,1
22/11/2005,21,20,2,3
23/11/2005,23,16,3,1
23/11/2005,4,14,2,4
23/11/2005,7,3,2,3
23/11/2005,5,15,5,4
23/11/2005,27,24,1,2
23/11/2005,8,11,3,2
23/11/2005,12,9,3,5
23/11/2005,19,26,3,6
24/11/2005,29,18,2,4
24/11/2005,25,24,3,1
24/11/2005,20,28,3,2
24/11/2005,2,7,3,4
24/11/2005,30,22,3,4
24/11/2005,10,6,1,5
24/11/2005,15,14,3,4
24/11/2005,13,1,1,5
24/11/2005,17,21,7,3
25/11/2005,23,28,3,2
25/11/2005,30,19,5,3
25/11/2005,18,26,4,3
25/11/2005,11,3,3,6
25/11/2005,2,9,2,6
25/11/2005,24,17,3,1
25/11/2005,6,4,3,5
26/11/2005,20,22,1,2
26/11/2005,12,10,4,3
26/11/2005,13,5,6,3
26/11/2005,4,2,2,4
26/11/2005,7,8,3,1
26/11/2005,29,21,0,5
26/11/2005,25,27,1,4
26/11/2005,14,1,2,8
27/11/2005,28,17,6,7
27/11/2005,15,7,2,3
27/11/2005,14,5,4,1
27/11/2005,19,29,3,4
27/11/2005,11,13,7,4
27/11/2005,12,11,2,5
27/11/2005,3,15,3,2
27/11/2005,27,23,2,1
27/11/2005,9,6,4,2
27/11/2005,10,8,4,3
27/11/2005,18,25,1,3
27/11/2005,26,16,3,2
28/11/2005,24,16,3,1
28/11/2005,21,23,6,2
29/11/2005,26,17,2,5
29/11/2005,13,10,1,2
30/11/2005,9,8,4,0
30/11/2005,11,12,3,4
30/11/2005,1,6,3,2
30/11/2005,5,7,2,3
30/11/2005,2,4,3,4
30/11/2005,22,21,2,3
30/11/2005,18,20,2,0
01/12/2005,24,27,6,1
01/12/2005,30,29,2,3
01/12/2005,4,1,2,1
01/12/2005,23,21,5,2
01/12/2005,16,26,3,2
01/12/2005,14,10,2,1
01/12/2005,25,28,4,1
02/12/2005,6,9,3,0
02/12/2005,8,7,2,3
02/12/2005,13,15,3,2
02/12/2005,18,30,2,1
02/12/2005,22,23,5,3
02/12/2005,11,10,0,4
02/12/2005,17,20,2,3
02/12/2005,3,5,2,1
02/12/2005,19,29,4,1
03/12/2005,9,26,5,1
03/12/2005,7,28,0,5
03/12/2005,25,12,5,4
03/12/2005,14,16,3,2
03/12/2005,1,30,3,2
04/12/2005,8,26,3,2
04/12/2005,15,3,5,1
04/12/2005,17,2,1,2
04/12/2005,27,12,8,4
04/12/2005,24,11,2,1
04/12/2005,22,6,4,5
04/12/2005,18,4,4,3
04/12/2005,13,16,4,3
04/12/2005,5,20,2,3
04/12/2005,10,28,4,5
05/12/2005,21,7,4,6
05/12/2005,23,6,5,2
06/12/2005,13,9,3,6
06/12/2005,27,11,5,2
06/12/2005,3,30,3,1
07/12/2005,28,11,5,3
07/12/2005,17,1,5,2
07/12/2005,10,26,1,2
07/12/2005,19,2,3,6
07/12/2005,4,20,1,0
07/12/2005,24,12,2,6
08/12/2005,1,20,1,4
08/12/2005,15,18,2,5
08/12/2005,25,13,4,3
08/12/2005,21,6,4,1
08/12/2005,16,3,2,1
09/12/2005,18,3,1,5
09/12/2005,7,24,3,2
09/12/2005,4,22,2,3
09/12/2005,28,13,6,2
09/12/2005,29,2,4,3
09/12/2005,14,19,5,4
09/12/2005,5,30,0,5
09/12/2005,26,12,2,3
10/12/2005,1,21,3,4
10/12/2005,4,30,3,2
10/12/2005,15,17,3,4
10/12/2005,23,9,3,2
10/12/2005,11,29,5,2
10/12/2005,26,13,3,1
11/12/2005,20,9,2,1
11/12/2005,28,12,4,3
11/12/2005,29,1,3,2
11/12/2005,2,22,3,2
11/12/2005,6,27,1,2
11/12/2005,11,16,4,5
11/12/2005,10,25,1,2
11/12/2005,5,21,4,3
11/12/2005,14,18,4,3
11/12/2005,8,24,3,5
11/12/2005,19,3,4,5
12/12/2005,30,7,2,3
13/12/2005,21,9,2,6
13/12/2005,17,5,3,1
13/12/2005,10,24,3,2
14/12/2005,2,30,3,4
14/12/2005,3,23,2,3
14/12/2005,19,5,3,0
14/12/2005,1,22,2,1
14/12/2005,13,18,7,3
14/12/2005,11,17,7,6
14/12/2005,29,4,1,3
14/12/2005,12,16,5,3
14/12/2005,8,27,5,2
15/12/2005,26,15,2,3
15/12/2005,24,14,4,2
15/12/2005,7,25,4,3
16/12/2005,9,25,0,2
16/12/2005,12,29,2,1
16/12/2005,30,6,2,3
16/12/2005,4,23,4,5
16/12/2005,1,11,2,3
16/12/2005,27,14,1,3
16/12/2005,13,17,3,2
16/12/2005,18,16,5,3
16/12/2005,22,8,5,3
17/12/2005,24,26,3,4
17/12/2005,28,15,4,1
17/12/2005,5,7,3,4
17/12/2005,16,19,5,1
17/12/2005,7,5,4,3
18/12/2005,18,29,7,3
18/12/2005,3,21,1,2
18/12/2005,23,22,4,5
18/12/2005,11,13,2,1
18/12/2005,14,17,3,6
18/12/2005,12,1,4,1
18/12/2005,26,27,4,1
18/12/2005,30,8,4,3
18/12/2005,15,13,2,3
18/12/2005,20,6,3,0
18/12/2005,19,4,2,5
18/12/2005,2,21,5,4
18/12/2005,9,10,8,2
19/12/2005,24,28,5,4
19/12/2005,16,25,3,5
20/12/2005,22,20,5,4
20/12/2005,23,26,3,4
20/12/2005,4,7,1,2
20/12/2005,10,2,9,6
20/12/2005,30,25,2,1
21/12/2005,8,9,4,3
21/12/2005,12,14,6,4
21/12/2005,18,21,3,2
21/12/2005,28,24,4,2
21/12/2005,3,1,1,3
21/12/2005,17,29,4,3
21/12/2005,27,19,4,5
22/12/2005,20,26,2,5
22/12/2005,16,18,1,6
22/12/2005,29,25,3,5
22/12/2005,23,22,6,7
22/12/2005,2,1,4,2
22/12/2005,24,19,6,3
23/12/2005,3,14,4,2
23/12/2005,11,15,5,6
23/12/2005,4,9,4,3
23/12/2005,6,10,4,1
23/12/2005,13,7,4,1
23/12/2005,27,28,2,1
23/12/2005,21,30,4,3
24/12/2005,2,9,2,4
24/12/2005,22,26,5,3
24/12/2005,15,8,4,2
24/12/2005,30,21,5,3
24/12/2005,25,27,2,3
24/12/2005,14,7,1,4
24/12/2005,29,18,4,5
24/12/2005,28,19,1,2
24/12/2005,12,13,4,3
24/12/2005,16,17,2,3
24/12/2005,1,11,0,1
24/12/2005,5,4,4,5
24/12/2005,10,6,2,1
24/12/2005,23,20,5,6
27/12/2005,7,2,6,3
27/12/2005,22,30,1,4
27/12/2005,19,25,1,6
27/12/2005,29,16,4,3
27/12/2005,26,28,4,3
27/12/2005,11,8,4,0
27/12/2005,21,27,7,4
27/12/2005,10,1,2,1
27/12/2005,23,20,1,2
27/12/2005,9,3,6,2
27/12/2005,13,4,2,3
27/12/2005,14,12,5,4
28/12/2005,25,17,1,4
28/12/2005,20,18,3,4
28/12/2005,5,10,2,3
28/12/2005,15,6,3,4
29/12/2005,21,26,3,5
29/12/2005,28,27,4,5
29/12/2005,16,19,1,2
29/12/2005,23,18,4,3
29/12/2005,22,30,2,4
29/12/2005,29,24,1,0
29/12/2005,1,15,7,2
29/12/2005,11,4,3,4
29/12/2005,13,6,6,4
29/12/2005,9,12,6,2
29/12/2005,14,8,3,4
29/12/2005,2,3,2,6
30/12/2005,27,26,6,5
30/12/2005,5,1,6,2
30/12/2005,10,7,4,3
30/12/2005,20,30,4,2
30/12/2005,25,19,3,0
30/12/2005,12,4,3,4
31/12/2005,16,29,2,3
31/12/2005,14,6,1,2
31/12/2005,30,23,4,3
31/12/2005,15,4,4,3
31/12/2005,9,2,4,3
31/12/2005,28,21,5,2
31/12/2005,19,24,4,5
31/12/2005,7,11,4,1
31/12/2005,22,18,4,2
31/12/2005,5,3,4,3
31/12/2005,13,8,2,1
01/01/2006,15,11,2,5
01/01/2006,12,8,5,3
01/01/2006,7,13,1,2
01/01/2006,17,29,5,2
01/01/2006,27,21,2,5
01/01/2006,25,26,2,3
01/01/2006,1,10,3,6
01/01/2006,20,22,6,5
02/01/2006,11,9,8,3
02/01/2006,18,24,2,4
02/01/2006,20,16,3,2
02/01/2006,6,4,0,1
03/01/2006,10,5,3,2
03/01/2006,2,14,1,2
03/01/2006,19,23,4,1
03/01/2006,26,25,3,2
04/01/2006,17,30,2,4
04/01/2006,8,5,4,6
04/01/2006,22,16,5,0
04/01/2006,1,13,3,0
04/01/2006,21,18,3,0
04/01/2006,3,14,0,1
05/01/2006,12,11,4,3
05/01/2006,15,9,1,3
05/01/2006,19,18,3,4
05/01/2006,25,23,3,1
05/01/2006,2,13,4,3
06/01/2006,1,8,5,4
06/01/2006,28,29,6,3
06/01/2006,3,4,3,4
06/01/2006,7,14,3,1
06/01/2006,6,9,4,2
06/01/2006,30,21,2,4
06/01/2006,16,23,2,3
06/01/2006,17,19,3,0
06/01/2006,26,27,4,0
07/01/2006,11,5,6,4
07/01/2006,6,14,6,3
07/01/2006,12,2,4,1
07/01/2006,8,9,4,1
07/01/2006,18,17,1,3
07/01/2006,3,13,4,0
07/01/2006,21,29,3,2
07/01/2006,25,24,4,3
07/01/2006,20,10,1,0
07/01/2006,15,4,1,3
08/01/2006,22,10,2,3
08/01/2006,17,25,3,6
08/01/2006,15,13,3,4
08/01/2006,23,20,4,3
08/01/2006,2,12,0,3
08/01/2006,7,1,2,3
08/01/2006,5,11,3,4
08/01/2006,28,26,3,2
08/01/2006,30,24,4,1
09/01/2006,27,29,2,5
09/01/2006,16,18,1,5
10/01/2006,30,25,1,2
10/01/2006,1,4,3,0
10/01/2006,21,19,6,1
10/01/2006,24,26,6,2
11/01/2006,5,22,1,3
11/01/2006,15,16,3,4
11/01/2006,9,27,7,2
11/01/2006,23,10,4,3
11/01/2006,6,28,2,6
11/01/2006,18,2,2,1
11/01/2006,3,20,4,2
11/01/2006,12,17,3,2
12/01/2006,29,5,6,1
12/01/2006,16,4,2,5
12/01/2006,21,8,2,1
12/01/2006,11,18,4,3
13/01/2006,13,19,3,1
13/01/2006,6,26,0,6
13/01/2006,3,22,5,4
13/01/2006,17,4,6,3
13/01/2006,2,20,3,2
13/01/2006,7,27,1,2
13/01/2006,25,15,4,1
13/01/2006,9,28,0,2
14/01/2006,16,5,4,1
14/01/2006,12,18,5,4
14/01/2006,4,21,3,4
14/01/2006,14,29,4,2
14/01/2006,17,3,4,3
14/01/2006,11,19,2,0
14/01/2006,24,15,2,3
14/01/2006,6,25,1,2
14/01/2006,1,23,3,0
15/01/2006,7,26,10,1
15/01/2006,30,20,1,4
15/01/2006,2,23,1,8
15/01/2006,12,19,4,2
15/01/2006,13,29,4,5
15/01/2006,22,9,3,5
15/01/2006,10,27,3,4
15/01/2006,8,28,6,2
16/01/2006,16,1,2,3
16/01/2006,6,24,4,3
16/01/2006,27,15,1,6
16/01/2006,18,5,5,4
17/01/2006,30,9,1,6
17/01/2006,28,14,3,1
17/01/2006,8,25,4,2
17/01/2006,29,3,4,3
17/01/2006,5,23,2,4
17/01/2006,22,7,1,3
18/01/2006,4,12,3,4
18/01/2006,26,14,1,4
18/01/2006,19,1,3,5
18/01/2006,21,10,5,3
18/01/2006,16,2,1,2
19/01/2006,30,10,5,3
19/01/2006,29,17,0,4
19/01/2006,25,11,2,5
20/01/2006,5,3,2,4
20/01/2006,26,11,8,6
20/01/2006,15,19,5,4
20/01/2006,27,13,6,3
20/01/2006,4,6,2,5
20/01/2006,12,2,4,3
20/01/2006,9,24,3,4
20/01/2006,23,7,4,1
20/01/2006,20,8,3,2
20/01/2006,18,1,3,4
20/01/2006,28,22,2,3
20/01/2006,16,21,4,2
21/01/2006,25,14,3,6
21/01/2006,21,17,3,4
21/01/2006,29,19,4,3
21/01/2006,1,2,3,2
21/01/2006,5,4,1,2
21/01/2006,30,16,4,1
21/01/2006,26,28,3,4
22/01/2006,20,7,4,1
22/01/2006,11,14,0,2
22/01/2006,27,22,4,3
22/01/2006,9,10,7,0
22/01/2006,15,12,5,2
22/01/2006,23,8,6,2
22/01/2006,24,13,1,0
22/01/2006,6,3,2,3
22/01/2006,18,29,7,2
23/01/2006,16,30,2,3
23/01/2006,3,1,3,1
24/01/2006,25,27,4,1
24/01/2006,19,23,4,0
24/01/2006,9,10,4,3
24/01/2006,26,24,3,2
24/01/2006,17,18,2,3
24/01/2006,12,8,7,3
24/01/2006,15,6,2,3
24/01/2006,22,20,1,3
24/01/2006,4,5,4,2
25/01/2006,17,18,1,2
25/01/2006,29,23,6,5
25/01/2006,11,6,2,3
25/01/2006,21,20,7,4
25/01/2006,28,26,4,1
25/01/2006,2,1,0,4
25/01/2006,30,27,3,2
25/01/2006,14,13,2,3
25/01/2006,3,7,1,2
26/01/2006,25,19,4,3
26/01/2006,4,8,3,5
26/01/2006,5,15,8,1
26/01/2006,24,22,3,6
26/01/2006,13,12,3,4
27/01/2006,17,23,2,1
27/01/2006,14,1,1,0
27/01/2006,28,24,0,2
27/01/2006,6,15,3,2
27/01/2006,10,7,4,8
27/01/2006,26,22,3,5
27/01/2006,2,5,4,3
27/01/2006,11,12,1,5
27/01/2006,16,20,2,0
27/01/2006,9,8,3,0
27/01/2006,19,27,3,5
27/01/2006,30,18,5,1
27/01/2006,21,25,2,3
28/01/2006,3,5,7,1
28/01/2006,26,24,2,6
28/01/2006,13,1,4,0
28/01/2006,25,17,2,1
28/01/2006,29,30,4,3
28/01/2006,4,14,0,6
29/01/2006,16,20,3,5
29/01/2006,12,11,4,1
29/01/2006,27,28,6,2
29/01/2006,15,14,2,1
29/01/2006,21,23,3,4
29/01/2006,29,18,4,3
29/01/2006,10,8,3,4
29/01/2006,6,2,3,4
30/01/2006,27,22,3,4
31/01/2006,13,10,2,4
31/01/2006,19,20,3,2
31/01/2006,3,4,2,3
31/01/2006,25,28,3,2
31/01/2006,9,6,0,5
31/01/2006,30,17,4,5
31/01/2006,24,26,4,3
01/02/2006,8,12,2,8
01/02/2006,14,10,3,2
01/02/2006,27,23,4,7
01/02/2006,11,7,2,5
01/02/2006,2,15,5,3
01/02/2006,21,30,3,2
02/02/2006,17,19,3,2
02/02/2006,3,5,3,1
02/02/2006,24,28,4,6
02/02/2006,20,29,1,2
02/02/2006,1,9,5,3
02/02/2006,25,18,2,1
03/02/2006,27,26,2,1
03/02/2006,28,30,2,3
03/02/2006,2,3,2,5
03/02/2006,6,8,3,1
03/02/2006,5,9,2,7
03/02/2006,18,21,4,3
03/02/2006,19,16,6,5
03/02/2006,22,29,1,2
03/02/2006,7,4,4,2
04/02/2006,5,2,4,5
04/02/2006,20,23,1,3
04/02/2006,19,25,4,3
04/02/2006,8,6,2,0
04/02/2006,15,10,4,1
04/02/2006,13,11,5,2
04/02/2006,4,3,3,4
04/02/2006,21,17,0,3
04/02/2006,1,12,3,0
05/02/2006,10,1,4,2
05/02/2006,27,30,4,6
05/02/2006,6,12,3,4
05/02/2006,28,24,0,2
05/02/2006,18,16,6,0
05/02/2006,22,23,3,1
05/02/2006,7,9,2,1
05/02/2006,11,13,6,4
05/02/2006,8,4,5,0
05/02/2006,14,15,5,0
07/02/2006,23,29,7,4
07/02/2006,2,14,2,3
07/02/2006,25,18,4,2
07/02/2006,28,20,3,4
07/02/2006,22,24,6,5
07/02/2006,9,5,5,2
08/02/2006,30,26,5,1
08/02/2006,1,14,7,4
08/02/2006,15,13,0,5
08/02/2006,21,22,5,2
08/02/2006,27,16,1,3
08/02/2006,8,7,2,3
08/02/2006,10,11,4,1
09/02/2006,3,9,5,1
09/02/2006,23,19,2,4
09/02/2006,17,18,6,0
09/02/2006,28,16,2,1
09/02/2006,5,6,1,3
09/02/2006,29,26,7,4
09/02/2006,4,2,5,2
09/02/2006,20,24,3,1
10/02/2006,18,17,2,3
10/02/2006,27,25,1,5
10/02/2006,9,11,1,2
10/02/2006,6,1,2,3
10/02/2006,7,8,2,3
10/02/2006,30,21,1,2
10/02/2006,14,12,5,3
11/02/2006,1,2,1,2
11/02/2006,29,21,1,4
11/02/2006,23,24,1,3
11/02/2006,4,15,5,4
11/02/2006,28,25,6,3
11/02/2006,20,19,3,2
11/02/2006,12,5,3,4
11/02/2006,22,30,3,6
11/02/2006,10,3,2,4
11/02/2006,26,16,5,4
11/02/2006,3,10,4,2
12/02/2006,17,21,6,3
12/02/2006,6,14,5,6
12/02/2006,9,4,3,2
12/02/2006,26,25,6,5
12/02/2006,7,13,5,3
12/02/2006,18,29,5,2
12/02/2006,8,11,1,2
12/02/2006,22,19,4,5
12/02/2006,12,7,4,3
12/02/2006,15,5,3,6
13/02/2006,24,16,4,1
13/02/2006,27,28,4,5
13/02/2006,23,30,3,2
01/03/2006,28,17,5,1
01/03/2006,21,30,4,2
01/03/2006,14,13,2,8
01/03/2006,10,15,3,5
01/03/2006,2,8,3,5
01/03/2006,20,23,1,2
02/03/2006,1,4,2,1
02/03/2006,12,6,4,3
02/03/2006,24,17,0,2
02/03/2006,16,18,3,0
02/03/2006,22,19,2,4
02/03/2006,5,9,3,4
02/03/2006,7,11,2,4
03/03/2006,13,8,0,1
03/03/2006,9,15,7,1
03/03/2006,2,1,3,2
03/03/2006,6,11,3,2
03/03/2006,27,25,6,2
03/03/2006,20,19,3,1
03/03/2006,26,30,3,2
03/03/2006,4,3,1,6
03/03/2006,18,23,3,1
03/03/2006,21,29,1,0
04/03/2006,24,30,4,2
04/03/2006,7,10,6,2
04/03/2006,26,29,3,2
04/03/2006,22,28,3,2
04/03/2006,16,23,4,5
04/03/2006,12,13,5,2
05/03/2006,22,18,3,2
05/03/2006,10,9,2,4
05/03/2006,6,7,2,3
05/03/2006,14,8,2,6
05/03/2006,25,21,5,3
05/03/2006,11,15,3,2
05/03/2006,24,29,2,3
05/03/2006,27,17,3,7
05/03/2006,20,28,2,0
05/03/2006,2,4,4,2
05/03/2006,1,3,2,1
05/03/2006,5,12,5,7
06/03/2006,23,19,1,4
06/03/2006,16,25,2,7
06/03/2006,30,21,5,3
07/03/2006,14,9,0,4
07/03/2006,15,2,5,2
07/03/2006,3,12,1,2
07/03/2006,11,13,4,3
07/03/2006,4,8,5,4
08/03/2006,29,16,1,3
08/03/2006,7,6,3,2
08/03/2006,30,26,2,3
08/03/2006,5,14,4,5
08/03/2006,24,28,5,4
08/03/2006,19,21,1,2
08/03/2006,22,25,3,4
08/03/2006,20,18,2,3
08/03/2006,17,27,2,5
08/03/2006,10,8,5,3
08/03/2006,2,1,2,1
09/03/2006,11,3,3,2
09/03/2006,13,9,6,2
09/03/2006,15,5,6,3
09/03/2006,4,12,3,2
10/03/2006,7,14,8,5
10/03/2006,28,22,5,2
10/03/2006,6,8,0,3
10/03/2006,16,21,1,2
10/03/2006,17,26,7,3
10/03/2006,23,18,2,3
10/03/2006,29,27,5,4
10/03/2006,20,25,1,0
11/03/2006,13,12,5,3
11/03/2006,2,10,2,1
11/03/2006,11,9,1,3
11/03/2006,28,18,3,2
11/03/2006,19,30,2,1
11/03/2006,15,1,3,4
11/03/2006,4,7,5,6
12/03/2006,10,14,5,1
12/03/2006,17,16,6,4
12/03/2006,13,12,4,3
12/03/2006,19,26,1,2
12/03/2006,8,3,1,0
12/03/2006,3,11,2,3
12/03/2006,23,25,1,2
12/03/2006,21,20,3,0
12/03/2006,6,2,1,3
12/03/2006,27,24,3,5
12/03/2006,15,9,2,5
12/03/2006,7,6,6,2
12/03/2006,29,22,4,3
12/03/2006,5,1,6,3
13/03/2006,30,22,4,3
13/03/2006,5,4,2,0
13/03/2006,16,17,3,5
13/03/2006,24,27,5,2
14/03/2006,8,14,1,2
14/03/2006,19,29,3,2
14/03/2006,25,23,4,2
14/03/2006,20,21,4,3
14/03/2006,28,26,4,3
15/03/2006,9,14,4,3
15/03/2006,26,27,2,6
15/03/2006,15,7,4,6
15/03/2006,30,22,1,2
15/03/2006,10,6,5,4
15/03/2006,12,3,5,3
15/03/2006,1,2,1,6
15/03/2006,18,23,5,0
16/03/2006,16,29,3,2
16/03/2006,17,24,3,1
16/03/2006,13,4,0,4
17/03/2006,7,10,3,1
17/03/2006,11,2,4,2
17/03/2006,6,9,3,2
17/03/2006,22,20,3,2
17/03/2006,26,25,1,4
17/03/2006,3,15,5,4
17/03/2006,28,19,5,2
17/03/2006,8,12,1,5
17/03/2006,1,5,2,1
17/03/2006,18,27,2,0
18/03/2006,29,23,2,3
18/03/2006,14,4,6,3
18/03/2006,28,25,3,4
18/03/2006,13,2,4,2
18/03/2006,6,12,4,2
18/03/2006,16,24,1,2
19/03/2006,9,7,4,2
19/03/2006,29,24,3,4
19/03/2006,3,10,5,2
19/03/2006,18,20,9,4
19/03/2006,8,5,4,5
19/03/2006,26,19,3,1
19/03/2006,11,4,2,4
19/03/2006,15,13,3,4
19/03/2006,22,17,3,4
19/03/2006,16,27,2,3
19/03/2006,14,2,5,2
20/03/2006,30,20,2,3
20/03/2006,5,10,0,1
20/03/2006,28,21,6,5
20/03/2006,23,17,3,7
20/03/2006,1,9,0,4
21/03/2006,26,21,0,5
21/03/2006,25,24,1,2
21/03/2006,11,7,5,0
21/03/2006,18,19,4,2
21/03/2006,15,8,2,4
21/03/2006,3,6,5,2
21/03/2006,13,14,6,5
22/03/2006,4,1,2,1
22/03/2006,17,18,2,3
22/03/2006,30,20,3,1
22/03/2006,9,5,5,2
22/03/2006,22,23,1,4
22/03/2006,29,27,2,5
22/03/2006,6,11,4,5
22/03/2006,10,12,3,2
22/03/2006,2,8,3,1
22/03/2006,19,28,0,6
23/03/2006,25,30,4,2
23/03/2006,3,4,3,6
23/03/2006,13,15,3,2
23/03/2006,24,21,5,4
23/03/2006,7,12,3,4
24/03/2006,23,22,4,3
24/03/2006,11,1,6,5
24/03/2006,19,20,2,7
24/03/2006,27,16,4,3
24/03/2006,14,15,4,3
24/03/2006,8,10,5,1
24/03/2006,17,28,4,0
25/03/2006,29,20,3,2
25/03/2006,1,6,4,2
25/03/2006,7,9,1,3
25/03/2006,25,16,3,2
25/03/2006,24,18,6,3
25/03/2006,5,2,4,3
25/03/2006,13,3,3,2
26/03/2006,25,20,3,2
26/03/2006,6,7,5,4
26/03/2006,30,28,1,5
26/03/2006,26,18,6,4
26/03/2006,14,3,4,3
26/03/2006,8,10,6,2
26/03/2006,27,24,2,5
26/03/2006,2,11,5,1
26/03/2006,17,29,4,5
26/03/2006,19,21,2,3
26/03/2006,12,15,1,3
26/03/2006,4,9,6,3
26/03/2006,23,22,2,3
27/03/2006,1,10,3,4
27/03/2006,16,28,4,5
27/03/2006,5,8,5,6
27/03/2006,21,22,3,4
28/03/2006,3,7,5,4
28/03/2006,19,17,1,4
28/03/2006,6,13,3,4
28/03/2006,23,26,7,4
28/03/2006,12,14,2,1
29/03/2006,4,10,2,3
29/03/2006,22,30,2,3
29/03/2006,29,28,4,1
29/03/2006,9,1,2,3
29/03/2006,21,24,4,3
29/03/2006,8,2,2,0
29/03/2006,27,18,5,3
30/03/2006,2,3,1,5
30/03/2006,5,13,3,5
30/03/2006,7,6,4,3
30/03/2006,25,24,2,1
30/03/2006,23,30,2,1
30/03/2006,12,15,1,5
30/03/2006,16,19,3,2
30/03/2006,20,26,2,1
31/03/2006,28,27,2,5
31/03/2006,22,26,4,0
31/03/2006,18,17,2,4
31/03/2006,1,7,3,1
31/03/2006,14,11,4,3
31/03/2006,8,15,3,2
31/03/2006,9,3,4,1
01/04/2006,4,1,1,4
01/04/2006,12,13,3,2
01/04/2006,23,30,1,2
01/04/2006,19,29,2,4
01/04/2006,20,21,6,3
01/04/2006,17,16,2,3
01/04/2006,2,5,0,4
01/04/2006,24,25,5,4
02/04/2006,5,1,2,3
02/04/2006,10,7,7,0
02/04/2006,11,12,5,2
02/04/2006,13,14,4,2
02/04/2006,24,23,6,2
02/04/2006,18,19,2,1
02/04/2006,28,27,3,4
02/04/2006,26,25,1,0
02/04/2006,9,15,0,1
02/04/2006,22,20,1,4
02/04/2006,30,17,2,3
02/04/2006,2,4,1,4
02/04/2006,8,6,2,0
02/04/2006,29,16,5,2
03/04/2006,9,11,6,4
03/04/2006,10,7,2,3
03/04/2006,12,15,6,5
03/04/2006,14,13,4,1
04/04/2006,26,23,1,0
04/04/2006,21,16,4,3
04/04/2006,20,17,1,2
04/04/2006,3,4,3,2
04/04/2006,18,29,1,3
04/04/2006,22,27,7,1
04/04/2006,8,6,5,3
04/04/2006,25,28,2,3
05/04/2006,15,12,3,4
05/04/2006,30,19,5,4
05/04/2006,10,2,3,2
05/04/2006,13,11,2,5
05/04/2006,7,9,5,4
05/04/2006,1,5,6,4
05/04/2006,24,26,6,2
06/04/2006,16,18,4,3
06/04/2006,6,10,3,2
06/04/2006,20,27,5,2
06/04/2006,9,8,3,5
06/04/2006,3,2,3,1
06/04/2006,21,28,1,2
06/04/2006,14,11,3,2
07/04/2006,26,28,0,5
07/04/2006,17,29,6,5
07/04/2006,13,5,1,5
07/04/2006,15,12,3,4
07/04/2006,24,25,3,5
07/04/2006,19,18,0,3
07/04/2006,30,22,2,1
08/04/2006,20,30,2,1
08/04/2006,21,19,4,2
08/04/2006,14,5,1,0
08/04/2006,9,7,2,6
08/04/2006,6,3,3,4
08/04/2006,16,22,3,4
08/04/2006,2,15,5,0
08/04/2006,4,10,2,5
08/04/2006,29,17,2,4
08/04/2006,7,4,2,4
08/04/2006,8,1,2,3
08/04/2006,26,24,2,4
08/04/2006,11,12,5,2
09/04/2006,23,20,3,2
09/04/2006,18,16,2,1
09/04/2006,13,14,6,3
09/04/2006,27,25,2,3
09/04/2006,1,3,3,2
09/04/2006,19,22,2,1
10/04/2006,8,9,3,2
10/04/2006,6,15,1,2
10/04/2006,21,30,2,5
10/04/2006,28,25,4,1
11/04/2006,9,6,4,3
11/04/2006,12,1,3,4
11/04/2006,17,22,2,0
11/04/2006,10,13,6,5
11/04/2006,14,11,2,6
11/04/2006,23,24,2,4
11/04/2006,27,28,2,3
11/04/2006,3,2,2,3
11/04/2006,4,5,4,3
12/04/2006,30,16,2,0
12/04/2006,19,18,0,2
12/04/2006,20,24,3,0
12/04/2006,25,29,3,2
12/04/2006,21,27,6,4
12/04/2006,7,8,3,1
13/04/2006,11,15,5,3
13/04/2006,9,13,4,5
13/04/2006,29,19,4,1
13/04/2006,2,10,3,4
13/04/2006,1,4,4,1
13/04/2006,5,3,5,3
13/04/2006,23,28,4,5
13/04/2006,6,8,3,4
14/04/2006,27,26,3,0
14/04/2006,16,17,3,7
14/04/2006,20,21,2,0
14/04/2006,18,30,4,2
14/04/2006,12,14,5,4
14/04/2006,22,24,2,1
14/04/2006,28,23,5,3
15/04/2006,13,15,1,2
15/04/2006,4,3,4,1
15/04/2006,14,12,3,2
15/04/2006,10,9,5,1
15/04/2006,8,7,2,4
15/04/2006,28,24,6,3
15/04/2006,25,30,4,3
15/04/2006,11,6,4,3
15/04/2006,2,5,5,4
15/04/2006,29,16,5,2
16/04/2006,1,4,5,1
16/04/2006,16,29,4,3
16/04/2006,26,20,2,1
16/04/2006,18,27,5,1
16/04/2006,7,10,6,0
16/04/2006,19,27,0,3
16/04/2006,23,21,4,3
16/04/2006,19,17,2,3
17/04/2006,17,25,3,2
17/04/2006,5,2,6,1
17/04/2006,15,11,6,4
18/04/2006,2,4,1,4
18/04/2006,29,25,5,4
18/04/2006,24,20,4,3
18/04/2006,10,5,5,3
18/04/2006,22,21,4,2
18/04/2006,12,7,0,4
18/04/2006,14,15,1,4
18/04/2006,13,11,2,1
18/04/2006,28,26,0,4
18/04/2006,3,9,1,5
18/04/2006,8,1,3,4
19/04/2006,16,19,3,2
19/04/2006,18,17,6,3
04/10/2006,12,7,2,3
04/10/2006,10,9,1,4
05/10/2006,17,23,1,3
05/10/2006,5,4,4,0
05/10/2006,3,15,5,2
05/10/2006,9,10,0,6
05/10/2006,11,14,2,3
05/10/2006,21,25,2,3
06/10/2006,7,8,5,4
06/10/2006,30,21,3,2
06/10/2006,13,6,8,3
06/10/2006,28,19,5,4
06/10/2006,27,2,6,3
06/10/2006,12,1,0,4
06/10/2006,18,16,6,8
06/10/2006,22,20,3,1
06/10/2006,29,23,2,3
07/10/2006,24,26,4,3
07/10/2006,4,3,4,5
07/10/2006,14,6,2,3
07/10/2006,10,8,2,3
07/10/2006,9,7,3,4
07/10/2006,15,12,5,2
07/10/2006,5,17,0,2
07/10/2006,11,13,6,0
08/10/2006,20,22,2,1
08/10/2006,16,29,4,5
08/10/2006,26,19,4,1
08/10/2006,30,18,6,5
08/10/2006,25,1,3,1
08/10/2006,28,2,2,0
08/10/2006,27,24,1,2
09/10/2006,10,13,2,1
09/10/2006,29,27,5,1
09/10/2006,21,23,3,2
09/10/2006,14,11,0,1
10/10/2006,24,19,2,0
10/10/2006,20,28,1,4
10/10/2006,3,4,2,4
11/10/2006,4,8,1,3
11/10/2006,13,12,6,3
11/10/2006,26,2,4,2
11/10/2006,11,6,4,1
11/10/2006,30,23,2,1
11/10/2006,17,27,9,2
12/10/2006,3,5,5,6
12/10/2006,1,10,7,6
12/10/2006,24,2,4,5
12/10/2006,9,20,0,1
13/10/2006,13,14,3,2
13/10/2006,17,7,2,3
13/10/2006,19,6,3,2
13/10/2006,16,18,3,1
13/10/2006,30,15,3,2
13/10/2006,11,12,3,4
13/10/2006,22,28,6,4
13/10/2006,26,25,1,4
14/10/2006,10,20,5,4
14/10/2006,2,6,4,1
14/10/2006,7,3,7,4
14/10/2006,14,13,4,1
14/10/2006,8,9,2,3
14/10/2006,5,12,1,5
14/10/2006,1,4,3,2
14/10/2006,23,28,4,6
14/10/2006,15,11,3,4
15/10/2006,21,22,3,4
15/10/2006,18,27,4,1
15/10/2006,30,29,5,0
15/10/2006,19,16,4,3
15/10/2006,26,25,1,4
16/10/2006,3,1,4,2
16/10/2006,14,12,1,5
16/10/2006,24,25,3,4
16/10/2006,2,18,1,2
17/10/2006,21,16,3,5
17/10/2006,23,22,2,1
17/10/2006,26,17,1,3
17/10/2006,7,4,9,1
17/10/2006,8,20,5,4
18/10/2006,5,1,1,2
18/10/2006,19,27,2,5
18/10/2006,3,18,0,3
18/10/2006,22,23,2,1
18/10/2006,15,13,5,2
18/10/2006,10,21,1,4
18/10/2006,28,25,2,0
19/10/2006,1,18,3,4
19/10/2006,14,4,4,1
19/10/2006,2,5,3,4
19/10/2006,26,30,1,2
19/10/2006,11,15,4,3
19/10/2006,16,8,2,1
19/10/2006,9,21,1,2
19/10/2006,6,20,3,2
19/10/2006,24,17,4,1
20/10/2006,29,10,2,4
20/10/2006,28,17,5,1
20/10/2006,27,26,0,4
20/10/2006,13,4,3,2
21/10/2006,9,1,8,1
21/10/2006,6,7,2,6
21/10/2006,24,30,2,1
21/10/2006,25,16,5,4
21/10/2006,15,14,4,6
21/10/2006,7,12,5,4
21/10/2006,10,3,4,5
21/10/2006,8,21,8,5
21/10/2006,5,29,5,3
21/10/2006,19,23,2,3
21/10/2006,2,12,4,3
21/10/2006,11,13,4,2
22/10/2006,22,17,3,1
22/10/2006,18,23,3,4
22/10/2006,16,19,3,4
22/10/2006,28,30,1,4
22/10/2006,27,25,0,4
22/10/2006,26,24,2,3
23/10/2006,29,28,0,3
23/10/2006,13,11,3,6
23/10/2006,8,7,1,4
24/10/2006,22,27,5,2
24/10/2006,25,23,2,1
24/10/2006,10,9,2,6
24/10/2006,21,26,6,1
24/10/2006,5,1,4,2
25/10/2006,17,28,2,1
25/10/2006,12,11,5,4
25/10/2006,20,27,6,1
25/10/2006,3,13,2,4
26/10/2006,21,15,3,5
26/10/2006,2,7,0,3
26/10/2006,16,23,0,5
26/10/2006,9,10,7,2
26/10/2006,6,8,2,3
26/10/2006,24,22,6,2
26/10/2006,30,26,3,1
26/10/2006,14,12,5,1
26/10/2006,4,11,3,2
26/10/2006,1,13,2,0
27/10/2006,27,22,6,2
27/10/2006,29,26,2,0
27/10/2006,18,28,4,3
28/10/2006,1,29,1,0
28/10/2006,7,11,4,5
28/10/2006,4,5,2,8
28/10/2006,2,13,4,3
28/10/2006,25,17,3,4
28/10/2006,12,14,6,4
28/10/2006,23,15,3,2
28/10/2006,30,24,3,2
28/10/2006,8,10,4,5
28/10/2006,6,9,2,1
29/10/2006,25,26,3,2
29/10/2006,16,24,0,3
29/10/2006,27,3,3,7
29/10/2006,14,28,2,4
29/10/2006,20,18,2,3
29/10/2006,22,15,4,0
29/10/2006,19,17,2,3
30/10/2006,21,30,4,1
31/10/2006,19,24,5,6
31/10/2006,10,11,4,2
31/10/2006,26,3,4,1
31/10/2006,4,16,3,0
31/10/2006,20,15,2,4
01/11/2006,23,18,2,3
01/11/2006,13,28,1,2
01/11/2006,2,16,5,2
01/11/2006,8,9,4,2
02/11/2006,17,20,3,2
02/11/2006,25,19,4,1
02/11/2006,14,10,2,4
02/11/2006,22,18,3,5
02/11/2006,29,21,3,5
02/11/2006,11,12,2,5
02/11/2006,24,3,3,4
02/11/2006,26,5,3,4
03/11/2006,12,8,0,4
03/11/2006,4,14,2,5
03/11/2006,16,17,1,2
03/11/2006,6,7,4,5
03/11/2006,19,21,4,1
03/11/2006,28,3,1,3
03/11/2006,1,2,2,5
03/11/2006,13,10,4,2
03/11/2006,30,23,5,2
04/11/2006,29,20,5,4
04/11/2006,15,11,3,4
04/11/2006,22,25,2,3
04/11/2006,24,27,6,2
05/11/2006,19,20,2,3
05/11/2006,4,15,3,5
05/11/2006,21,23,3,2
05/11/2006,8,1,1,2
05/11/2006,28,5,3,2
05/11/2006,7,10,1,4
05/11/2006,30,18,3,4
05/11/2006,2,11,1,4
05/11/2006,9,12,2,3
05/11/2006,6,14,6,5
05/11/2006,27,26,6,4
05/11/2006,17,29,4,1
05/11/2006,3,7,3,4
07/11/2006,11,6,5,3
07/11/2006,10,4,4,1
07/11/2006,2,14,1,5
07/11/2006,15,9,4,3
07/11/2006,23,25,2,1
07/11/2006,24,5,3,2
08/11/2006,8,22,3,2
08/11/2006,1,12,3,2
08/11/2006,21,26,5,6
08/11/2006,28,30,3,1
08/11/2006,20,25,3,1
09/11/2006,11,9,5,4
09/11/2006,5,14,3,4
09/11/2006,13,3,3,4
09/11/2006,17,22,3,0
10/11/2006,4,2,1,3
10/11/2006,27,25,0,1
10/11/2006,19,29,2,4
10/11/2006,23,24,0,6
10/11/2006,12,15,5,0
10/11/2006,26,28,3,7
10/11/2006,6,10,4,6
10/11/2006,1,16,2,1
11/11/2006,17,18,3,0
11/11/2006,16,19,3,1
11/11/2006,11,3,2,5
11/11/2006,5,9,3,6
11/11/2006,20,24,3,0
11/11/2006,7,13,5,4
11/11/2006,29,22,1,4
12/11/2006,6,9,4,3
12/11/2006,4,7,4,5
12/11/2006,15,3,3,1
12/11/2006,12,5,6,2
12/11/2006,26,30,2,3
12/11/2006,14,11,5,3
12/11/2006,10,8,5,1
12/11/2006,1,13,4,2
12/11/2006,27,28,1,2
12/11/2006,18,21,1,0
12/11/2006,19,22,5,3
12/11/2006,23,20,2,3
13/11/2006,24,30,3,2
13/11/2006,16,29,1,0
14/11/2006,26,28,4,2
14/11/2006,12,7,4,7
14/11/2006,5,4,3,2
14/11/2006,13,15,1,4
14/11/2006,9,8,3,6
14/11/2006,21,22,1,2
15/11/2006,23,17,2,3
15/11/2006,27,30,4,3
15/11/2006,20,19,3,0
15/11/2006,3,1,3,2
16/11/2006,25,2,0,3
16/11/2006,15,6,2,3
16/11/2006,14,8,1,3
16/11/2006,21,28,3,4
16/11/2006,24,4,4,7
16/11/2006,12,3,2,1
16/11/2006,29,18,4,5
16/11/2006,7,9,2,4
17/11/2006,27,16,3,2
17/11/2006,22,19,6,2
17/11/2006,26,4,3,4
17/11/2006,6,10,2,1
17/11/2006,18,30,6,7
17/11/2006,13,8,5,1
18/11/2006,11,25,3,5
18/11/2006,24,16,3,4
18/11/2006,1,9,3,2
18/11/2006,26,27,5,3
18/11/2006,15,12,1,4
18/11/2006,23,19,4,2
18/11/2006,14,2,3,2
18/11/2006,29,21,0,3
18/11/2006,20,17,4,1
18/11/2006,7,5,4,2
19/11/2006,8,11,3,1
19/11/2006,28,4,6,1
19/11/2006,18,29,4,2
19/11/2006,12,25,5,4
19/11/2006,13,2,1,4
19/11/2006,9,7,4,1
19/11/2006,10,1,1,2
19/11/2006,5,3,3,1
19/11/2006,22,17,4,3
19/11/2006,6,15,3,2
19/11/2006,30,21,1,2
20/11/2006,24,27,6,4
20/11/2006,3,14,4,1
20/11/2006,23,16,2,1
21/11/2006,6,13,2,3
21/11/2006,7,14,7,2
21/11/2006,4,5,3,5
21/11/2006,10,2,4,2
21/11/2006,29,18,1,3
21/11/2006,9,30,5,3
21/11/2006,25,21,5,4
22/11/2006,24,28,5,0
22/11/2006,3,12,4,0
22/11/2006,22,20,2,1
23/11/2006,25,18,1,0
23/11/2006,4,9,2,3
23/11/2006,28,26,6,3
23/11/2006,13,14,4,6
23/11/2006,27,1,3,1
23/11/2006,7,10,7,4
23/11/2006,29,19,3,4
23/11/2006,5,6,3,4
23/11/2006,20,16,4,1
23/11/2006,15,11,2,4
23/11/2006,8,30,4,2
23/11/2006,21,24,3,2
23/11/2006,17,23,3,4
23/11/2006,2,12,4,2
24/11/2006,30,27,4,0
24/11/2006,18,23,6,0
24/11/2006,2,5,3,1
24/11/2006,24,1,4,2
24/11/2006,6,12,1,5
24/11/2006,4,29,3,2
25/11/2006,13,9,4,6
25/11/2006,14,11,3,2
25/11/2006,15,10,1,7
25/11/2006,7,8,1,2
25/11/2006,25,26,5,3
25/11/2006,22,16,5,1
25/11/2006,17,19,2,3
26/11/2006,28,1,2,0
26/11/2006,11,13,1,0
26/11/2006,2,15,4,1
26/11/2006,19,27,1,2
26/11/2006,14,9,3,1
26/11/2006,18,17,6,2
26/11/2006,21,23,4,1
26/11/2006,26,20,3,1
26/11/2006,29,30,5,3
26/11/2006,10,6,1,3
26/11/2006,8,4,2,4
26/11/2006,5,3,1,2
27/11/2006,24,20,5,3
27/11/2006,3,7,2,3
28/11/2006,26,1,3,2
28/11/2006,17,25,2,1
29/11/2006,23,29,1,0
29/11/2006,22,24,2,3
29/11/2006,20,21,5,2
29/11/2006,12,9,1,4
29/11/2006,14,15,2,5
29/11/2006,8,13,1,0
29/11/2006,10,6,1,4
29/11/2006,5,2,3,2
29/11/2006,19,28,0,2
29/11/2006,3,11,4,5
30/11/2006,4,18,2,3
30/11/2006,30,28,1,2
30/11/2006,16,25,2,1
01/12/2006,15,25,4,3
01/12/2006,19,18,4,5
01/12/2006,11,10,5,0
01/12/2006,23,24,1,2
01/12/2006,12,8,4,2
01/12/2006,2,4,2,3
01/12/2006,27,26,7,4
01/12/2006,9,13,6,0
01/12/2006,6,14,4,3
01/12/2006,22,21,3,7
02/12/2006,30,17,0,3
02/12/2006,26,24,3,4
02/12/2006,16,19,5,2
02/12/2006,7,3,4,3
02/12/2006,1,5,5,2
02/12/2006,20,29,2,1
03/12/2006,12,6,5,2
03/12/2006,5,2,3,5
03/12/2006,22,29,0,4
03/12/2006,3,2,4,7
03/12/2006,17,28,2,3
03/12/2006,9,14,5,2
03/12/2006,25,30,4,3
03/12/2006,18,16,3,4
03/12/2006,8,10,4,3
03/12/2006,15,7,7,4
03/12/2006,4,1,3,4
03/12/2006,23,21,2,1
03/12/2006,13,11,1,3
04/12/2006,24,26,2,3
05/12/2006,8,6,5,6
05/12/2006,27,18,3,2
05/12/2006,23,22,0,4
05/12/2006,25,28,1,0
06/12/2006,21,29,0,3
06/12/2006,10,11,2,5
06/12/2006,14,7,1,4
06/12/2006,2,9,2,4
06/12/2006,5,13,2,3
06/12/2006,20,12,3,0
06/12/2006,19,17,1,5
06/12/2006,30,16,3,2
07/12/2006,24,18,4,0
07/12/2006,22,12,3,1
07/12/2006,1,8,2,1
07/12/2006,25,27,3,0
07/12/2006,15,9,6,2
08/12/2006,30,20,3,2
08/12/2006,16,27,1,2
08/12/2006,13,7,3,1
08/12/2006,26,18,1,4
08/12/2006,3,5,3,2
08/12/2006,6,10,3,1
08/12/2006,17,19,4,3
08/12/2006,28,21,2,5
08/12/2006,2,8,2,4
08/12/2006,14,11,8,0
09/12/2006,15,24,1,6
09/12/2006,23,12,4,3
09/12/2006,25,22,0,2
09/12/2006,1,4,2,0
09/12/2006,9,3,1,3
10/12/2006,6,1,1,5
10/12/2006,14,24,3,4
10/12/2006,19,29,1,5
10/12/2006,20,23,5,3
10/12/2006,27,25,3,4
10/12/2006,26,21,5,4
10/12/2006,30,16,5,4
10/12/2006,11,5,3,4
10/12/2006,29,9,6,2
10/12/2006,8,7,2,3
10/12/2006,2,13,5,4
10/12/2006,4,15,3,5
10/12/2006,17,10,5,1
10/12/2006,28,18,3,1
11/12/2006,3,13,2,1
11/12/2006,16,22,4,1
12/12/2006,28,27,4,0
12/12/2006,15,5,4,5
12/12/2006,21,12,5,2
13/12/2006,19,16,2,3
13/12/2006,20,30,5,2
13/12/2006,10,14,5,4
13/12/2006,1,7,2,3
13/12/2006,4,3,1,3
13/12/2006,18,22,3,2
13/12/2006,8,6,4,3
13/12/2006,13,24,4,5
13/12/2006,17,9,2,3
13/12/2006,26,28,1,3
13/12/2006,23,27,5,2
13/12/2006,25,29,1,3
14/12/2006,21,19,4,1
14/12/2006,11,24,1,2
14/12/2006,5,4,8,4
15/12/2006,6,1,5,3
15/12/2006,25,3,2,5
15/12/2006,22,30,3,1
15/12/2006,23,20,3,1
15/12/2006,7,13,2,1
15/12/2006,16,17,2,3
15/12/2006,18,9,6,0
15/12/2006,28,26,2,4
15/12/2006,27,29,5,4
15/12/2006,8,14,4,2
16/12/2006,12,10,3,4
16/12/2006,26,25,3,4
16/12/2006,5,2,7,4
16/12/2006,11,15,2,3
16/12/2006,21,22,4,1
16/12/2006,1,17,1,2
17/12/2006,23,30,2,1
17/12/2006,19,18,1,2
17/12/2006,28,24,4,3
17/12/2006,27,20,3,6
17/12/2006,7,9,1,3
17/12/2006,10,3,9,2
17/12/2006,2,11,6,0
17/12/2006,8,5,6,3
17/12/2006,6,13,3,6
17/12/2006,18,19,3,2
17/12/2006,15,4,4,1
17/12/2006,14,12,2,3
17/12/2006,29,16,4,6
18/12/2006,16,21,2,1
18/12/2006,3,1,1,6
19/12/2006,24,20,4,1
19/12/2006,29,17,4,3
20/12/2006,5,19,1,4
20/12/2006,9,6,2,7
20/12/2006,7,8,2,5
20/12/2006,4,12,1,2
20/12/2006,30,23,5,2
20/12/2006,26,20,3,5
20/12/2006,22,21,6,7
20/12/2006,1,11,3,4
20/12/2006,3,2,3,4
20/12/2006,15,14,4,5
20/12/2006,10,13,3,7
21/12/2006,24,25,4,1
21/12/2006,17,29,5,0
21/12/2006,16,18,1,2
22/12/2006,27,22,2,3
22/12/2006,8,4,4,2
22/12/2006,28,25,0,3
22/12/2006,19,26,5,2
22/12/2006,11,5,4,3
22/12/2006,6,23,2,0
22/12/2006,9,14,2,4
22/12/2006,18,7,2,7
22/12/2006,13,3,3,2
23/12/2006,29,23,3,2
23/12/2006,15,1,1,4
23/12/2006,17,30,3,1
23/12/2006,12,2,5,1
23/12/2006,4,9,3,6
23/12/2006,16,10,3,1
24/12/2006,27,24,2,0
24/12/2006,6,8,4,2
24/12/2006,10,15,2,3
24/12/2006,28,20,4,1
24/12/2006,30,17,3,2
24/12/2006,2,29,4,0
24/12/2006,19,7,3,2
24/12/2006,13,12,2,3
24/12/2006,18,26,7,0
24/12/2006,25,22,3,2
24/12/2006,11,1,5,2
24/12/2006,14,3,4,3
24/12/2006,21,16,3,2
27/12/2006,1,5,3,0
27/12/2006,20,23,1,3
27/12/2006,7,15,6,3
27/12/2006,18,19,3,2
27/12/2006,16,25,2,1
27/12/2006,11,14,2,1
27/12/2006,28,24,3,4
27/12/2006,12,13,4,2
27/12/2006,10,30,4,3
27/12/2006,2,3,2,0
27/12/2006,26,27,4,3
27/12/2006,29,6,5,4
28/12/2006,13,4,3,1
28/12/2006,17,30,3,1
28/12/2006,15,8,1,4
28/12/2006,23,20,6,5
28/12/2006,9,2,2,0
28/12/2006,5,11,2,4
28/12/2006,21,25,4,5
29/12/2006,7,12,4,1
29/12/2006,14,4,3,4
29/12/2006,29,17,4,7
29/12/2006,22,26,4,7
29/12/2006,28,27,2,3
30/12/2006,21,19,2,4
30/12/2006,12,24,4,2
30/12/2006,13,8,3,1
30/12/2006,16,6,3,5
30/12/2006,30,29,4,3
30/12/2006,25,18,4,1
30/12/2006,20,26,6,4
30/12/2006,1,15,4,3
30/12/2006,5,10,4,1
30/12/2006,9,3,1,0
31/12/2006,19,21,2,0
31/12/2006,7,11,4,1
31/12/2006,30,24,4,3
31/12/2006,3,15,4,1
31/12/2006,18,6,5,0
31/12/2006,27,28,8,0
31/12/2006,2,1,0,2
31/12/2006,14,8,3,1
31/12/2006,10,9,2,3
31/12/2006,22,23,2,6
01/01/2007,25,28,2,4
01/01/2007,12,4,2,5
01/01/2007,7,2,3,1
01/01/2007,18,21,3,5
01/01/2007,17,26,6,2
01/01/2007,15,27,2,3
01/01/2007,20,22,4,2
01/01/2007,29,16,3,1
01/01/2007,9,11,2,3
02/01/2007,10,6,5,1
03/01/2007,5,12,3,0
03/01/2007,22,13,4,1
03/01/2007,1,3,2,3
03/01/2007,8,14,5,2
03/01/2007,2,4,2,3
03/01/2007,19,16,1,4
03/01/2007,30,11,5,1
03/01/2007,17,24,2,1
03/01/2007,20,23,2,3
04/01/2007,9,7,6,3
04/01/2007,26,29,3,0
04/01/2007,23,25,2,1
05/01/2007,30,14,2,3
05/01/2007,12,27,0,2
05/01/2007,20,13,5,4
05/01/2007,19,16,2,0
05/01/2007,28,17,9,4
05/01/2007,15,8,5,1
05/01/2007,6,10,2,10
05/01/2007,22,25,5,6
05/01/2007,3,4,3,2
05/01/2007,1,2,4,3
06/01/2007,7,5,2,4
06/01/2007,21,14,4,2
06/01/2007,16,18,3,8
06/01/2007,9,1,2,3
06/01/2007,6,4,4,3
06/01/2007,8,3,3,4
06/01/2007,23,22,3,2
06/01/2007,11,27,4,5
06/01/2007,24,29,3,4
07/01/2007,10,7,3,4
07/01/2007,26,17,4,2
07/01/2007,30,21,1,2
07/01/2007,28,29,5,2
07/01/2007,16,27,2,4
07/01/2007,20,25,4,2
07/01/2007,8,1,0,3
07/01/2007,18,19,3,2
07/01/2007,9,4,6,1
07/01/2007,15,11,3,2
07/01/2007,12,2,4,2
08/01/2007,5,14,2,3
08/01/2007,24,17,4,2
08/01/2007,23,13,4,3
09/01/2007,26,22,1,2
10/01/2007,3,2,3,5
10/01/2007,15,4,6,2
10/01/2007,29,19,3,4
10/01/2007,8,11,4,2
10/01/2007,9,6,5,2
10/01/2007,25,27,2,5
10/01/2007,14,5,3,2
10/01/2007,10,12,1,4
10/01/2007,20,30,3,0
10/01/2007,21,17,3,4
10/01/2007,18,24,5,4
11/01/2007,1,19,2,3
11/01/2007,16,7,1,2
11/01/2007,13,5,5,2
11/01/2007,28,22,2,3
12/01/2007,25,24,1,5
12/01/2007,3,9,4,6
12/01/2007,23,30,2,5
12/01/2007,21,20,3,7
12/01/2007,26,28,2,5
12/01/2007,27,17,1,5
12/01/2007,12,13,6,4
12/01/2007,6,2,4,5
12/01/2007,7,10,2,4
12/01/2007,4,8,2,4
12/01/2007,14,15,5,4
13/01/2007,9,8,8,3
13/01/2007,19,26,6,5
13/01/2007,3,6,3,1
13/01/2007,22,30,2,4
13/01/2007,1,11,2,1
13/01/2007,18,29,2,0
13/01/2007,4,5,3,5
14/01/2007,20,22,3,1
14/01/2007,17,16,6,3
14/01/2007,7,14,2,3
14/01/2007,29,18,1,4
14/01/2007,10,23,1,6
14/01/2007,2,1,1,2
14/01/2007,12,11,3,4
14/01/2007,24,21,2,3
14/01/2007,13,15,7,3
14/01/2007,27,28,1,4
15/01/2007,6,7,3,2
15/01/2007,2,14,3,4
15/01/2007,16,30,3,4
15/01/2007,27,19,5,4
15/01/2007,25,26,3,1
15/01/2007,18,20,5,3
16/01/2007,28,21,3,1
16/01/2007,17,8,2,0
17/01/2007,9,15,5,2
17/01/2007,11,26,6,2
17/01/2007,14,10,2,4
17/01/2007,30,22,1,2
17/01/2007,5,2,5,2
17/01/2007,8,23,0,4
17/01/2007,13,12,2,3
17/01/2007,24,19,2,6
17/01/2007,16,29,4,5
17/01/2007,1,3,1,0
18/01/2007,7,6,6,3
18/01/2007,21,27,4,3
18/01/2007,25,20,4,2
18/01/2007,17,18,5,3
19/01/2007,22,24,4,1
19/01/2007,28,27,5,2
19/01/2007,26,19,1,3
19/01/2007,11,8,1,4
19/01/2007,4,2,2,4
19/01/2007,9,23,1,2
19/01/2007,1,14,2,3
19/01/2007,18,29,4,0
19/01/2007,6,5,5,4
19/01/2007,13,10,2,3
19/01/2007,12,15,2,5
20/01/2007,16,30,0,3
20/01/2007,20,24,3,2
20/01/2007,1,4,4,3
20/01/2007,29,17,3,1
20/01/2007,7,23,4,3
20/01/2007,3,11,1,3
20/01/2007,15,13,1,4
21/01/2007,22,20,0,4
21/01/2007,6,9,0,3
21/01/2007,28,19,0,1
21/01/2007,26,27,2,3
21/01/2007,5,10,8,2
21/01/2007,18,16,6,3
21/01/2007,30,25,1,2
21/01/2007,8,7,4,3
21/01/2007,12,14,5,6
21/01/2007,21,17,3,1
27/01/2007,21,27,4,5
27/01/2007,16,18,1,3
27/01/2007,25,5,3,4
27/01/2007,11,2,5,4
27/01/2007,30,20,2,1
27/01/2007,12,15,6,2
27/01/2007,9,6,3,1
27/01/2007,23,26,2,3
27/01/2007,22,28,1,5
27/01/2007,14,1,0,2
27/01/2007,4,3,1,2
27/01/2007,19,17,2,1
27/01/2007,29,7,3,2
28/01/2007,2,7,5,3
28/01/2007,16,20,4,3
28/01/2007,13,1,4,2
28/01/2007,29,30,3,2
28/01/2007,15,12,7,3
28/01/2007,22,26,4,3
28/01/2007,11,4,1,2
28/01/2007,17,21,3,1
28/01/2007,24,25,4,1
28/01/2007,10,8,4,1
28/01/2007,19,18,3,6
28/01/2007,27,5,2,7
29/01/2007,23,28,3,1
30/01/2007,8,9,3,1
30/01/2007,6,3,1,6
31/01/2007,21,18,4,3
31/01/2007,4,14,3,4
31/01/2007,12,10,1,4
31/01/2007,7,6,7,1
31/01/2007,9,15,3,2
31/01/2007,28,25,2,3
31/01/2007,23,29,2,3
31/01/2007,20,26,4,1
31/01/2007,2,17,3,4
31/01/2007,5,13,3,0
31/01/2007,11,1,5,4
31/01/2007,19,30,2,5
01/02/2007,3,10,1,2
01/02/2007,24,27,2,1
01/02/2007,22,29,5,2
02/02/2007,21,30,3,5
02/02/2007,4,1,5,6
02/02/2007,28,25,2,4
02/02/2007,6,7,1,3
02/02/2007,11,2,2,5
02/02/2007,13,15,6,3
02/02/2007,27,18,3,2
02/02/2007,12,14,0,4
02/02/2007,26,16,2,3
02/02/2007,23,22,5,3
02/02/2007,5,8,5,4
03/02/2007,28,16,4,2
03/02/2007,20,29,6,2
03/02/2007,21,22,2,3
03/02/2007,17,19,5,3
03/02/2007,5,15,2,0
03/02/2007,8,2,2,4
04/02/2007,18,24,3,0
04/02/2007,14,3,3,2
04/02/2007,12,6,3,4
04/02/2007,13,26,0,7
04/02/2007,20,23,4,3
04/02/2007,8,5,4,3
04/02/2007,15,2,2,1
04/02/2007,11,4,2,5
04/02/2007,9,10,2,3
04/02/2007,27,30,0,1
04/02/2007,1,7,3,2
04/02/2007,19,25,2,0
06/02/2007,3,17,3,4
07/02/2007,22,23,2,5
07/02/2007,5,18,4,1
07/02/2007,28,24,4,7
07/02/2007,29,27,0,3
07/02/2007,8,12,1,2
07/02/2007,21,13,5,4
07/02/2007,11,7,3,4
07/02/2007,14,26,3,2
07/02/2007,25,30,4,2
07/02/2007,20,16,2,3
07/02/2007,15,6,2,3
07/02/2007,19,10,1,2
07/02/2007,1,3,3,2
08/02/2007,7,9,3,2
08/02/2007,23,16,0,3
08/02/2007,2,4,2,0
08/02/2007,24,28,2,3
08/02/2007,17,27,4,2
09/02/2007,4,5,4,5
09/02/2007,6,12,2,5
09/02/2007,9,8,4,1
09/02/2007,21,11,3,6
09/02/2007,29,20,2,1
09/02/2007,18,10,4,2
09/02/2007,30,13,4,2
09/02/2007,19,17,1,0
09/02/2007,15,26,4,3
09/02/2007,1,2,2,0
10/02/2007,25,24,1,0
10/02/2007,22,16,2,1
10/02/2007,3,14,5,0
11/02/2007,29,16,4,5
11/02/2007,17,20,7,4
11/02/2007,15,3,2,5
11/02/2007,30,12,5,4
11/02/2007,1,14,1,4
11/02/2007,18,26,1,4
11/02/2007,4,19,4,3
11/02/2007,7,20,3,2
11/02/2007,23,11,3,2
11/02/2007,25,21,7,5
11/02/2007,10,5,5,6
11/02/2007,13,27,5,2
11/02/2007,6,2,4,3
11/02/2007,8,9,3,5
12/02/2007,22,11,5,1
13/02/2007,4,17,6,1
14/02/2007,10,2,2,3
14/02/2007,6,22,3,0
14/02/2007,12,26,2,1
14/02/2007,19,28,5,6
14/02/2007,8,13,0,1
14/02/2007,14,27,5,3
14/02/2007,20,11,4,1
14/02/2007,21,24,2,0
15/02/2007,5,16,5,4
15/02/2007,30,23,2,3
15/02/2007,9,13,4,0
15/02/2007,1,8,5,2
15/02/2007,18,28,5,0
15/02/2007,25,17,1,3
15/02/2007,29,19,2,4
16/02/2007,7,22,2,1
16/02/2007,14,15,3,2
16/02/2007,2,6,4,1
16/02/2007,12,3,1,4
16/02/2007,27,24,4,5
16/02/2007,4,10,2,4
16/02/2007,20,21,5,7
17/02/2007,16,23,1,2
17/02/2007,3,4,3,5
17/02/2007,1,5,4,5
17/02/2007,19,18,1,0
17/02/2007,9,11,5,3
17/02/2007,29,28,3,0
18/02/2007,7,6,3,4
18/02/2007,29,8,2,3
18/02/2007,8,12,3,5
18/02/2007,10,22,4,3
18/02/2007,27,17,1,4
18/02/2007,5,15,3,2
18/02/2007,26,24,2,3
18/02/2007,13,14,5,4
18/02/2007,18,30,1,4
18/02/2007,19,30,5,3
18/02/2007,3,16,2,1
18/02/2007,20,21,5,2
18/02/2007,25,28,5,2
18/02/2007,2,1,0,2
19/02/2007,23,21,5,4
19/02/2007,24,26,3,4
19/02/2007,2,5,6,5
19/02/2007,18,27,4,1
20/02/2007,4,6,3,6
21/02/2007,7,4,6,3
21/02/2007,9,22,4,3
21/02/2007,24,23,2,3
21/02/2007,19,29,5,4
21/02/2007,8,15,5,3
21/02/2007,21,20,4,3
21/02/2007,14,13,3,2
21/02/2007,10,6,0,3
21/02/2007,1,3,2,1
21/02/2007,12,11,1,3
21/02/2007,30,25,2,1
22/02/2007,17,16,4,2
22/02/2007,15,28,2,3
23/02/2007,11,14,4,5
23/02/2007,7,9,6,5
23/02/2007,18,8,5,6
23/02/2007,27,20,3,2
23/02/2007,12,4,3,2
23/02/2007,16,28,0,2
23/02/2007,3,1,2,3
23/02/2007,21,30,3,4
23/02/2007,29,22,0,4
23/02/2007,26,23,2,3
23/02/2007,13,5,1,2
23/02/2007,2,10,3,2
24/02/2007,1,15,2,4
24/02/2007,14,6,2,6
24/02/2007,17,22,3,4
24/02/2007,25,24,4,1
24/02/2007,2,8,3,2
25/02/2007,25,23,2,1
25/02/2007,15,1,2,3
25/02/2007,16,19,5,1
25/02/2007,18,17,4,3
25/02/2007,20,28,7,4
25/02/2007,13,6,7,2
25/02/2007,30,22,4,1
25/02/2007,11,12,1,4
25/02/2007,9,7,6,5
25/02/2007,4,10,2,5
25/02/2007,29,18,3,4
25/02/2007,3,29,2,3
25/02/2007,14,5,5,1
25/02/2007,26,21,6,5
26/02/2007,24,21,5,3
27/02/2007,20,27,5,2
27/02/2007,28,24,2,3
27/02/2007,6,11,2,3
27/02/2007,8,10,5,4
28/02/2007,21,29,3,2
28/02/2007,15,13,5,6
28/02/2007,14,25,1,2
28/02/2007,16,17,1,4
28/02/2007,19,23,3,1
28/02/2007,10,7,1,6
28/02/2007,3,8,4,0
28/02/2007,12,9,2,4
28/02/2007,22,27,0,3
28/02/2007,2,4,6,5
28/02/2007,5,1,0,1
01/03/2007,28,18,3,4
01/03/2007,20,30,2,1
01/03/2007,9,12,2,0
02/03/2007,16,21,1,6
02/03/2007,3,5,3,4
02/03/2007,6,4,3,4
02/03/2007,15,14,4,5
02/03/2007,22,30,0,5
02/03/2007,23,27,4,3
02/03/2007,13,25,2,1
02/03/2007,26,24,4,3
02/03/2007,2,19,2,3
03/03/2007,3,19,3,2
03/03/2007,12,5,3,2
03/03/2007,11,9,4,2
03/03/2007,17,16,6,2
03/03/2007,7,8,8,5
03/03/2007,25,29,2,3
03/03/2007,24,28,3,1
03/03/2007,1,10,3,4
03/03/2007,26,18,3,6
04/03/2007,10,7,1,3
04/03/2007,25,28,0,4
04/03/2007,22,20,2,4
04/03/2007,17,21,3,4
04/03/2007,13,14,6,2
04/03/2007,16,9,4,3
04/03/2007,15,2,2,6
04/03/2007,27,29,3,4
04/03/2007,6,8,3,1
04/03/2007,5,4,4,3
04/03/2007,11,12,3,1
05/03/2007,1,6,1,4
05/03/2007,24,18,3,2
05/03/2007,23,30,4,3
06/03/2007,3,2,2,1
07/03/2007,17,18,4,3
07/03/2007,16,26,3,0
07/03/2007,23,14,5,1
07/03/2007,30,28,0,3
07/03/2007,4,1,5,4
07/03/2007,11,13,4,2
07/03/2007,9,5,4,5
07/03/2007,6,21,0,2
07/03/2007,19,20,2,4
07/03/2007,10,15,3,0
08/03/2007,22,14,1,3
08/03/2007,7,21,2,3
08/03/2007,24,27,2,1
08/03/2007,29,26,3,2
09/03/2007,27,23,2,4
09/03/2007,19,25,5,3
09/03/2007,11,8,6,2
09/03/2007,2,3,1,2
09/03/2007,5,1,3,4
09/03/2007,6,30,1,2
09/03/2007,4,13,1,2
09/03/2007,18,20,6,3
09/03/2007,9,10,5,1
10/03/2007,29,25,0,3
10/03/2007,17,26,3,2
10/03/2007,4,6,4,1
10/03/2007,15,12,0,3
10/03/2007,7,30,1,5
10/03/2007,24,22,5,1
10/03/2007,28,23,1,2
10/03/2007,5,3,3,2
11/03/2007,25,26,4,3
11/03/2007,27,16,5,7
11/03/2007,30,21,3,2
11/03/2007,3,12,2,1
11/03/2007,19,8,3,4
11/03/2007,17,6,3,6
11/03/2007,20,14,2,3
11/03/2007,18,29,2,1
11/03/2007,13,11,3,2
11/03/2007,10,9,4,3
11/03/2007,7,1,2,3
11/03/2007,2,15,5,2
12/03/2007,24,23,4,2
12/03/2007,28,22,3,0
12/03/2007,11,15,4,2
13/03/2007,3,9,2,3
13/03/2007,12,13,3,1
13/03/2007,10,14,3,2
13/03/2007,8,2,5,3
13/03/2007,26,22,5,1
13/03/2007,5,7,5,4
13/03/2007,27,4,4,0
13/03/2007,20,19,5,4
14/03/2007,17,18,4,2
14/03/2007,18,17,2,5
14/03/2007,25,4,3,2
14/03/2007,23,30,2,3
14/03/2007,28,16,7,1
14/03/2007,1,5,0,3
15/03/2007,24,29,4,5
15/03/2007,4,11,3,2
15/03/2007,12,1,2,3
15/03/2007,13,7,3,5
15/03/2007,6,15,4,3
15/03/2007,21,20,3,2
15/03/2007,9,2,5,2
16/03/2007,15,10,5,1
16/03/2007,23,19,3,2
16/03/2007,26,16,3,4
16/03/2007,22,30,1,2
16/03/2007,27,28,1,5
16/03/2007,5,8,6,3
16/03/2007,25,20,4,2
16/03/2007,11,3,2,1
17/03/2007,24,16,5,2
17/03/2007,3,6,7,0
17/03/2007,1,12,2,7
17/03/2007,9,4,3,2
17/03/2007,14,7,2,3
17/03/2007,28,29,3,0
17/03/2007,13,2,8,5
17/03/2007,8,10,3,2
18/03/2007,26,29,5,3
18/03/2007,23,17,4,1
18/03/2007,11,7,4,3
18/03/2007,27,21,3,6
18/03/2007,18,25,3,2
18/03/2007,15,14,7,1
18/03/2007,5,9,4,3
18/03/2007,20,30,2,4
18/03/2007,22,19,2,3
19/03/2007,24,26,3,5
19/03/2007,21,28,4,3
19/03/2007,25,27,5,4
19/03/2007,3,5,2,1
20/03/2007,29,16,5,2
20/03/2007,22,23,1,2
20/03/2007,4,13,1,4
20/03/2007,8,6,1,0
20/03/2007,14,2,4,3
20/03/2007,10,1,2,1
21/03/2007,20,17,2,1
21/03/2007,3,4,5,0
21/03/2007,7,15,5,2
21/03/2007,30,27,3,2
21/03/2007,19,9,2,4
22/03/2007,12,15,4,3
22/03/2007,2,5,3,1
22/03/2007,23,18,2,0
22/03/2007,6,8,3,6
22/03/2007,16,28,1,4
22/03/2007,11,28,1,5
22/03/2007,14,1,3,1
22/03/2007,26,25,2,4
22/03/2007,17,29,1,2
22/03/2007,13,9,2,4
22/03/2007,22,21,1,5
23/03/2007,30,19,5,1
23/03/2007,20,18,3,2
23/03/2007,27,24,2,1
24/03/2007,24,25,3,2
24/03/2007,14,9,2,7
24/03/2007,10,7,4,1
24/03/2007,17,19,2,3
24/03/2007,7,10,5,4
24/03/2007,6,3,1,2
24/03/2007,12,28,6,4
24/03/2007,8,15,4,1
24/03/2007,22,21,4,3
24/03/2007,4,2,3,4
24/03/2007,13,1,3,4
24/03/2007,5,11,2,1
24/03/2007,16,26,1,2
25/03/2007,27,25,3,4
25/03/2007,30,26,4,1
25/03/2007,29,19,4,1
25/03/2007,16,20,2,3
25/03/2007,22,18,0,4
25/03/2007,2,3,1,2
25/03/2007,5,6,5,0
26/03/2007,17,24,1,0
26/03/2007,23,21,4,5
27/03/2007,14,13,2,5
27/03/2007,9,6,2,3
27/03/2007,8,3,6,4
27/03/2007,2,1,2,3
27/03/2007,15,5,3,4
27/03/2007,10,12,6,1
28/03/2007,4,12,5,1
28/03/2007,21,23,0,3
28/03/2007,7,1,4,3
28/03/2007,13,11,3,2
28/03/2007,30,20,0,1
28/03/2007,28,26,3,1
28/03/2007,19,29,1,4
28/03/2007,25,27,6,0
28/03/2007,18,22,4,3
29/03/2007,29,24,2,5
29/03/2007,6,5,2,4
29/03/2007,16,24,1,3
29/03/2007,11,10,3,2
30/03/2007,19,22,5,2
30/03/2007,1,4,3,1
30/03/2007,12,14,2,4
30/03/2007,9,8,5,2
30/03/2007,13,15,3,2
30/03/2007,27,21,3,4
30/03/2007,17,25,3,4
30/03/2007,30,20,2,4
30/03/2007,18,17,1,2
30/03/2007,26,23,2,4
31/03/2007,6,11,2,3
31/03/2007,21,30,2,1
31/03/2007,16,29,3,1
31/03/2007,2,9,2,5
31/03/2007,7,2,6,4
31/03/2007,14,15,5,2
31/03/2007,10,5,5,4
31/03/2007,4,3,4,6
31/03/2007,8,7,4,3
31/03/2007,28,27,4,2
01/04/2007,18,25,2,4
01/04/2007,23,20,2,3
01/04/2007,28,26,6,2
01/04/2007,1,6,3,1
01/04/2007,3,10,7,2
01/04/2007,19,24,2,3
01/04/2007,29,17,1,4
01/04/2007,13,12,3,4
01/04/2007,16,22,2,1
03/04/2007,1,9,2,1
03/04/2007,5,7,1,4
03/04/2007,14,12,3,2
03/04/2007,10,4,3,2
03/04/2007,17,29,3,0
03/04/2007,2,3,3,2
03/04/2007,15,13,1,0
03/04/2007,8,6,2,0
03/04/2007,25,19,2,4
04/04/2007,27,19,2,5
04/04/2007,18,16,2,3
04/04/2007,30,22,3,0
04/04/2007,11,15,2,3
04/04/2007,23,26,4,2
04/04/2007,20,21,3,4
05/04/2007,4,1,2,3
05/04/2007,7,6,4,2
05/04/2007,9,5,2,3
05/04/2007,3,8,3,1
05/04/2007,24,28,2,3
05/04/2007,2,10,5,2
05/04/2007,29,25,2,1
06/04/2007,27,26,3,2
06/04/2007,30,22,3,0
06/04/2007,28,20,4,3
06/04/2007,12,11,1,4
06/04/2007,18,19,4,1
06/04/2007,16,17,3,2
06/04/2007,23,21,1,3
07/04/2007,11,14,3,2
07/04/2007,10,8,6,5
07/04/2007,25,24,2,1
07/04/2007,15,7,0,2
07/04/2007,17,16,7,2
07/04/2007,29,24,3,4
07/04/2007,26,27,3,2
07/04/2007,4,2,2,4
07/04/2007,28,23,3,4
07/04/2007,6,9,3,6
07/04/2007,14,13,2,7
07/04/2007,12,13,5,4
07/04/2007,5,3,2,1
08/04/2007,4,7,4,3
08/04/2007,27,23,3,1
08/04/2007,30,19,5,1
08/04/2007,21,18,2,4
08/04/2007,1,2,2,3
08/04/2007,25,16,3,2
08/04/2007,20,22,2,3
09/04/2007,21,20,6,3
29/09/2007,26,24,4,1
30/09/2007,24,26,4,1
03/10/2007,12,8,2,3
03/10/2007,10,9,3,4
03/10/2007,17,24,3,2
04/10/2007,21,25,4,3
04/10/2007,3,13,5,2
04/10/2007,14,1,3,1
04/10/2007,9,10,3,2
05/10/2007,30,16,1,0
05/10/2007,27,19,3,2
05/10/2007,29,24,4,0
05/10/2007,12,5,4,1
05/10/2007,7,2,4,6
05/10/2007,18,21,4,0
05/10/2007,22,28,3,2
05/10/2007,11,15,1,3
05/10/2007,20,4,2,3
06/10/2007,13,1,1,4
06/10/2007,5,24,5,4
06/10/2007,15,12,2,0
06/10/2007,9,3,2,0
06/10/2007,10,8,4,3
06/10/2007,25,6,4,1
06/10/2007,2,7,3,2
06/10/2007,14,11,5,2
06/10/2007,23,28,1,3
07/10/2007,16,17,4,3
07/10/2007,27,6,1,3
07/10/2007,21,28,6,2
07/10/2007,22,4,5,3
07/10/2007,20,23,3,4
07/10/2007,30,29,3,2
07/10/2007,18,25,5,1
07/10/2007,26,19,3,5
08/10/2007,17,22,4,2
08/10/2007,9,1,4,2
08/10/2007,2,15,1,2
09/10/2007,10,12,1,7
10/10/2007,5,8,2,3
10/10/2007,11,9,1,3
10/10/2007,29,27,3,0
10/10/2007,17,20,4,2
10/10/2007,2,3,2,1
10/10/2007,14,13,2,1
11/10/2007,19,18,4,1
11/10/2007,30,22,2,0
11/10/2007,10,2,8,1
11/10/2007,9,12,3,5
11/10/2007,13,1,3,0
11/10/2007,7,11,6,0
11/10/2007,23,4,2,8
11/10/2007,25,26,5,1
11/10/2007,16,28,1,2
11/10/2007,24,6,2,1
12/10/2007,3,15,3,1
12/10/2007,17,16,2,3
12/10/2007,18,27,3,6
13/10/2007,11,1,5,6
13/10/2007,7,15,7,3
13/10/2007,25,20,2,3
13/10/2007,19,21,4,1
13/10/2007,10,5,4,6
13/10/2007,26,6,6,8
13/10/2007,13,14,6,4
13/10/2007,22,23,2,5
13/10/2007,4,2,3,1
13/10/2007,3,9,1,3
13/10/2007,8,12,1,3
14/10/2007,23,22,4,1
14/10/2007,27,30,2,3
14/10/2007,28,6,1,2
14/10/2007,21,29,5,1
14/10/2007,18,20,4,7
14/10/2007,16,25,2,1
15/10/2007,26,17,1,4
15/10/2007,24,30,0,2
15/10/2007,7,10,5,4
16/10/2007,8,13,1,2
16/10/2007,4,11,4,0
16/10/2007,23,28,2,4
16/10/2007,24,17,6,3
17/10/2007,21,20,5,4
17/10/2007,29,25,2,3
17/10/2007,5,1,4,5
17/10/2007,26,30,4,3
18/10/2007,9,8,4,3
18/10/2007,11,3,5,3
18/10/2007,4,1,4,0
18/10/2007,10,13,3,2
18/10/2007,24,18,3,1
18/10/2007,15,2,2,5
18/10/2007,6,14,4,1
18/10/2007,16,19,1,3
19/10/2007,20,26,4,3
19/10/2007,5,12,4,3
19/10/2007,27,22,2,4
19/10/2007,28,17,2,4
19/10/2007,7,29,0,3
20/10/2007,9,13,4,1
20/10/2007,16,21,5,3
20/10/2007,6,3,1,0
20/10/2007,15,5,1,2
20/10/2007,10,16,4,6
20/10/2007,4,12,3,2
20/10/2007,2,1,4,3
20/10/2007,14,11,6,2
20/10/2007,23,26,2,4
20/10/2007,8,7,4,2
21/10/2007,28,18,3,0
21/10/2007,19,30,1,3
21/10/2007,25,24,3,1
21/10/2007,20,22,4,1
21/10/2007,27,17,2,5
21/10/2007,29,23,1,4
21/10/2007,30,21,3,2
22/10/2007,8,6,6,1
22/10/2007,12,23,3,1
23/10/2007,5,3,1,0
23/10/2007,10,11,4,5
23/10/2007,20,28,1,4
24/10/2007,13,4,4,3
24/10/2007,22,21,2,4
24/10/2007,26,18,6,0
24/10/2007,12,7,6,2
24/10/2007,17,23,3,2
24/10/2007,19,24,4,2
24/10/2007,15,14,5,3
24/10/2007,16,29,4,7
25/10/2007,6,16,3,1
25/10/2007,20,30,5,3
25/10/2007,3,1,2,0
25/10/2007,5,10,2,5
25/10/2007,29,19,3,0
25/10/2007,14,4,5,2
26/10/2007,12,8,4,7
26/10/2007,24,27,0,1
26/10/2007,18,11,3,0
26/10/2007,22,30,5,4
26/10/2007,15,23,2,3
26/10/2007,26,25,2,1
26/10/2007,13,7,2,4
26/10/2007,17,28,5,1
27/10/2007,14,7,3,4
27/10/2007,1,9,1,4
27/10/2007,3,10,1,4
27/10/2007,5,8,3,4
27/10/2007,2,12,3,8
27/10/2007,6,4,1,2
27/10/2007,29,28,2,1
27/10/2007,20,21,2,3
28/10/2007,27,25,3,5
28/10/2007,21,30,3,1
28/10/2007,19,15,4,3
28/10/2007,18,13,4,3
28/10/2007,26,22,4,1
28/10/2007,16,11,2,3
29/10/2007,10,15,1,7
29/10/2007,3,14,3,1
29/10/2007,24,22,2,3
29/10/2007,23,17,2,3
30/10/2007,25,28,2,4
30/10/2007,30,5,2,4
30/10/2007,8,11,2,3
31/10/2007,1,14,6,1
31/10/2007,13,12,4,2
31/10/2007,20,18,5,1
31/10/2007,19,27,1,2
31/10/2007,22,17,1,2
01/11/2007,3,15,2,0
01/11/2007,9,11,6,4
01/11/2007,6,7,4,3
01/11/2007,25,16,4,5
01/11/2007,26,29,1,4
01/11/2007,2,14,4,0
01/11/2007,8,4,5,2
02/11/2007,21,5,3,2
02/11/2007,1,10,3,2
02/11/2007,30,19,2,3
02/11/2007,15,4,2,3
02/11/2007,23,18,0,3
02/11/2007,20,17,1,4
02/11/2007,7,13,2,4
02/11/2007,24,29,2,1
03/11/2007,22,18,1,4
03/11/2007,9,6,3,2
03/11/2007,28,26,2,5
03/11/2007,25,27,0,5
03/11/2007,12,13,4,2
03/11/2007,3,1,2,1
03/11/2007,8,10,2,3
03/11/2007,14,11,4,6
03/11/2007,2,5,3,2
04/11/2007,30,20,4,1
04/11/2007,26,28,1,3
04/11/2007,21,23,3,4
04/11/2007,29,19,3,0
04/11/2007,27,24,2,5
04/11/2007,19,16,2,3
05/11/2007,6,9,1,2
05/11/2007,16,18,2,5
06/11/2007,1,5,0,5
06/11/2007,30,22,5,2
06/11/2007,8,7,2,0
06/11/2007,24,25,0,5
06/11/2007,12,15,5,0
06/11/2007,21,20,4,1
06/11/2007,13,14,4,3
06/11/2007,3,4,2,0
07/11/2007,2,3,3,2
07/11/2007,11,15,2,1
07/11/2007,9,10,5,1
08/11/2007,21,22,4,3
08/11/2007,24,27,5,6
08/11/2007,28,25,1,3
08/11/2007,7,6,2,1
08/11/2007,14,13,3,1
08/11/2007,16,29,5,2
08/11/2007,5,4,1,3
08/11/2007,17,18,3,2
09/11/2007,1,4,4,1
09/11/2007,6,8,1,2
09/11/2007,27,25,5,2
09/11/2007,20,23,2,3
09/11/2007,9,15,1,4
09/11/2007,12,14,1,5
09/11/2007,3,5,4,2
10/11/2007,13,11,1,4
10/11/2007,7,10,0,3
10/11/2007,23,21,2,1
10/11/2007,9,8,3,1
10/11/2007,24,28,3,2
10/11/2007,17,29,4,1
10/11/2007,16,19,4,2
11/11/2007,6,7,2,1
11/11/2007,10,3,2,3
11/11/2007,18,29,4,3
11/11/2007,28,27,4,1
11/11/2007,20,22,2,4
11/11/2007,4,5,5,2
11/11/2007,15,14,2,5
11/11/2007,2,1,2,1
11/11/2007,11,12,3,5
11/11/2007,26,25,6,5
12/11/2007,16,17,3,2
12/11/2007,21,30,4,2
13/11/2007,28,27,5,0
13/11/2007,29,18,1,4
13/11/2007,4,2,3,2
13/11/2007,13,12,3,4
13/11/2007,5,1,2,3
14/11/2007,11,13,3,2
14/11/2007,24,26,4,3
14/11/2007,19,17,4,3
14/11/2007,10,8,3,4
14/11/2007,20,30,3,2
15/11/2007,1,3,2,4
15/11/2007,23,22,0,1
15/11/2007,25,28,3,4
15/11/2007,14,12,6,1
15/11/2007,29,16,4,2
16/11/2007,13,15,2,1
16/11/2007,22,30,2,4
16/11/2007,6,10,5,2
16/11/2007,26,24,3,6
16/11/2007,27,28,0,6
16/11/2007,18,16,5,4
16/11/2007,4,3,3,4
16/11/2007,5,2,3,2
16/11/2007,9,7,3,2
17/11/2007,19,29,3,2
17/11/2007,23,30,6,2
17/11/2007,25,21,6,1
17/11/2007,26,27,0,1
17/11/2007,14,15,5,2
17/11/2007,12,11,0,3
17/11/2007,7,8,4,1
17/11/2007,1,2,0,1
18/11/2007,22,20,1,3
18/11/2007,5,3,3,4
18/11/2007,10,9,3,0
18/11/2007,18,19,2,3
18/11/2007,17,16,3,5
18/11/2007,29,17,4,5
18/11/2007,30,21,4,1
18/11/2007,4,1,2,6
18/11/2007,28,24,1,2
18/11/2007,12,13,2,1
18/11/2007,8,6,7,4
19/11/2007,23,20,4,1
20/11/2007,15,13,3,4
20/11/2007,19,18,2,1
20/11/2007,11,14,4,3
20/11/2007,25,26,3,0
20/11/2007,3,2,1,2
20/11/2007,8,9,2,4
21/11/2007,22,23,5,4
21/11/2007,10,6,2,4
21/11/2007,20,21,4,1
22/11/2007,14,3,1,2
22/11/2007,30,23,2,4
22/11/2007,7,9,4,2
22/11/2007,12,4,3,6
22/11/2007,5,1,1,2
22/11/2007,15,11,1,5
22/11/2007,2,8,1,4
22/11/2007,29,13,2,5
22/11/2007,17,19,3,0
22/11/2007,27,26,4,1
22/11/2007,25,24,2,1
23/11/2007,30,29,0,4
23/11/2007,6,2,2,1
23/11/2007,24,27,3,4
23/11/2007,22,21,2,3
23/11/2007,18,17,3,2
23/11/2007,20,16,1,2
23/11/2007,4,15,3,4
23/11/2007,9,5,5,6
24/11/2007,12,14,4,3
24/11/2007,13,3,3,2
24/11/2007,11,1,0,3
24/11/2007,25,10,3,1
24/11/2007,7,8,4,2
24/11/2007,19,23,3,1
25/11/2007,2,6,2,1
25/11/2007,28,26,1,2
25/11/2007,14,1,2,3
25/11/2007,18,30,3,4
25/11/2007,21,20,2,5
25/11/2007,29,17,3,2
25/11/2007,8,7,0,3
25/11/2007,9,4,3,4
25/11/2007,19,20,3,0
25/11/2007,22,16,3,2
25/11/2007,15,12,5,2
25/11/2007,27,10,5,1
25/11/2007,5,11,5,0
25/11/2007,3,25,2,3
26/11/2007,23,16,2,0
26/11/2007,24,26,3,2
27/11/2007,22,29,3,1
27/11/2007,2,25,2,3
27/11/2007,15,7,1,3
27/11/2007,4,6,3,6
28/11/2007,10,8,3,4
28/11/2007,23,24,4,0
28/11/2007,17,20,5,3
29/11/2007,30,27,3,1
29/11/2007,15,13,1,2
29/11/2007,16,14,5,1
29/11/2007,12,4,1,3
29/11/2007,7,19,3,4
29/11/2007,2,9,3,2
29/11/2007,1,25,4,2
29/11/2007,28,26,2,3
29/11/2007,21,22,4,2
30/11/2007,11,10,2,4
30/11/2007,9,18,5,6
30/11/2007,17,14,4,2
30/11/2007,3,2,4,2
30/11/2007,20,24,1,4
30/11/2007,23,29,2,0
30/11/2007,13,6,3,4
01/12/2007,1,8,4,0
01/12/2007,9,3,2,5
01/12/2007,28,21,3,2
01/12/2007,22,24,5,1
01/12/2007,5,25,4,1
01/12/2007,12,15,4,3
01/12/2007,30,19,3,2
01/12/2007,16,27,6,1
02/12/2007,17,27,3,2
02/12/2007,8,18,4,5
02/12/2007,2,11,0,4
02/12/2007,20,29,3,4
02/12/2007,30,23,2,1
02/12/2007,13,15,1,2
02/12/2007,26,21,2,5
02/12/2007,10,5,4,2
02/12/2007,4,25,1,4
02/12/2007,19,16,3,1
02/12/2007,14,6,4,1
02/12/2007,7,12,8,1
02/12/2007,1,11,3,2
03/12/2007,24,22,0,4
04/12/2007,29,25,1,2
04/12/2007,3,12,0,4
04/12/2007,2,6,1,3
04/12/2007,5,27,3,1
04/12/2007,26,22,3,4
04/12/2007,21,28,2,3
05/12/2007,8,17,1,4
05/12/2007,10,18,3,1
05/12/2007,14,9,4,3
05/12/2007,20,19,3,1
06/12/2007,29,21,5,4
06/12/2007,22,5,2,4
06/12/2007,1,6,4,3
06/12/2007,27,26,4,1
06/12/2007,13,9,4,5
06/12/2007,25,28,2,3
06/12/2007,16,23,2,3
06/12/2007,30,4,1,3
06/12/2007,24,7,4,1
06/12/2007,11,2,4,3
07/12/2007,26,7,8,2
07/12/2007,14,12,2,1
07/12/2007,6,8,2,4
07/12/2007,20,5,2,3
07/12/2007,3,10,2,6
07/12/2007,18,23,2,5
08/12/2007,13,2,3,0
08/12/2007,21,4,2,1
08/12/2007,17,30,5,0
08/12/2007,27,28,0,1
08/12/2007,25,9,2,4
08/12/2007,22,19,3,4
08/12/2007,1,15,3,2
08/12/2007,11,3,4,2
08/12/2007,16,24,3,5
09/12/2007,14,2,2,3
09/12/2007,15,11,6,3
09/12/2007,26,27,2,4
09/12/2007,28,7,1,7
09/12/2007,10,6,1,2
09/12/2007,3,1,1,0
09/12/2007,17,12,5,2
09/12/2007,23,5,1,2
09/12/2007,18,24,4,2
09/12/2007,8,12,1,5
09/12/2007,29,30,1,2
10/12/2007,16,20,2,3
10/12/2007,21,19,9,5
11/12/2007,29,24,3,4
11/12/2007,10,14,6,1
11/12/2007,25,22,5,4
11/12/2007,26,23,4,2
11/12/2007,18,17,1,2
11/12/2007,7,6,1,4
11/12/2007,15,1,3,2
12/12/2007,4,5,8,2
12/12/2007,8,14,2,3
12/12/2007,19,22,4,5
12/12/2007,28,30,4,1
12/12/2007,13,20,1,2
13/12/2007,12,9,0,6
13/12/2007,15,3,5,4
13/12/2007,11,6,3,5
13/12/2007,24,23,2,3
13/12/2007,7,2,5,3
13/12/2007,16,26,6,3
13/12/2007,29,21,4,1
14/12/2007,19,13,0,1
14/12/2007,6,1,1,3
14/12/2007,25,26,4,1
14/12/2007,17,22,3,4
14/12/2007,18,21,1,2
14/12/2007,2,27,3,2
14/12/2007,5,9,1,4
14/12/2007,14,20,6,9
14/12/2007,28,23,5,2
14/12/2007,4,8,1,4
15/12/2007,11,10,0,4
15/12/2007,1,27,1,4
15/12/2007,24,30,2,5
15/12/2007,15,7,3,5
15/12/2007,12,20,3,4
15/12/2007,28,25,2,4
16/12/2007,3,27,1,5
16/12/2007,14,15,2,3
16/12/2007,21,18,3,1
16/12/2007,17,13,5,2
16/12/2007,9,11,7,3
16/12/2007,19,20,3,5
16/12/2007,1,4,4,2
16/12/2007,8,10,4,1
16/12/2007,6,29,2,0
16/12/2007,26,30,1,2
16/12/2007,2,5,2,3
16/12/2007,7,16,3,1
16/12/2007,4,12,5,6
16/12/2007,22,23,2,1
17/12/2007,24,28,1,2
17/12/2007,16,13,1,3
18/12/2007,26,21,2,4
18/12/2007,17,15,4,3
19/12/2007,6,9,2,3
19/12/2007,29,20,1,3
19/12/2007,22,25,1,2
19/12/2007,4,27,2,3
19/12/2007,28,24,0,2
19/12/2007,12,10,3,2
19/12/2007,3,5,4,0
19/12/2007,8,13,2,3
19/12/2007,30,18,3,2
19/12/2007,23,1,5,0
19/12/2007,11,14,6,2
20/12/2007,17,26,6,2
20/12/2007,24,21,2,1
20/12/2007,16,18,5,2
20/12/2007,2,7,1,2
21/12/2007,6,5,4,5
21/12/2007,19,17,3,2
21/12/2007,15,8,2,5
21/12/2007,30,3,6,3
21/12/2007,14,10,2,1
21/12/2007,23,25,3,2
21/12/2007,13,12,5,4
21/12/2007,28,27,2,3
21/12/2007,11,9,3,2
22/12/2007,22,1,1,3
22/12/2007,20,25,2,3
22/12/2007,21,3,4,3
22/12/2007,6,19,1,4
22/12/2007,5,2,2,4
22/12/2007,7,4,3,2
22/12/2007,29,26,2,1
23/12/2007,29,18,1,3
23/12/2007,5,6,4,2
23/12/2007,11,8,3,2
23/12/2007,13,10,1,2
23/12/2007,27,23,1,2
23/12/2007,28,24,2,5
23/12/2007,9,16,3,4
23/12/2007,19,11,2,3
23/12/2007,14,12,1,4
23/12/2007,4,7,5,6
23/12/2007,30,17,1,4
23/12/2007,2,15,3,2
23/12/2007,18,26,4,3
24/12/2007,21,23,3,1
24/12/2007,3,9,1,3
24/12/2007,20,1,0,1
24/12/2007,25,8,4,1
24/12/2007,16,22,3,2
27/12/2007,3,12,4,2
27/12/2007,19,17,0,5
27/12/2007,2,10,4,3
27/12/2007,16,18,5,2
27/12/2007,25,30,8,3
27/12/2007,29,11,2,0
27/12/2007,26,28,2,3
27/12/2007,7,9,3,5
27/12/2007,15,14,3,2
28/12/2007,22,24,1,2
28/12/2007,5,15,4,3
28/12/2007,4,10,4,1
28/12/2007,11,13,3,5
28/12/2007,14,8,2,5
28/12/2007,18,29,4,3
28/12/2007,23,20,5,3
28/12/2007,27,30,2,3
28/12/2007,21,17,2,4
28/12/2007,9,2,5,2
29/12/2007,13,8,1,5
29/12/2007,19,28,0,1
29/12/2007,21,26,1,3
29/12/2007,12,6,4,3
29/12/2007,14,4,2,4
29/12/2007,1,7,2,1
30/12/2007,2,1,5,2
30/12/2007,11,6,5,0
30/12/2007,29,12,4,1
30/12/2007,9,15,6,8
30/12/2007,25,19,5,4
30/12/2007,10,3,1,6
30/12/2007,5,7,2,0
30/12/2007,18,28,2,5
30/12/2007,27,17,2,4
30/12/2007,30,22,5,4
30/12/2007,20,24,5,3
30/12/2007,13,4,0,1
31/12/2007,6,11,5,2
31/12/2007,29,22,4,2
31/12/2007,16,26,2,3
31/12/2007,23,24,2,1
31/12/2007,3,8,4,3
01/01/2008,17,19,0,2
01/01/2008,12,2,1,4
01/01/2008,20,23,2,1
01/01/2008,15,9,6,3
01/01/2008,25,18,0,1
01/01/2008,30,28,2,3
01/01/2008,7,5,1,2
01/01/2008,27,21,4,3
02/01/2008,10,14,4,3
02/01/2008,26,16,9,2
03/01/2008,1,13,3,2
03/01/2008,12,11,4,5
03/01/2008,19,22,2,3
03/01/2008,21,27,2,5
03/01/2008,20,3,4,3
03/01/2008,24,29,2,1
03/01/2008,17,25,4,1
04/01/2008,28,20,2,3
04/01/2008,8,14,6,3
04/01/2008,5,10,6,2
04/01/2008,27,16,4,2
04/01/2008,6,15,2,0
04/01/2008,2,13,3,4
04/01/2008,30,25,6,3
04/01/2008,23,3,3,0
04/01/2008,18,22,5,2
04/01/2008,26,29,3,4
05/01/2008,25,17,0,3
05/01/2008,7,9,3,5
05/01/2008,8,15,4,5
05/01/2008,5,13,3,0
05/01/2008,24,16,2,1
05/01/2008,1,4,3,0
05/01/2008,11,12,3,4
06/01/2008,18,30,4,1
06/01/2008,28,29,3,2
06/01/2008,19,12,1,0
06/01/2008,26,20,4,6
06/01/2008,6,1,4,3
06/01/2008,22,3,3,2
06/01/2008,21,2,2,1
06/01/2008,10,4,2,3
06/01/2008,27,24,3,2
06/01/2008,9,14,4,3
06/01/2008,11,7,5,2
07/01/2008,16,17,1,3
08/01/2008,25,30,3,1
08/01/2008,24,18,5,2
08/01/2008,22,2,4,0
09/01/2008,17,21,1,0
09/01/2008,8,16,4,3
09/01/2008,19,29,6,1
09/01/2008,20,27,1,3
09/01/2008,1,7,2,1
09/01/2008,23,2,3,2
09/01/2008,3,14,3,5
09/01/2008,11,4,1,4
09/01/2008,26,18,0,7
09/01/2008,6,12,0,1
09/01/2008,13,5,1,3
10/01/2008,24,10,5,0
10/01/2008,16,25,1,3
10/01/2008,15,21,2,1
11/01/2008,3,4,2,6
11/01/2008,19,25,4,2
11/01/2008,12,1,1,4
11/01/2008,22,27,5,2
11/01/2008,26,10,5,2
11/01/2008,6,8,2,5
11/01/2008,17,30,5,6
11/01/2008,28,23,3,1
11/01/2008,14,5,1,4
11/01/2008,9,7,3,2
11/01/2008,11,13,2,3
12/01/2008,26,25,4,3
12/01/2008,23,27,3,4
12/01/2008,16,30,2,5
12/01/2008,20,2,4,5
12/01/2008,4,6,3,4
12/01/2008,29,19,6,4
13/01/2008,3,8,4,1
13/01/2008,13,21,3,4
13/01/2008,15,4,4,6
13/01/2008,13,14,3,5
13/01/2008,7,1,2,3
13/01/2008,9,17,3,2
13/01/2008,19,23,3,4
13/01/2008,11,5,3,2
13/01/2008,28,10,3,2
13/01/2008,29,18,2,1
13/01/2008,30,27,4,1
13/01/2008,12,21,4,5
14/01/2008,24,28,4,3
14/01/2008,18,16,2,3
14/01/2008,9,2,1,3
14/01/2008,22,20,2,1
15/01/2008,5,3,4,1
16/01/2008,22,26,1,3
16/01/2008,17,11,1,5
16/01/2008,29,23,3,2
16/01/2008,14,21,0,3
16/01/2008,10,12,5,4
16/01/2008,15,9,4,2
16/01/2008,24,25,4,2
16/01/2008,18,20,3,0
16/01/2008,2,8,1,3
16/01/2008,27,28,5,3
17/01/2008,4,13,5,3
17/01/2008,30,20,2,3
17/01/2008,16,19,6,1
17/01/2008,1,2,1,3
17/01/2008,3,7,2,1
18/01/2008,9,12,5,1
18/01/2008,15,22,5,4
18/01/2008,18,24,1,2
18/01/2008,27,29,3,4
18/01/2008,28,25,2,4
18/01/2008,11,8,2,3
18/01/2008,17,23,3,2
18/01/2008,6,10,2,3
19/01/2008,5,14,0,3
19/01/2008,19,18,2,5
19/01/2008,30,24,2,4
19/01/2008,6,3,4,3
19/01/2008,20,26,6,1
19/01/2008,25,29,3,1
19/01/2008,1,13,1,2
19/01/2008,7,11,10,1
19/01/2008,21,16,1,2
19/01/2008,12,22,7,2
20/01/2008,1,10,3,2
20/01/2008,8,5,0,2
20/01/2008,23,26,3,4
20/01/2008,27,16,1,2
20/01/2008,25,24,5,2
20/01/2008,2,4,3,5
20/01/2008,9,14,0,2
20/01/2008,15,13,5,3
20/01/2008,3,6,1,3
20/01/2008,11,22,2,4
20/01/2008,10,7,4,2
20/01/2008,28,17,3,6
21/01/2008,2,12,2,3
21/01/2008,21,29,3,1
21/01/2008,18,19,6,3
21/01/2008,4,9,6,1
21/01/2008,27,7,6,2
22/01/2008,23,30,2,4
22/01/2008,5,15,5,6
23/01/2008,28,16,3,2
23/01/2008,20,30,2,1
23/01/2008,13,9,5,3
23/01/2008,21,18,0,4
23/01/2008,25,29,2,4
23/01/2008,12,2,3,6
23/01/2008,8,6,8,2
23/01/2008,14,22,4,3
23/01/2008,3,11,4,0
23/01/2008,4,1,3,7
23/01/2008,26,17,0,3
24/01/2008,10,15,3,2
24/01/2008,24,17,1,2
24/01/2008,23,19,3,2
25/01/2008,16,29,0,1
25/01/2008,21,30,2,3
25/01/2008,4,5,4,3
25/01/2008,6,2,4,1
25/01/2008,15,10,2,1
25/01/2008,25,7,1,2
25/01/2008,26,24,3,1
25/01/2008,1,8,3,4
25/01/2008,13,22,3,4
25/01/2008,28,19,4,1
25/01/2008,27,18,4,3
25/01/2008,14,9,4,8
25/01/2008,3,11,2,1
30/01/2008,12,3,3,1
30/01/2008,2,9,2,5
30/01/2008,6,18,3,1
30/01/2008,22,28,0,3
30/01/2008,29,27,2,4
30/01/2008,8,15,4,0
30/01/2008,14,7,2,4
30/01/2008,4,26,3,2
30/01/2008,23,25,3,4
30/01/2008,10,19,2,3
30/01/2008,1,5,2,4
31/01/2008,17,27,3,2
31/01/2008,11,5,4,1
31/01/2008,21,16,6,3
31/01/2008,13,7,0,1
31/01/2008,20,28,5,4
31/01/2008,30,24,5,1
01/02/2008,15,8,5,4
01/02/2008,12,10,3,2
01/02/2008,9,6,1,4
01/02/2008,4,3,0,4
01/02/2008,18,29,4,2
01/02/2008,14,23,4,3
01/02/2008,2,26,1,3
02/02/2008,28,16,3,2
02/02/2008,1,3,1,3
02/02/2008,17,21,2,0
02/02/2008,19,24,1,0
02/02/2008,11,7,5,4
02/02/2008,8,2,4,1
02/02/2008,22,25,1,4
02/02/2008,13,23,4,3
03/02/2008,19,21,4,6
03/02/2008,18,27,3,2
03/02/2008,5,12,4,1
03/02/2008,6,17,1,3
03/02/2008,15,11,0,2
03/02/2008,20,25,1,2
03/02/2008,14,13,2,3
03/02/2008,8,3,3,5
03/02/2008,1,26,6,3
03/02/2008,4,24,3,0
03/02/2008,10,9,4,2
03/02/2008,29,30,1,4
05/02/2008,21,27,3,4
05/02/2008,22,20,5,0
05/02/2008,1,5,4,3
06/02/2008,18,12,1,0
06/02/2008,29,15,3,4
06/02/2008,25,23,3,2
06/02/2008,19,14,4,5
06/02/2008,8,9,4,3
06/02/2008,30,17,2,3
06/02/2008,11,4,2,3
06/02/2008,6,7,2,4
06/02/2008,2,24,0,3
06/02/2008,3,26,2,4
06/02/2008,10,13,0,8
06/02/2008,20,27,4,3
07/02/2008,22,16,4,1
07/02/2008,7,1,3,2
07/02/2008,28,21,1,3
07/02/2008,4,15,3,4
08/02/2008,3,24,1,4
08/02/2008,11,23,1,2
08/02/2008,5,2,4,3
08/02/2008,17,26,3,5
08/02/2008,27,29,1,2
08/02/2008,20,16,1,3
08/02/2008,30,25,0,1
08/02/2008,18,14,1,2
08/02/2008,9,13,5,4
08/02/2008,8,10,2,4
09/02/2008,5,26,4,2
09/02/2008,10,17,3,2
09/02/2008,1,24,1,2
09/02/2008,7,6,2,3
09/02/2008,4,3,0,2
09/02/2008,15,12,1,2
09/02/2008,28,29,2,1
09/02/2008,30,2,4,3
10/02/2008,29,26,2,3
10/02/2008,23,21,2,6
10/02/2008,28,18,4,3
10/02/2008,17,24,2,3
10/02/2008,25,19,6,2
10/02/2008,1,12,6,1
10/02/2008,20,22,4,1
10/02/2008,11,14,2,1
10/02/2008,19,30,1,2
10/02/2008,9,8,6,1
10/02/2008,5,4,4,3
10/02/2008,6,13,3,6
10/02/2008,7,13,5,3
10/02/2008,15,3,3,2
11/02/2008,27,18,3,6
11/02/2008,23,16,3,2
12/02/2008,25,27,2,1
13/02/2008,22,30,4,2
13/02/2008,19,26,4,2
13/02/2008,6,12,2,3
13/02/2008,2,4,4,3
13/02/2008,9,7,1,5
13/02/2008,14,8,3,2
13/02/2008,21,24,1,2
13/02/2008,18,17,4,2
13/02/2008,28,20,3,4
14/02/2008,1,9,3,2
14/02/2008,29,16,2,7
14/02/2008,5,6,1,2
14/02/2008,7,10,1,0
14/02/2008,13,8,1,2
14/02/2008,11,15,3,2
15/02/2008,28,22,2,3
15/02/2008,27,25,5,2
15/02/2008,4,14,3,5
15/02/2008,23,30,4,5
15/02/2008,12,5,4,2
15/02/2008,18,16,1,6
15/02/2008,21,19,1,4
15/02/2008,10,2,4,5
16/02/2008,3,7,5,1
16/02/2008,17,29,1,5
16/02/2008,1,11,3,4
16/02/2008,26,20,6,3
16/02/2008,24,25,2,4
16/02/2008,13,15,4,2
17/02/2008,7,5,1,4
17/02/2008,23,22,4,2
17/02/2008,8,4,1,0
17/02/2008,14,15,2,3
17/02/2008,18,19,2,1
17/02/2008,25,17,1,0
17/02/2008,19,29,5,1
17/02/2008,3,28,3,1
17/02/2008,16,21,2,1
17/02/2008,10,6,4,3
17/02/2008,2,11,4,1
17/02/2008,12,13,5,4
17/02/2008,9,1,2,3
17/02/2008,27,26,4,3
18/02/2008,2,28,3,2
18/02/2008,4,8,3,5
18/02/2008,24,20,4,2
18/02/2008,30,18,5,4
18/02/2008,1,12,5,1
19/02/2008,26,27,0,4
19/02/2008,21,17,0,4
20/02/2008,18,22,5,4
20/02/2008,8,3,6,5
20/02/2008,27,20,1,4
20/02/2008,5,13,3,2
20/02/2008,19,16,5,1
20/02/2008,9,4,3,2
20/02/2008,10,29,3,1
20/02/2008,12,6,2,3
20/02/2008,30,23,2,3
21/02/2008,7,14,4,3
21/02/2008,15,2,2,3
21/02/2008,1,28,3,2
21/02/2008,24,21,3,2
21/02/2008,16,30,3,0
21/02/2008,25,20,2,3
22/02/2008,13,6,4,5
22/02/2008,2,14,1,0
22/02/2008,8,5,4,5
22/02/2008,26,19,5,1
22/02/2008,9,29,2,3
22/02/2008,18,23,2,3
22/02/2008,4,28,1,3
22/02/2008,10,7,1,5
22/02/2008,12,11,5,3
23/02/2008,24,19,2,1
23/02/2008,12,15,6,3
23/02/2008,25,22,5,2
23/02/2008,20,17,1,0
23/02/2008,27,21,2,3
23/02/2008,26,16,5,6
23/02/2008,1,2,4,2
23/02/2008,5,9,3,4
24/02/2008,30,20,1,2
24/02/2008,4,13,1,2
24/02/2008,14,6,3,5
24/02/2008,18,25,3,6
24/02/2008,5,28,1,2
24/02/2008,15,1,1,2
24/02/2008,8,29,0,3
24/02/2008,10,11,3,1
24/02/2008,7,3,3,4
24/02/2008,23,17,4,1
25/02/2008,3,13,5,0
25/02/2008,27,19,2,0
25/02/2008,22,21,3,2
25/02/2008,24,16,6,3
26/02/2008,7,4,3,4
26/02/2008,9,10,0,5
27/02/2008,8,11,5,1
27/02/2008,12,1,2,1
27/02/2008,6,9,4,0
27/02/2008,2,5,2,4
27/02/2008,15,30,4,1
27/02/2008,20,21,2,3
27/02/2008,19,25,1,3
27/02/2008,22,17,4,3
28/02/2008,14,30,2,3
28/02/2008,29,28,2,4
28/02/2008,13,10,3,4
28/02/2008,23,21,2,3
28/02/2008,7,18,8,4
28/02/2008,16,27,1,0
29/02/2008,22,26,5,4
29/02/2008,11,2,4,5
29/02/2008,6,5,5,1
29/02/2008,12,3,2,4
29/02/2008,25,16,7,4
29/02/2008,19,27,1,2
29/02/2008,4,9,3,1
01/03/2008,14,10,3,2
01/03/2008,17,28,2,3
01/03/2008,2,4,1,4
01/03/2008,6,11,3,2
01/03/2008,9,5,5,4
01/03/2008,7,8,2,6
01/03/2008,23,29,2,3
01/03/2008,1,15,0,4
01/03/2008,13,30,2,3
01/03/2008,24,20,3,1
02/03/2008,7,17,2,4
02/03/2008,21,26,5,2
02/03/2008,3,4,5,4
02/03/2008,5,11,3,2
02/03/2008,15,10,2,3
02/03/2008,19,28,0,2
02/03/2008,2,13,0,1
02/03/2008,8,1,2,1
02/03/2008,25,18,1,3
02/03/2008,12,14,5,1
02/03/2008,16,23,4,1
02/03/2008,27,20,1,3
03/03/2008,22,29,4,3
03/03/2008,30,26,2,1
04/03/2008,28,8,6,4
04/03/2008,24,9,3,1
04/03/2008,15,6,10,2
05/03/2008,6,13,0,1
05/03/2008,21,23,2,1
05/03/2008,10,1,1,4
05/03/2008,14,5,0,2
05/03/2008,22,18,1,5
05/03/2008,20,29,1,0
05/03/2008,30,16,2,4
05/03/2008,3,2,3,4
05/03/2008,4,7,2,5
05/03/2008,19,26,3,2
06/03/2008,25,27,1,2
06/03/2008,16,24,3,0
06/03/2008,17,19,4,1
06/03/2008,7,15,1,3
06/03/2008,11,12,3,6
06/03/2008,28,9,3,2
07/03/2008,12,30,3,2
07/03/2008,2,3,1,4
07/03/2008,27,8,2,4
07/03/2008,13,5,5,2
07/03/2008,26,9,2,0
07/03/2008,4,14,3,2
07/03/2008,21,24,1,0
07/03/2008,6,10,2,8
07/03/2008,23,18,6,2
08/03/2008,20,18,1,2
08/03/2008,29,22,1,2
08/03/2008,11,30,3,2
08/03/2008,16,28,2,3
08/03/2008,21,25,3,1
08/03/2008,1,14,2,1
08/03/2008,6,15,2,1
08/03/2008,26,8,2,5
09/03/2008,3,6,1,0
09/03/2008,4,2,4,1
09/03/2008,30,28,2,3
09/03/2008,13,11,3,2
09/03/2008,10,1,1,2
09/03/2008,27,9,2,4
09/03/2008,17,18,4,3
09/03/2008,15,5,2,4
09/03/2008,29,14,5,3
09/03/2008,12,7,4,3
09/03/2008,23,19,4,2
09/03/2008,16,22,5,6
10/03/2008,24,8,3,1
10/03/2008,25,21,3,0
10/03/2008,7,3,2,3
11/03/2008,11,21,2,5
11/03/2008,9,6,4,1
11/03/2008,26,23,1,2
11/03/2008,20,19,7,3
11/03/2008,8,1,4,0
11/03/2008,17,16,3,1
11/03/2008,14,2,8,4
11/03/2008,10,4,4,3
12/03/2008,5,7,7,3
12/03/2008,27,24,3,2
12/03/2008,4,10,2,3
12/03/2008,13,2,4,2
12/03/2008,18,28,1,2
12/03/2008,15,20,3,2
12/03/2008,22,19,4,3
13/03/2008,8,9,0,3
13/03/2008,17,25,5,3
13/03/2008,24,23,4,1
13/03/2008,11,20,6,4
13/03/2008,6,14,1,3
13/03/2008,16,12,0,3
14/03/2008,21,22,5,1
14/03/2008,30,1,3,4
14/03/2008,27,23,2,0
14/03/2008,15,11,4,1
14/03/2008,13,3,3,2
14/03/2008,18,26,1,4
14/03/2008,29,16,3,6
14/03/2008,7,12,7,1
15/03/2008,10,7,2,6
15/03/2008,17,18,1,3
15/03/2008,6,4,3,2
15/03/2008,21,1,2,4
15/03/2008,14,3,3,0
15/03/2008,25,23,3,4
15/03/2008,8,2,3,0
15/03/2008,28,19,4,1
16/03/2008,16,20,2,4
16/03/2008,15,6,2,1
16/03/2008,24,19,5,2
16/03/2008,30,26,2,0
16/03/2008,5,4,7,1
16/03/2008,29,17,4,3
16/03/2008,27,22,2,5
16/03/2008,12,9,5,1
16/03/2008,13,11,3,1
17/03/2008,30,21,3,1
17/03/2008,28,22,1,2
18/03/2008,4,11,3,2
18/03/2008,8,19,3,4
18/03/2008,29,20,3,0
18/03/2008,3,5,5,2
18/03/2008,2,10,1,3
18/03/2008,23,27,3,1
19/03/2008,26,28,1,2
19/03/2008,11,12,3,5
19/03/2008,18,15,2,4
19/03/2008,22,27,8,4
19/03/2008,1,3,1,2
19/03/2008,17,29,3,1
19/03/2008,7,14,7,4
20/03/2008,5,14,4,2
20/03/2008,9,19,3,2
20/03/2008,6,8,2,4
20/03/2008,28,30,4,3
20/03/2008,13,12,1,2
20/03/2008,25,24,1,2
20/03/2008,16,15,5,0
21/03/2008,11,15,3,5
21/03/2008,20,21,2,1
21/03/2008,7,10,1,4
21/03/2008,18,17,3,6
21/03/2008,27,26,5,6
21/03/2008,22,23,1,4
21/03/2008,1,2,1,3
21/03/2008,4,3,4,3
22/03/2008,5,1,7,1
22/03/2008,22,21,7,5
22/03/2008,23,30,1,2
22/03/2008,13,14,4,2
22/03/2008,18,16,2,1
22/03/2008,9,10,4,5
22/03/2008,25,26,2,4
22/03/2008,29,17,1,4
22/03/2008,8,6,3,2
22/03/2008,28,24,2,1
23/03/2008,20,30,5,4
23/03/2008,16,19,4,3
23/03/2008,27,24,1,2
23/03/2008,4,2,4,1
24/03/2008,2,5,4,1
24/03/2008,8,9,7,5
25/03/2008,14,13,3,1
25/03/2008,7,9,3,6
25/03/2008,3,4,1,2
25/03/2008,12,15,2,3
25/03/2008,1,5,0,2
25/03/2008,10,6,2,6
25/03/2008,22,30,5,3
25/03/2008,21,20,2,0
26/03/2008,27,28,5,4
26/03/2008,19,17,1,2
26/03/2008,29,16,4,0
26/03/2008,20,23,3,2
26/03/2008,18,29,3,0
27/03/2008,14,15,3,4
27/03/2008,3,1,3,2
27/03/2008,13,11,2,3
27/03/2008,6,10,4,2
27/03/2008,30,22,3,1
27/03/2008,5,2,3,1
27/03/2008,9,7,3,4
27/03/2008,21,23,6,3
27/03/2008,24,26,2,1
28/03/2008,17,19,3,4
28/03/2008,12,11,7,1
28/03/2008,28,25,3,2
28/03/2008,7,8,3,4
28/03/2008,26,27,4,0
28/03/2008,1,4,5,4
28/03/2008,29,18,0,2
29/03/2008,24,28,1,3
29/03/2008,26,25,2,7
29/03/2008,14,12,2,1
29/03/2008,10,8,4,2
29/03/2008,2,4,3,4
29/03/2008,21,22,5,4
29/03/2008,13,15,0,3
29/03/2008,6,9,4,0
29/03/2008,30,23,4,0
30/03/2008,17,18,1,0
30/03/2008,30,21,3,2
30/03/2008,20,22,1,2
30/03/2008,19,16,3,4
30/03/2008,7,6,2,1
30/03/2008,16,29,5,4
30/03/2008,5,3,3,1
31/03/2008,3,5,2,1
31/03/2008,24,25,3,2
31/03/2008,28,27,3,1
31/03/2008,23,20,6,2
31/03/2008,14,11,0,2
01/04/2008,2,1,1,2
01/04/2008,9,8,0,3
01/04/2008,10,7,3,4
01/04/2008,15,12,4,1
01/04/2008,19,18,3,4
01/04/2008,11,13,2,3
02/04/2008,1,6,3,2
02/04/2008,28,26,5,2
02/04/2008,12,14,6,2
02/04/2008,23,21,2,4
02/04/2008,5,4,4,2
02/04/2008,22,20,2,3
03/04/2008,2,3,0,3
03/04/2008,17,29,3,2
03/04/2008,10,9,2,8
03/04/2008,8,7,3,1
03/04/2008,15,14,4,1
03/04/2008,16,17,6,2
04/04/2008,18,19,3,2
04/04/2008,30,20,3,1
04/04/2008,4,1,3,0
04/04/2008,9,6,1,2
04/04/2008,12,13,3,4
04/04/2008,27,25,2,4
04/04/2008,3,2,3,4
04/04/2008,23,22,1,2
04/04/2008,26,28,4,2
05/04/2008,25,27,2,4
05/04/2008,8,10,3,1
05/04/2008,16,18,3,1
05/04/2008,19,29,3,0
05/04/2008,15,13,3,1
05/04/2008,11,14,4,1
05/04/2008,6,7,0,3
05/04/2008,26,24,3,4
06/04/2008,1,3,3,2
06/04/2008,21,30,4,3
06/04/2008,25,28,4,2
06/04/2008,4,5,2,0
06/04/2008,17,16,4,1
06/04/2008,29,19,1,4
06/04/2008,23,20,1,7
07/04/2008,24,27,3,2
04/10/2008,9,5,3,4
04/10/2008,14,3,1,2
05/10/2008,3,14,2,1
05/10/2008,5,9,1,3
09/10/2008,17,10,2,3
10/10/2008,28,24,4,1
10/10/2008,11,15,7,4
10/10/2008,12,13,6,4
10/10/2008,1,2,2,1
10/10/2008,3,16,4,2
10/10/2008,7,8,2,1
10/10/2008,23,20,6,0
10/10/2008,21,6,4,5
11/10/2008,25,29,4,5
11/10/2008,10,8,1,6
11/10/2008,9,17,2,3
11/10/2008,19,18,5,2
11/10/2008,15,16,4,2
11/10/2008,2,19,5,2
11/10/2008,14,12,3,4
11/10/2008,13,11,3,2
11/10/2008,5,1,1,2
11/10/2008,4,3,3,4
12/10/2008,20,23,4,5
12/10/2008,18,25,3,1
12/10/2008,27,29,3,1
12/10/2008,30,6,4,3
12/10/2008,28,26,3,1
13/10/2008,26,28,0,1
13/10/2008,4,8,3,5
13/10/2008,15,23,5,1
13/10/2008,24,27,2,4
13/10/2008,3,1,4,1
13/10/2008,22,21,3,2
13/10/2008,12,17,1,3
13/10/2008,10,19,4,5
13/10/2008,2,7,1,7
14/10/2008,16,18,2,3
14/10/2008,5,4,3,2
14/10/2008,11,30,2,4
15/10/2008,3,7,1,3
15/10/2008,8,6,4,3
15/10/2008,20,21,5,4
15/10/2008,26,24,6,3
15/10/2008,28,29,5,2
16/10/2008,13,30,2,6
16/10/2008,25,18,6,4
16/10/2008,11,1,0,1
16/10/2008,24,22,2,3
16/10/2008,16,27,4,1
16/10/2008,14,2,3,4
16/10/2008,17,23,3,4
16/10/2008,5,15,3,4
17/10/2008,21,4,5,2
17/10/2008,9,27,6,3
17/10/2008,7,23,5,2
17/10/2008,29,18,5,3
17/10/2008,19,25,6,1
17/10/2008,3,10,1,0
18/10/2008,5,10,4,1
18/10/2008,14,30,0,1
18/10/2008,8,27,4,1
18/10/2008,17,3,5,4
18/10/2008,26,12,4,3
18/10/2008,11,7,3,2
18/10/2008,20,22,3,4
18/10/2008,9,6,2,4
18/10/2008,15,1,3,4
18/10/2008,25,21,4,5
18/10/2008,24,28,4,0
18/10/2008,13,2,2,0
19/10/2008,18,29,6,3
19/10/2008,16,23,4,2
19/10/2008,19,16,4,3
19/10/2008,22,20,3,2
19/10/2008,28,4,5,4
20/10/2008,8,13,3,1
20/10/2008,6,5,1,2
20/10/2008,24,12,1,3
20/10/2008,3,25,1,2
21/10/2008,7,6,3,2
21/10/2008,26,21,3,4
21/10/2008,10,24,2,3
21/10/2008,29,23,4,2
21/10/2008,14,11,3,2
22/10/2008,4,28,6,7
22/10/2008,20,15,2,1
22/10/2008,9,13,1,3
22/10/2008,1,25,5,0
23/10/2008,5,12,4,1
23/10/2008,16,22,3,0
23/10/2008,2,25,3,5
23/10/2008,6,10,2,4
23/10/2008,19,17,3,4
24/10/2008,13,28,4,3
24/10/2008,30,7,3,4
24/10/2008,18,20,3,5
24/10/2008,21,22,4,1
24/10/2008,9,24,3,4
24/10/2008,17,11,5,3
24/10/2008,29,3,1,3
24/10/2008,1,4,3,6
24/10/2008,27,15,2,1
25/10/2008,14,28,0,3
25/10/2008,8,24,4,6
25/10/2008,4,1,3,2
25/10/2008,2,12,3,4
25/10/2008,3,5,3,2
25/10/2008,6,11,5,4
25/10/2008,10,9,3,2
25/10/2008,19,26,0,4
26/10/2008,19,13,4,0
26/10/2008,16,17,5,6
26/10/2008,25,15,5,6
26/10/2008,23,22,6,3
26/10/2008,30,29,2,1
26/10/2008,27,20,1,4
26/10/2008,18,26,5,4
26/10/2008,21,7,2,1
27/10/2008,29,24,2,3
27/10/2008,2,3,2,4
27/10/2008,7,9,2,5
28/10/2008,22,6,0,1
28/10/2008,30,16,3,2
28/10/2008,10,14,2,3
28/10/2008,26,17,3,4
28/10/2008,8,12,3,2
28/10/2008,11,4,0,7
28/10/2008,15,18,4,3
29/10/2008,28,5,2,1
29/10/2008,23,6,0,1
29/10/2008,1,10,5,6
29/10/2008,20,21,3,0
30/10/2008,3,11,3,2
30/10/2008,13,9,1,2
30/10/2008,24,17,5,4
30/10/2008,7,14,2,5
30/10/2008,4,2,3,2
30/10/2008,25,30,4,2
31/10/2008,30,8,1,2
31/10/2008,18,22,3,1
31/10/2008,26,23,0,4
31/10/2008,28,17,4,2
31/10/2008,19,12,0,1
31/10/2008,20,6,3,2
31/10/2008,21,29,2,4
31/10/2008,27,5,4,1
01/11/2008,29,16,3,4
01/11/2008,16,25,5,2
01/11/2008,7,15,5,0
01/11/2008,14,9,3,2
01/11/2008,12,22,1,3
01/11/2008,2,8,4,5
01/11/2008,24,23,6,7
01/11/2008,10,3,5,2
01/11/2008,1,11,6,1
01/11/2008,6,25,5,1
02/11/2008,12,10,6,4
02/11/2008,4,22,4,5
02/11/2008,27,30,2,3
02/11/2008,26,20,2,3
02/11/2008,19,5,3,6
02/11/2008,11,13,5,3
02/11/2008,18,13,3,2
03/11/2008,24,20,3,2
03/11/2008,21,28,3,5
03/11/2008,23,17,2,3
04/11/2008,2,29,4,3
04/11/2008,16,21,6,2
04/11/2008,1,7,0,2
05/11/2008,28,30,3,1
05/11/2008,20,27,2,4
05/11/2008,3,2,1,2
05/11/2008,10,12,4,5
05/11/2008,23,18,4,0
05/11/2008,9,15,2,1
05/11/2008,26,24,0,1
06/11/2008,24,19,5,2
06/11/2008,1,14,4,3
06/11/2008,29,22,5,4
07/11/2008,3,14,5,2
07/11/2008,15,12,3,2
07/11/2008,9,4,4,1
07/11/2008,11,2,4,3
07/11/2008,5,22,5,4
07/11/2008,23,27,1,0
07/11/2008,21,30,1,3
07/11/2008,28,19,5,4
07/11/2008,20,18,7,6
07/11/2008,26,13,3,2
07/11/2008,6,10,5,2
08/11/2008,12,9,2,1
08/11/2008,29,8,4,3
08/11/2008,7,11,4,5
08/11/2008,24,25,2,5
09/11/2008,10,8,6,3
09/11/2008,4,14,1,2
09/11/2008,6,7,3,1
09/11/2008,23,30,2,0
09/11/2008,26,19,5,3
09/11/2008,2,5,3,4
09/11/2008,15,3,3,1
09/11/2008,17,1,3,1
09/11/2008,28,25,2,1
09/11/2008,12,11,2,5
09/11/2008,29,20,3,1
09/11/2008,21,18,1,0
09/11/2008,27,13,4,1
10/11/2008,16,20,6,1
10/11/2008,24,13,1,3
10/11/2008,1,22,1,2
10/11/2008,27,28,4,2
11/11/2008,2,4,1,3
11/11/2008,3,22,2,3
11/11/2008,15,14,4,2
12/11/2008,28,18,3,4
12/11/2008,8,9,4,0
12/11/2008,20,10,4,3
12/11/2008,17,5,6,7
12/11/2008,26,25,3,2
13/11/2008,13,14,4,0
13/11/2008,12,15,1,5
13/11/2008,7,19,4,3
13/11/2008,23,21,1,2
13/11/2008,1,3,2,5
13/11/2008,16,6,1,2
13/11/2008,29,27,2,5
14/11/2008,22,10,2,5
14/11/2008,6,8,6,1
14/11/2008,14,17,3,4
14/11/2008,30,27,4,0
14/11/2008,28,20,6,1
14/11/2008,25,26,2,3
14/11/2008,9,2,1,3
14/11/2008,5,4,5,4
15/11/2008,13,17,2,3
15/11/2008,11,12,3,2
15/11/2008,24,18,3,4
15/11/2008,16,19,3,4
15/11/2008,7,29,1,6
15/11/2008,15,1,3,1
16/11/2008,19,8,2,3
16/11/2008,30,29,3,2
16/11/2008,27,25,2,3
16/11/2008,8,4,1,2
16/11/2008,1,15,6,5
16/11/2008,22,21,2,3
16/11/2008,12,14,3,2
16/11/2008,3,6,3,2
16/11/2008,23,10,4,2
16/11/2008,26,18,1,3
16/11/2008,5,7,5,2
16/11/2008,2,9,3,2
17/11/2008,24,26,2,0
17/11/2008,16,28,5,6
17/11/2008,4,11,4,3
18/11/2008,3,9,2,1
18/11/2008,2,23,2,1
18/11/2008,18,28,1,4
18/11/2008,10,6,2,3
18/11/2008,17,22,4,0
19/11/2008,27,16,2,3
19/11/2008,14,13,3,4
19/11/2008,20,21,4,1
19/11/2008,5,30,1,2
19/11/2008,29,22,2,7
19/11/2008,12,8,2,1
20/11/2008,24,15,4,6
20/11/2008,6,7,7,4
20/11/2008,3,23,3,6
21/11/2008,25,16,3,6
21/11/2008,9,8,2,3
21/11/2008,1,13,3,1
21/11/2008,22,17,3,4
21/11/2008,26,15,5,2
21/11/2008,30,23,2,3
21/11/2008,11,5,2,3
21/11/2008,21,20,0,1
22/11/2008,19,24,3,2
22/11/2008,12,27,5,2
22/11/2008,9,3,4,1
22/11/2008,7,4,0,3
22/11/2008,6,13,4,2
22/11/2008,1,2,5,2
22/11/2008,14,18,4,1
22/11/2008,5,23,1,3
23/11/2008,7,2,2,4
23/11/2008,25,24,1,2
23/11/2008,20,17,2,5
23/11/2008,8,6,2,3
23/11/2008,4,27,4,3
23/11/2008,26,21,3,4
23/11/2008,12,18,2,5
23/11/2008,11,29,0,2
23/11/2008,30,19,1,2
23/11/2008,28,15,7,2
23/11/2008,10,16,4,5
23/11/2008,14,1,3,7
25/11/2008,4,25,4,3
25/11/2008,24,21,4,1
25/11/2008,3,27,4,1
25/11/2008,8,2,3,4
25/11/2008,23,17,3,2
25/11/2008,30,15,4,3
25/11/2008,13,12,3,2
26/11/2008,18,19,0,1
26/11/2008,20,26,6,2
26/11/2008,10,11,3,6
27/11/2008,7,6,3,2
27/11/2008,21,19,3,1
27/11/2008,29,27,2,3
27/11/2008,28,16,3,2
27/11/2008,22,26,1,2
27/11/2008,14,3,2,3
27/11/2008,30,25,3,4
27/11/2008,13,1,2,3
27/11/2008,15,11,5,3
27/11/2008,2,5,3,5
27/11/2008,17,8,1,3
27/11/2008,12,4,1,3
28/11/2008,4,12,2,3
28/11/2008,9,10,2,1
28/11/2008,23,20,3,4
28/11/2008,6,2,7,2
28/11/2008,30,14,4,2
28/11/2008,24,16,1,0
28/11/2008,27,21,2,1
29/11/2008,26,16,5,2
29/11/2008,15,8,3,0
29/11/2008,17,29,5,3
29/11/2008,19,22,2,4
29/11/2008,13,3,3,4
29/11/2008,7,5,4,3
29/11/2008,25,28,2,6
29/11/2008,11,18,3,4
30/11/2008,11,19,2,4
30/11/2008,25,22,4,3
30/11/2008,10,4,4,2
30/11/2008,18,30,2,6
30/11/2008,6,17,4,1
30/11/2008,20,23,3,1
30/11/2008,8,7,3,2
30/11/2008,5,1,4,1
30/11/2008,3,13,0,4
30/11/2008,21,14,4,3
30/11/2008,29,15,3,0
30/11/2008,2,9,4,2
30/11/2008,27,28,2,3
01/12/2008,12,24,1,4
02/12/2008,26,10,1,3
02/12/2008,30,21,5,6
02/12/2008,17,24,2,1
02/12/2008,7,18,0,2
02/12/2008,29,23,3,2
03/12/2008,8,11,5,4
03/12/2008,28,10,5,2
03/12/2008,4,14,4,3
03/12/2008,20,25,1,3
03/12/2008,27,26,4,2
03/12/2008,15,13,3,5
04/12/2008,30,19,4,0
04/12/2008,16,24,4,2
04/12/2008,3,5,3,2
04/12/2008,9,11,5,1
04/12/2008,22,25,5,2
05/12/2008,14,6,1,3
05/12/2008,8,3,6,2
05/12/2008,17,23,6,5
05/12/2008,15,2,5,2
05/12/2008,28,29,3,2
05/12/2008,27,10,6,3
05/12/2008,13,7,2,1
05/12/2008,18,21,3,2
05/12/2008,12,5,2,5
05/12/2008,4,1,2,3
06/12/2008,19,20,3,4
06/12/2008,25,21,2,1
06/12/2008,9,5,3,2
06/12/2008,26,22,4,5
06/12/2008,30,23,1,2
07/12/2008,13,6,0,4
07/12/2008,26,29,3,0
07/12/2008,8,1,1,2
07/12/2008,28,22,2,3
07/12/2008,19,27,4,3
07/12/2008,10,15,1,2
07/12/2008,2,11,1,5
07/12/2008,12,15,3,1
07/12/2008,18,30,1,0
07/12/2008,17,16,5,4
07/12/2008,14,7,3,4
07/12/2008,12,4,1,2
08/12/2008,16,27,7,1
08/12/2008,21,23,5,4
08/12/2008,24,29,5,3
08/12/2008,3,20,0,3
09/12/2008,5,7,3,4
09/12/2008,19,18,6,3
09/12/2008,9,13,3,4
09/12/2008,6,14,5,3
09/12/2008,10,2,4,2
10/12/2008,18,23,1,3
10/12/2008,21,26,6,1
10/12/2008,8,20,4,1
10/12/2008,4,2,4,3
11/12/2008,16,9,2,0
11/12/2008,15,6,3,1
11/12/2008,1,5,4,1
11/12/2008,24,19,4,2
11/12/2008,11,3,2,3
11/12/2008,7,14,4,2
11/12/2008,25,27,3,5
11/12/2008,17,20,4,3
12/12/2008,28,24,2,0
12/12/2008,26,19,6,2
12/12/2008,4,12,6,5
12/12/2008,5,2,9,2
12/12/2008,29,18,2,1
12/12/2008,27,30,3,1
12/12/2008,22,13,0,2
12/12/2008,8,14,1,3
13/12/2008,7,10,1,2
13/12/2008,20,13,2,3
13/12/2008,21,16,3,4
13/12/2008,11,6,3,7
13/12/2008,26,30,3,1
13/12/2008,15,9,5,1
13/12/2008,1,3,8,5
13/12/2008,25,17,3,1
13/12/2008,4,5,6,3
14/12/2008,18,25,3,0
14/12/2008,8,15,1,2
14/12/2008,28,19,5,4
14/12/2008,27,17,4,5
14/12/2008,22,23,3,0
14/12/2008,6,11,4,2
14/12/2008,9,14,2,0
14/12/2008,3,12,3,2
14/12/2008,29,2,3,1
14/12/2008,1,7,2,4
15/12/2008,24,30,4,2
15/12/2008,23,13,5,3
15/12/2008,16,29,3,1
16/12/2008,17,21,2,3
16/12/2008,26,28,2,3
17/12/2008,24,3,1,3
17/12/2008,10,1,3,2
17/12/2008,25,27,2,1
17/12/2008,12,8,3,2
17/12/2008,9,11,1,4
17/12/2008,22,16,2,9
17/12/2008,2,15,4,5
17/12/2008,4,21,5,2
17/12/2008,19,20,3,6
18/12/2008,30,20,2,3
18/12/2008,7,1,3,5
18/12/2008,23,22,4,2
18/12/2008,29,28,2,1
18/12/2008,26,3,2,3
19/12/2008,11,5,3,6
19/12/2008,12,13,2,1
19/12/2008,8,4,5,2
19/12/2008,14,21,1,2
19/12/2008,25,29,6,5
19/12/2008,17,28,6,0
19/12/2008,6,10,8,5
19/12/2008,15,19,4,2
19/12/2008,27,18,2,1
20/12/2008,30,2,4,1
20/12/2008,6,12,4,2
20/12/2008,20,16,2,3
20/12/2008,4,15,7,1
20/12/2008,1,9,5,1
20/12/2008,7,26,5,0
20/12/2008,22,24,2,3
21/12/2008,18,2,1,0
21/12/2008,28,3,3,2
21/12/2008,19,6,3,6
21/12/2008,27,29,2,0
21/12/2008,11,14,4,3
21/12/2008,5,10,3,7
21/12/2008,17,26,6,4
21/12/2008,1,4,3,2
21/12/2008,19,30,4,2
21/12/2008,13,21,3,0
21/12/2008,9,25,5,4
21/12/2008,23,16,1,3
21/12/2008,8,7,4,3
22/12/2008,8,12,2,3
23/12/2008,7,5,3,4
23/12/2008,11,10,2,6
23/12/2008,22,27,4,2
23/12/2008,23,24,4,3
24/12/2008,30,12,3,2
24/12/2008,28,23,5,0
24/12/2008,1,6,0,2
24/12/2008,10,25,2,8
24/12/2008,13,18,3,0
24/12/2008,4,9,6,4
24/12/2008,17,19,4,1
24/12/2008,29,26,0,3
24/12/2008,5,14,0,2
24/12/2008,20,24,4,3
24/12/2008,3,15,4,5
24/12/2008,21,27,5,4
24/12/2008,2,11,2,4
27/12/2008,15,7,3,2
27/12/2008,1,5,0,1
27/12/2008,2,10,4,1
27/12/2008,11,12,4,5
27/12/2008,13,14,3,4
27/12/2008,18,17,3,2
27/12/2008,26,27,1,2
27/12/2008,23,22,2,3
27/12/2008,16,4,5,1
28/12/2008,19,28,3,2
28/12/2008,27,26,0,4
28/12/2008,11,6,1,2
28/12/2008,7,2,4,3
28/12/2008,19,24,3,4
28/12/2008,12,6,2,4
28/12/2008,21,17,4,3
28/12/2008,30,16,1,4
28/12/2008,25,24,4,3
28/12/2008,5,8,2,3
28/12/2008,14,13,6,4
28/12/2008,3,1,2,4
28/12/2008,29,4,3,0
28/12/2008,20,9,6,3
29/12/2008,22,18,5,2
29/12/2008,15,10,4,1
29/12/2008,23,9,3,0
30/12/2008,25,28,1,3
30/12/2008,3,2,5,4
30/12/2008,20,30,2,1
30/12/2008,21,18,5,1
30/12/2008,13,8,2,5
30/12/2008,26,29,0,2
31/12/2008,30,28,3,2
31/12/2008,22,9,2,3
31/12/2008,23,4,2,3
31/12/2008,7,15,2,4
31/12/2008,5,6,2,5
31/12/2008,19,1,3,4
31/12/2008,2,13,4,2
31/12/2008,17,16,4,0
31/12/2008,10,11,4,3
31/12/2008,14,8,1,2
01/01/2009,16,17,4,6
01/01/2009,27,21,3,1
01/01/2009,24,29,0,2
01/01/2009,25,1,4,2
01/01/2009,20,22,6,4
01/01/2009,12,11,3,1
02/01/2009,10,7,1,4
02/01/2009,6,5,4,2
02/01/2009,18,23,1,2
02/01/2009,15,14,7,4
03/01/2009,1,8,4,1
03/01/2009,27,2,5,4
03/01/2009,5,13,1,6
03/01/2009,18,20,2,3
03/01/2009,6,7,2,4
03/01/2009,11,23,4,3
03/01/2009,21,29,1,6
03/01/2009,24,4,4,5
03/01/2009,12,19,2,1
04/01/2009,15,3,2,1
04/01/2009,10,9,3,1
04/01/2009,28,2,5,3
04/01/2009,14,12,2,3
04/01/2009,8,13,6,5
04/01/2009,19,29,5,2
04/01/2009,26,4,2,1
04/01/2009,30,17,2,3
04/01/2009,22,25,4,1
04/01/2009,1,9,4,3
04/01/2009,11,14,1,4
05/01/2009,21,30,0,2
05/01/2009,23,25,2,3
05/01/2009,16,20,5,2
05/01/2009,24,27,2,0
06/01/2009,3,5,4,0
06/01/2009,22,2,3,2
07/01/2009,15,4,2,1
07/01/2009,20,28,5,2
07/01/2009,17,29,3,0
07/01/2009,6,30,0,1
07/01/2009,24,26,3,1
07/01/2009,27,16,0,6
07/01/2009,18,21,1,2
07/01/2009,12,1,3,2
07/01/2009,10,13,2,4
07/01/2009,5,11,3,1
07/01/2009,7,9,4,2
08/01/2009,22,23,2,4
08/01/2009,3,8,3,6
09/01/2009,6,9,6,4
09/01/2009,4,30,3,1
09/01/2009,8,10,6,2
09/01/2009,27,14,3,2
09/01/2009,1,11,0,4
09/01/2009,20,2,5,2
09/01/2009,18,5,5,3
09/01/2009,21,16,2,1
09/01/2009,13,12,4,2
09/01/2009,26,24,4,3
09/01/2009,17,25,6,1
10/01/2009,24,14,3,4
10/01/2009,7,3,2,1
10/01/2009,23,19,4,6
10/01/2009,13,11,8,4
10/01/2009,22,28,1,4
10/01/2009,21,5,5,3
10/01/2009,6,12,5,1
10/01/2009,15,29,0,3
11/01/2009,27,25,1,0
11/01/2009,17,7,3,1
11/01/2009,8,15,5,4
11/01/2009,26,1,1,5
11/01/2009,23,28,2,4
11/01/2009,29,30,4,2
11/01/2009,9,3,0,2
11/01/2009,4,10,4,1
11/01/2009,18,16,4,1
12/01/2009,24,1,4,3
12/01/2009,22,19,2,1
12/01/2009,16,18,3,1
13/01/2009,26,14,1,3
13/01/2009,25,17,5,4
14/01/2009,15,22,2,5
14/01/2009,28,14,7,1
14/01/2009,4,5,2,4
14/01/2009,23,1,3,5
14/01/2009,29,21,4,3
14/01/2009,9,12,5,1
14/01/2009,6,8,3,1
14/01/2009,20,19,3,1
14/01/2009,10,18,0,2
14/01/2009,30,27,6,3
14/01/2009,2,3,1,2
15/01/2009,5,15,3,6
15/01/2009,16,7,4,1
15/01/2009,11,9,2,3
15/01/2009,24,17,3,4
16/01/2009,19,21,5,2
16/01/2009,8,18,3,2
16/01/2009,12,10,4,6
16/01/2009,26,17,0,4
16/01/2009,14,4,4,1
16/01/2009,28,20,2,3
16/01/2009,25,7,4,5
16/01/2009,2,6,1,2
16/01/2009,30,22,5,1
16/01/2009,23,27,1,4
17/01/2009,11,10,4,3
17/01/2009,21,22,2,3
17/01/2009,13,4,2,3
17/01/2009,25,26,3,2
17/01/2009,29,1,1,2
17/01/2009,16,3,2,3
17/01/2009,5,24,3,1
18/01/2009,19,16,1,2
18/01/2009,30,24,0,3
18/01/2009,5,3,3,0
18/01/2009,28,17,6,5
18/01/2009,14,13,3,4
18/01/2009,2,1,1,3
18/01/2009,15,6,2,1
18/01/2009,9,8,4,5
18/01/2009,7,12,3,1
18/01/2009,18,11,2,7
18/01/2009,20,27,3,4
19/01/2009,23,29,5,6
19/01/2009,2,15,1,2
19/01/2009,6,19,4,5
19/01/2009,21,20,6,2
19/01/2009,22,27,6,3
20/01/2009,16,30,1,4
20/01/2009,10,12,0,2
20/01/2009,18,1,1,3
20/01/2009,13,7,2,3
20/01/2009,14,25,4,2
21/01/2009,30,26,2,5
21/01/2009,11,8,4,2
21/01/2009,3,24,4,2
21/01/2009,9,15,3,2
21/01/2009,27,17,6,3
21/01/2009,22,29,4,3
21/01/2009,28,23,2,1
21/01/2009,5,12,1,2
22/01/2009,4,11,5,3
22/01/2009,20,29,5,4
22/01/2009,2,24,2,1
22/01/2009,13,25,1,4
22/01/2009,16,19,0,2
22/01/2009,14,7,5,3
22/01/2009,1,8,5,2
22/01/2009,10,6,3,4
22/01/2009,21,26,5,6
28/01/2009,14,8,5,3
28/01/2009,13,4,3,2
28/01/2009,3,12,3,2
28/01/2009,30,10,6,1
28/01/2009,21,28,0,3
28/01/2009,27,24,3,7
28/01/2009,6,15,3,2
28/01/2009,29,17,3,2
28/01/2009,22,7,2,10
28/01/2009,9,1,1,4
28/01/2009,25,11,2,0
29/01/2009,24,16,2,3
29/01/2009,23,18,3,5
29/01/2009,5,3,6,2
29/01/2009,20,7,5,2
30/01/2009,13,8,5,1
30/01/2009,26,16,5,2
30/01/2009,12,14,3,2
30/01/2009,28,27,2,0
30/01/2009,17,25,2,4
30/01/2009,19,9,1,3
30/01/2009,6,1,3,4
30/01/2009,11,2,4,5
30/01/2009,21,10,4,7
31/01/2009,15,17,4,2
31/01/2009,22,30,3,1
31/01/2009,6,3,1,0
31/01/2009,29,9,1,0
31/01/2009,20,18,3,1
31/01/2009,21,24,3,4
31/01/2009,8,26,4,3
31/01/2009,14,4,1,6
31/01/2009,1,5,4,3
01/02/2009,12,11,2,0
01/02/2009,28,16,2,4
01/02/2009,22,18,1,2
01/02/2009,15,9,7,4
01/02/2009,19,4,4,0
01/02/2009,27,7,0,2
01/02/2009,10,5,5,4
01/02/2009,29,25,3,7
01/02/2009,8,6,1,3
01/02/2009,23,30,3,4
01/02/2009,2,13,3,1
03/02/2009,21,20,4,3
03/02/2009,17,19,4,3
03/02/2009,24,7,3,2
04/02/2009,8,5,4,2
04/02/2009,25,20,3,1
04/02/2009,10,13,3,4
04/02/2009,2,14,3,1
04/02/2009,29,19,2,4
04/02/2009,23,12,4,3
04/02/2009,1,15,2,5
04/02/2009,9,26,0,1
04/02/2009,22,16,1,3
04/02/2009,3,11,1,2
04/02/2009,18,27,2,1
05/02/2009,7,10,5,0
05/02/2009,4,6,1,3
05/02/2009,5,14,4,3
05/02/2009,17,27,5,4
05/02/2009,30,24,3,0
06/02/2009,21,25,3,2
06/02/2009,28,12,3,4
06/02/2009,20,16,2,5
06/02/2009,9,6,3,4
06/02/2009,15,26,4,5
06/02/2009,19,22,1,2
06/02/2009,13,2,3,2
06/02/2009,18,24,4,2
07/02/2009,20,24,1,2
07/02/2009,11,1,1,5
07/02/2009,5,29,4,1
07/02/2009,6,4,3,4
07/02/2009,30,18,0,2
07/02/2009,7,8,3,2
07/02/2009,17,22,8,3
07/02/2009,25,3,10,2
08/02/2009,25,18,4,1
08/02/2009,30,22,3,2
08/02/2009,11,4,2,3
08/02/2009,23,16,7,3
08/02/2009,1,26,1,3
08/02/2009,5,17,0,3
08/02/2009,8,10,2,5
08/02/2009,9,7,3,2
08/02/2009,15,13,3,1
08/02/2009,14,2,1,0
08/02/2009,27,12,2,7
08/02/2009,29,28,3,2
08/02/2009,19,21,4,1
10/02/2009,1,3,3,0
10/02/2009,20,8,6,2
11/02/2009,6,28,2,5
11/02/2009,13,10,5,4
11/02/2009,18,17,3,5
11/02/2009,29,21,3,0
11/02/2009,2,26,3,4
11/02/2009,19,23,4,6
11/02/2009,14,11,1,3
12/02/2009,5,28,2,1
12/02/2009,3,15,5,4
12/02/2009,1,2,4,2
12/02/2009,30,21,3,2
12/02/2009,11,16,1,3
12/02/2009,7,9,1,3
12/02/2009,25,27,0,1
12/02/2009,22,8,7,2
12/02/2009,24,20,3,2
13/02/2009,27,23,3,4
13/02/2009,26,20,0,2
13/02/2009,12,13,0,5
13/02/2009,14,10,6,4
13/02/2009,17,30,4,2
13/02/2009,4,9,2,5
13/02/2009,18,19,4,3
14/02/2009,25,23,2,1
14/02/2009,1,6,1,0
14/02/2009,19,16,1,0
14/02/2009,4,2,5,1
14/02/2009,13,3,2,1
14/02/2009,21,8,2,4
14/02/2009,29,17,3,2
14/02/2009,7,28,6,5
14/02/2009,26,22,2,3
15/02/2009,13,15,2,4
15/02/2009,1,28,6,5
15/02/2009,14,15,1,5
15/02/2009,10,5,6,2
15/02/2009,27,20,5,7
15/02/2009,30,9,3,5
15/02/2009,12,29,1,5
15/02/2009,7,12,0,3
15/02/2009,17,21,5,6
15/02/2009,18,6,3,2
15/02/2009,3,4,2,5
15/02/2009,16,25,6,2
16/02/2009,24,11,4,8
16/02/2009,23,8,4,2
16/02/2009,2,5,3,2
17/02/2009,27,22,1,3
17/02/2009,19,3,2,1
17/02/2009,29,25,2,3
17/02/2009,18,9,0,2
17/02/2009,26,11,6,7
18/02/2009,12,6,1,5
18/02/2009,21,9,3,2
18/02/2009,10,7,1,4
18/02/2009,28,22,4,2
18/02/2009,14,16,3,5
18/02/2009,13,1,4,0
18/02/2009,20,23,3,4
19/02/2009,15,8,4,3
19/02/2009,17,18,6,2
19/02/2009,29,19,4,3
19/02/2009,24,26,3,4
19/02/2009,3,2,3,1
20/02/2009,9,23,2,5
20/02/2009,27,11,4,3
20/02/2009,10,29,3,4
20/02/2009,18,19,1,2
20/02/2009,13,16,0,4
20/02/2009,5,8,5,4
20/02/2009,2,12,2,6
20/02/2009,14,1,2,3
20/02/2009,28,26,4,2
20/02/2009,30,20,2,3
20/02/2009,4,7,6,3
20/02/2009,25,22,4,2
21/02/2009,28,11,3,1
21/02/2009,15,21,1,4
21/02/2009,26,27,3,6
21/02/2009,17,24,5,2
21/02/2009,8,9,5,3
21/02/2009,12,14,4,1
21/02/2009,25,16,1,3
21/02/2009,4,5,4,5
22/02/2009,19,18,0,1
22/02/2009,10,23,2,3
22/02/2009,14,6,4,3
22/02/2009,15,5,5,2
22/02/2009,2,1,4,0
22/02/2009,29,24,2,5
22/02/2009,13,6,2,0
22/02/2009,7,3,4,2
22/02/2009,12,21,5,2
22/02/2009,30,17,5,2
22/02/2009,22,20,2,3
23/02/2009,3,10,2,3
23/02/2009,16,30,1,2
24/02/2009,25,28,0,1
25/02/2009,20,29,4,1
25/02/2009,7,24,2,3
25/02/2009,8,23,3,0
25/02/2009,30,26,1,2
25/02/2009,15,4,2,4
25/02/2009,22,14,5,3
25/02/2009,19,27,2,1
25/02/2009,9,12,4,2
25/02/2009,6,13,6,1
25/02/2009,11,21,4,3
25/02/2009,18,16,5,3
26/02/2009,10,3,2,1
26/02/2009,5,2,1,0
26/02/2009,17,28,4,1
26/02/2009,4,26,2,0
27/02/2009,25,19,1,3
27/02/2009,18,27,4,1
27/02/2009,1,21,4,0
27/02/2009,6,24,6,0
27/02/2009,12,7,2,1
27/02/2009,3,13,1,2
27/02/2009,9,28,1,2
27/02/2009,2,10,4,5
27/02/2009,22,29,0,1
27/02/2009,15,11,4,3
28/02/2009,17,26,2,1
28/02/2009,4,8,3,4
28/02/2009,16,5,4,5
28/02/2009,1,13,7,2
28/02/2009,6,15,3,4
28/02/2009,23,14,2,1
28/02/2009,20,30,4,1
28/02/2009,25,24,3,4
01/03/2009,3,21,6,1
01/03/2009,16,26,4,2
01/03/2009,15,13,2,6
01/03/2009,11,12,5,3
01/03/2009,2,7,2,0
01/03/2009,22,30,3,2
01/03/2009,18,17,8,0
01/03/2009,8,28,3,2
01/03/2009,27,19,1,3
01/03/2009,25,5,1,4
01/03/2009,1,4,3,0
01/03/2009,9,10,3,4
02/03/2009,23,29,3,1
02/03/2009,20,14,6,8
03/03/2009,2,21,4,2
04/03/2009,19,17,0,5
04/03/2009,14,5,1,3
04/03/2009,16,24,3,2
04/03/2009,28,25,1,4
04/03/2009,23,30,4,2
04/03/2009,15,12,2,5
04/03/2009,10,1,2,3
04/03/2009,9,20,3,6
04/03/2009,18,22,6,5
04/03/2009,11,13,3,4
04/03/2009,29,26,5,4
04/03/2009,6,4,2,4
05/03/2009,7,8,5,1
05/03/2009,21,17,2,3
06/03/2009,13,5,1,4
06/03/2009,9,22,4,2
06/03/2009,6,27,1,2
06/03/2009,2,3,2,4
06/03/2009,4,20,1,5
06/03/2009,15,10,1,2
06/03/2009,18,29,4,2
06/03/2009,26,25,5,4
06/03/2009,28,30,3,4
07/03/2009,7,27,5,1
07/03/2009,6,16,5,3
07/03/2009,11,8,2,0
07/03/2009,2,1,7,3
07/03/2009,14,19,3,4
07/03/2009,26,30,4,3
07/03/2009,24,25,2,3
07/03/2009,12,20,6,1
08/03/2009,23,28,3,1
08/03/2009,2,27,3,2
08/03/2009,13,19,5,3
08/03/2009,4,18,4,1
08/03/2009,15,5,3,4
08/03/2009,10,22,1,4
08/03/2009,3,6,4,3
08/03/2009,11,20,5,2
08/03/2009,16,21,1,5
08/03/2009,25,8,1,3
08/03/2009,9,7,6,3
08/03/2009,14,12,3,9
08/03/2009,17,29,2,8
09/03/2009,24,30,2,3
09/03/2009,9,10,2,1
09/03/2009,12,3,3,0
10/03/2009,1,20,3,2
10/03/2009,5,13,4,3
10/03/2009,17,27,3,2
10/03/2009,26,23,3,2
10/03/2009,4,7,5,2
10/03/2009,29,6,2,0
10/03/2009,10,2,3,2
10/03/2009,8,22,4,3
11/03/2009,18,15,1,2
11/03/2009,21,11,0,3
11/03/2009,9,14,3,2
11/03/2009,19,25,5,2
11/03/2009,30,28,4,5
12/03/2009,24,23,4,3
12/03/2009,17,20,5,6
12/03/2009,1,27,5,2
12/03/2009,6,9,5,3
12/03/2009,29,5,4,3
12/03/2009,7,13,3,1
12/03/2009,10,14,1,4
12/03/2009,16,12,3,2
12/03/2009,4,15,1,2
12/03/2009,8,2,2,3
13/03/2009,18,3,2,4
13/03/2009,22,11,3,4
13/03/2009,19,28,3,1
13/03/2009,25,12,3,2
13/03/2009,21,30,2,1
14/03/2009,10,20,8,6
14/03/2009,6,2,2,1
14/03/2009,8,1,1,3
14/03/2009,7,11,3,4
14/03/2009,13,14,3,4
14/03/2009,23,26,4,2
14/03/2009,16,29,3,5
14/03/2009,4,3,4,2
14/03/2009,15,12,5,4
14/03/2009,19,17,2,5
14/03/2009,5,9,3,4
15/03/2009,5,6,6,4
15/03/2009,22,21,2,3
15/03/2009,3,4,4,1
15/03/2009,27,18,0,2
15/03/2009,16,2,2,4
15/03/2009,19,30,5,3
15/03/2009,28,26,2,1
15/03/2009,29,17,0,4
15/03/2009,25,30,3,2
16/03/2009,23,21,4,2
16/03/2009,11,15,5,1
16/03/2009,24,28,0,1
17/03/2009,9,7,4,2
17/03/2009,8,3,3,4
17/03/2009,5,11,6,2
17/03/2009,14,10,3,4
17/03/2009,1,16,3,2
17/03/2009,17,4,3,2
17/03/2009,13,15,0,3
17/03/2009,26,18,3,4
18/03/2009,29,16,4,3
18/03/2009,30,21,3,2
18/03/2009,12,1,4,2
18/03/2009,22,19,2,1
18/03/2009,27,28,4,3
18/03/2009,23,25,4,2
19/03/2009,9,8,5,4
19/03/2009,6,26,2,3
19/03/2009,20,25,2,1
19/03/2009,14,15,2,5
19/03/2009,24,18,4,3
19/03/2009,13,10,3,1
20/03/2009,28,18,3,2
20/03/2009,11,17,3,6
20/03/2009,21,22,1,8
20/03/2009,1,30,4,0
20/03/2009,12,2,5,4
20/03/2009,27,24,2,3
20/03/2009,7,4,4,6
20/03/2009,5,26,4,1
20/03/2009,23,19,3,0
21/03/2009,9,2,5,2
21/03/2009,14,11,3,4
21/03/2009,20,19,2,3
21/03/2009,13,29,1,3
21/03/2009,28,25,5,2
21/03/2009,3,7,5,3
21/03/2009,8,10,2,5
21/03/2009,12,15,4,1
21/03/2009,16,22,4,5
22/03/2009,6,1,4,1
22/03/2009,5,4,1,3
22/03/2009,30,22,3,0
22/03/2009,27,23,5,1
22/03/2009,3,9,1,2
22/03/2009,16,26,4,1
23/03/2009,13,12,2,3
23/03/2009,28,21,3,1
23/03/2009,4,1,4,2
23/03/2009,24,27,6,2
24/03/2009,20,17,5,3
24/03/2009,3,30,2,1
24/03/2009,10,15,3,2
24/03/2009,14,29,2,1
24/03/2009,8,11,6,3
25/03/2009,19,26,2,0
25/03/2009,2,30,2,6
25/03/2009,12,9,2,1
25/03/2009,7,13,5,3
25/03/2009,22,17,2,3
25/03/2009,25,23,2,5
25/03/2009,5,20,2,0
25/03/2009,18,24,1,2
26/03/2009,8,14,3,2
26/03/2009,11,3,5,4
26/03/2009,16,28,6,5
26/03/2009,4,13,2,4
26/03/2009,29,20,5,0
26/03/2009,21,24,2,7
27/03/2009,15,14,5,3
27/03/2009,25,26,0,1
27/03/2009,18,28,3,2
27/03/2009,17,2,0,2
27/03/2009,19,23,4,2
27/03/2009,7,10,5,3
27/03/2009,27,22,3,2
28/03/2009,8,7,3,4
28/03/2009,21,23,1,4
28/03/2009,1,12,1,2
28/03/2009,16,1,3,2
28/03/2009,10,6,5,7
28/03/2009,2,4,3,4
28/03/2009,18,26,4,3
28/03/2009,11,9,6,3
28/03/2009,5,3,4,3
28/03/2009,24,22,3,5
29/03/2009,28,27,3,2
29/03/2009,20,30,3,2
29/03/2009,25,13,3,6
29/03/2009,14,9,0,3
29/03/2009,19,29,4,3
29/03/2009,4,6,3,4
29/03/2009,17,18,3,4
29/03/2009,16,23,0,4
29/03/2009,29,19,2,5
30/03/2009,24,21,4,1
30/03/2009,3,1,3,0
30/03/2009,22,30,2,3
31/03/2009,13,9,5,2
31/03/2009,27,25,6,5
31/03/2009,29,18,2,1
31/03/2009,20,28,1,2
31/03/2009,8,16,4,1
31/03/2009,6,14,3,1
01/04/2009,26,25,2,3
01/04/2009,5,1,6,1
01/04/2009,15,2,5,3
01/04/2009,22,24,3,5
01/04/2009,11,7,3,2
01/04/2009,10,4,3,2
01/04/2009,30,23,1,2
02/04/2009,21,27,0,3
02/04/2009,6,9,2,1
02/04/2009,2,8,1,5
02/04/2009,12,3,4,2
02/04/2009,16,19,3,1
02/04/2009,17,19,4,5
03/04/2009,4,10,8,5
03/04/2009,13,11,1,3
03/04/2009,22,28,1,2
03/04/2009,25,20,1,2
03/04/2009,23,24,5,6
03/04/2009,15,7,4,5
03/04/2009,27,26,2,1
03/04/2009,1,14,5,4
04/04/2009,16,18,3,1
04/04/2009,2,14,3,1
04/04/2009,7,1,2,3
04/04/2009,9,4,4,3
04/04/2009,12,5,3,2
04/04/2009,10,8,2,6
04/04/2009,6,3,1,0
04/04/2009,30,20,4,0
05/04/2009,25,19,5,4
05/04/2009,17,30,3,2
05/04/2009,29,16,0,1
05/04/2009,26,27,6,1
05/04/2009,13,5,4,2
05/04/2009,18,29,5,4
05/04/2009,15,11,6,4
05/04/2009,28,24,2,5
05/04/2009,22,23,5,3
06/04/2009,23,21,1,4
06/04/2009,7,17,1,4
06/04/2009,8,9,2,3
06/04/2009,24,28,2,3
07/04/2009,12,2,9,0
07/04/2009,11,15,2,4
07/04/2009,9,6,3,2
07/04/2009,20,26,4,1
07/04/2009,1,10,1,4
07/04/2009,3,8,3,1
07/04/2009,14,5,4,6
07/04/2009,4,13,2,1
08/04/2009,18,16,2,4
08/04/2009,10,7,1,3
08/04/2009,22,26,1,2
08/04/2009,23,20,4,1
08/04/2009,28,21,1,0
08/04/2009,30,25,3,1
08/04/2009,27,19,1,5
09/04/2009,17,18,3,4
09/04/2009,12,7,1,5
09/04/2009,14,15,2,4
09/04/2009,11,13,2,3
09/04/2009,9,1,2,3
09/04/2009,16,29,3,4
09/04/2009,6,8,5,4
09/04/2009,3,4,2,1
09/04/2009,5,2,6,1
10/04/2009,23,26,1,0
10/04/2009,21,25,2,3
10/04/2009,28,27,1,4
11/04/2009,13,15,7,4
11/04/2009,11,14,6,2
11/04/2009,10,9,5,2
11/04/2009,8,5,1,3
11/04/2009,21,23,0,1
11/04/2009,7,6,6,1
11/04/2009,19,29,3,1
11/04/2009,30,18,8,4
11/04/2009,2,4,2,3
11/04/2009,26,28,4,3
11/04/2009,17,16,2,4
11/04/2009,1,12,3,2
11/04/2009,22,20,5,1
11/04/2009,29,30,3,6
11/04/2009,24,25,4,3
12/04/2009,16,17,3,0
12/04/2009,27,24,5,4
12/04/2009,4,3,3,4
12/04/2009,20,22,4,1
12/04/2009,2,6,2,6
12/04/2009,21,19,0,1
01/10/2009,6,15,1,4
01/10/2009,10,8,3,4
02/10/2009,17,19,3,4
02/10/2009,5,3,3,2
02/10/2009,21,28,5,2
02/10/2009,20,23,5,3
02/10/2009,16,13,3,4
02/10/2009,12,4,0,2
03/10/2009,19,17,5,3
03/10/2009,1,4,2,5
03/10/2009,13,16,0,4
03/10/2009,15,10,6,4
03/10/2009,7,8,1,2
03/10/2009,21,23,3,0
03/10/2009,3,9,5,2
03/10/2009,29,30,2,1
03/10/2009,2,5,3,4
03/10/2009,6,12,7,2
03/10/2009,11,14,6,3
04/10/2009,22,20,3,4
04/10/2009,24,28,1,4
04/10/2009,25,18,2,3
04/10/2009,26,27,3,6
05/10/2009,1,3,2,3
06/10/2009,10,9,1,2
06/10/2009,4,15,6,5
06/10/2009,23,29,3,5
06/10/2009,12,14,2,1
07/10/2009,26,28,6,4
07/10/2009,20,8,4,3
07/10/2009,22,25,5,4
07/10/2009,5,27,0,3
07/10/2009,30,24,4,3
08/10/2009,4,5,4,5
08/10/2009,15,3,3,4
08/10/2009,17,16,3,2
08/10/2009,9,2,3,2
08/10/2009,14,1,3,4
08/10/2009,23,8,7,1
08/10/2009,6,24,1,6
08/10/2009,7,27,2,1
09/10/2009,28,29,6,3
09/10/2009,19,11,2,4
09/10/2009,18,21,3,2
09/10/2009,12,13,7,2
09/10/2009,22,20,3,4
09/10/2009,26,30,6,3
10/10/2009,17,15,3,2
10/10/2009,9,11,4,2
10/10/2009,10,5,2,5
10/10/2009,20,25,2,5
10/10/2009,13,1,2,3
10/10/2009,14,12,5,2
10/10/2009,4,24,2,3
10/10/2009,6,2,4,3
11/10/2009,16,21,4,3
11/10/2009,27,29,0,2
11/10/2009,18,7,0,1
11/10/2009,22,8,3,2
11/10/2009,19,26,1,2
11/10/2009,3,24,3,0
11/10/2009,28,30,4,2
12/10/2009,23,25,4,3
12/10/2009,14,13,3,2
12/10/2009,15,1,2,3
12/10/2009,9,5,1,4
12/10/2009,3,10,7,2
12/10/2009,6,21,3,4
12/10/2009,2,26,1,2
13/10/2009,7,17,6,2
13/10/2009,10,21,1,4
13/10/2009,29,20,2,1
13/10/2009,28,27,0,1
13/10/2009,16,20,6,5
13/10/2009,18,22,1,6
14/10/2009,12,5,2,3
14/10/2009,3,26,4,2
15/10/2009,25,18,6,0
15/10/2009,15,28,4,1
15/10/2009,9,14,7,1
15/10/2009,24,30,3,2
15/10/2009,17,26,5,2
15/10/2009,8,21,2,3
15/10/2009,16,22,4,3
16/10/2009,7,2,6,3
16/10/2009,27,19,3,2
16/10/2009,13,4,4,2
16/10/2009,1,11,2,4
16/10/2009,18,16,1,3
17/10/2009,1,12,2,0
17/10/2009,20,23,5,3
17/10/2009,15,18,3,2
17/10/2009,17,21,3,4
17/10/2009,29,26,4,1
17/10/2009,8,9,1,3
17/10/2009,25,6,0,3
17/10/2009,5,14,4,1
17/10/2009,7,11,2,4
17/10/2009,2,28,1,4
17/10/2009,10,3,1,4
17/10/2009,22,30,5,2
18/10/2009,16,25,3,4
18/10/2009,23,30,2,1
18/10/2009,24,19,0,5
18/10/2009,27,6,4,1
19/10/2009,3,28,3,7
20/10/2009,8,11,2,1
20/10/2009,5,19,5,1
20/10/2009,25,26,1,4
20/10/2009,22,23,2,1
21/10/2009,6,18,3,2
21/10/2009,20,29,6,3
21/10/2009,2,12,4,3
21/10/2009,13,7,2,5
22/10/2009,9,18,5,6
22/10/2009,16,23,2,3
22/10/2009,30,21,3,2
22/10/2009,3,1,2,4
22/10/2009,14,28,5,2
22/10/2009,24,25,2,4
22/10/2009,4,6,4,3
22/10/2009,11,15,4,5
22/10/2009,8,2,5,1
23/10/2009,22,29,6,4
23/10/2009,26,25,5,4
23/10/2009,27,17,3,2
23/10/2009,5,13,3,2
24/10/2009,23,10,3,1
24/10/2009,19,30,3,1
24/10/2009,14,7,2,3
24/10/2009,11,28,3,4
24/10/2009,8,3,5,4
24/10/2009,9,6,3,4
24/10/2009,21,12,5,4
24/10/2009,4,13,5,1
24/10/2009,5,1,1,4
24/10/2009,2,15,2,3
25/10/2009,30,12,3,2
25/10/2009,24,29,4,6
25/10/2009,20,22,5,2
25/10/2009,19,25,1,4
25/10/2009,16,18,2,0
25/10/2009,27,26,3,5
25/10/2009,21,17,3,1
25/10/2009,4,28,1,4
26/10/2009,26,29,6,2
26/10/2009,23,22,2,0
26/10/2009,3,27,5,2
26/10/2009,8,2,3,2
27/10/2009,16,30,3,1
27/10/2009,24,10,3,6
27/10/2009,15,4,4,2
28/10/2009,5,8,6,1
28/10/2009,29,27,1,4
28/10/2009,13,9,3,4
28/10/2009,2,3,3,1
28/10/2009,12,19,2,5
28/10/2009,1,7,1,4
28/10/2009,22,21,0,3
28/10/2009,23,17,4,5
29/10/2009,14,9,5,2
29/10/2009,28,26,2,1
29/10/2009,30,18,3,4
29/10/2009,20,21,2,3
29/10/2009,25,10,4,3
29/10/2009,11,15,3,4
29/10/2009,6,1,1,2
30/10/2009,22,17,6,5
30/10/2009,18,16,2,0
30/10/2009,29,5,3,4
30/10/2009,19,27,0,2
30/10/2009,7,10,3,2
30/10/2009,26,23,1,2
30/10/2009,15,2,3,4
31/10/2009,28,21,3,1
31/10/2009,16,8,3,2
31/10/2009,9,11,1,3
31/10/2009,2,7,5,0
31/10/2009,30,3,3,2
31/10/2009,4,12,6,1
31/10/2009,24,23,7,2
31/10/2009,8,10,5,4
31/10/2009,6,22,2,0
31/10/2009,14,1,1,2
31/10/2009,5,30,1,2
31/10/2009,25,13,5,6
01/11/2009,12,28,1,5
01/11/2009,20,17,1,3
01/11/2009,15,29,4,5
01/11/2009,19,13,0,4
01/11/2009,27,24,3,2
01/11/2009,3,6,1,0
01/11/2009,18,25,4,2
02/11/2009,4,14,6,2
02/11/2009,23,21,3,0
03/11/2009,27,26,3,5
03/11/2009,2,22,3,1
04/11/2009,17,6,2,0
04/11/2009,23,3,4,1
04/11/2009,10,14,1,2
04/11/2009,24,5,3,4
04/11/2009,8,11,4,5
05/11/2009,25,20,2,3
05/11/2009,13,12,3,0
05/11/2009,29,28,2,3
05/11/2009,7,2,3,0
05/11/2009,21,27,4,1
05/11/2009,1,15,3,2
06/11/2009,22,3,2,4
06/11/2009,11,29,3,4
06/11/2009,6,8,1,2
06/11/2009,19,20,1,2
06/11/2009,30,23,2,5
06/11/2009,26,5,5,2
06/11/2009,27,16,3,1
06/11/2009,9,14,3,2
06/11/2009,17,28,2,1
06/11/2009,24,18,4,0
07/11/2009,26,18,1,3
07/11/2009,12,10,2,3
07/11/2009,1,2,2,1
07/11/2009,13,15,1,4
07/11/2009,7,4,2,5
07/11/2009,25,23,2,1
07/11/2009,21,16,4,3
08/11/2009,24,27,4,3
08/11/2009,29,12,3,2
08/11/2009,15,13,7,4
08/11/2009,4,19,2,1
08/11/2009,9,1,2,3
08/11/2009,30,25,3,2
08/11/2009,2,11,6,3
08/11/2009,6,7,4,2
08/11/2009,28,5,5,0
08/11/2009,8,14,1,3
08/11/2009,10,17,5,1
08/11/2009,20,3,3,1
08/11/2009,11,19,3,2
09/11/2009,21,22,3,5
10/11/2009,16,26,4,1
11/11/2009,9,22,4,3
11/11/2009,8,20,0,1
11/11/2009,19,23,6,1
11/11/2009,10,30,2,5
11/11/2009,6,5,3,0
11/11/2009,28,18,4,3
12/11/2009,12,26,2,5
12/11/2009,16,21,3,2
12/11/2009,15,2,5,4
12/11/2009,7,22,3,1
12/11/2009,29,17,1,9
12/11/2009,1,24,3,1
13/11/2009,6,13,0,1
13/11/2009,28,25,2,3
13/11/2009,4,9,5,1
13/11/2009,19,18,1,3
13/11/2009,3,11,3,5
13/11/2009,5,1,1,4
13/11/2009,14,30,4,3
13/11/2009,27,8,2,4
13/11/2009,17,23,3,1
14/11/2009,29,24,3,2
14/11/2009,15,30,3,1
14/11/2009,16,10,3,2
14/11/2009,11,26,7,0
14/11/2009,12,2,3,4
14/11/2009,7,20,2,1
14/11/2009,9,3,1,2
15/11/2009,10,20,2,5
15/11/2009,4,7,2,3
15/11/2009,21,23,2,8
15/11/2009,12,30,5,4
15/11/2009,11,22,3,2
15/11/2009,5,6,6,5
15/11/2009,27,25,3,2
15/11/2009,14,26,1,2
15/11/2009,1,15,5,2
15/11/2009,17,24,7,4
15/11/2009,19,28,1,3
15/11/2009,18,8,2,0
15/11/2009,13,2,5,4
16/11/2009,16,28,4,3
17/11/2009,13,26,3,4
17/11/2009,27,14,1,4
17/11/2009,4,1,3,2
17/11/2009,29,22,3,2
17/11/2009,5,24,5,2
17/11/2009,6,2,1,4
18/11/2009,9,10,3,2
18/11/2009,20,21,2,3
18/11/2009,18,28,4,3
18/11/2009,8,12,3,2
18/11/2009,3,15,2,4
19/11/2009,17,25,1,3
19/11/2009,26,4,2,3
19/11/2009,30,27,2,3
19/11/2009,7,13,2,6
19/11/2009,22,21,6,4
20/11/2009,25,29,1,4
20/11/2009,9,5,6,2
20/11/2009,24,14,4,3
20/11/2009,12,10,6,5
20/11/2009,11,6,3,4
20/11/2009,18,1,3,2
20/11/2009,19,27,3,2
20/11/2009,20,16,1,7
21/11/2009,15,8,2,3
21/11/2009,17,13,1,2
21/11/2009,7,6,1,2
21/11/2009,28,4,6,3
21/11/2009,26,20,2,5
21/11/2009,30,2,3,2
21/11/2009,23,21,5,2
22/11/2009,9,7,5,3
22/11/2009,19,2,4,1
22/11/2009,27,4,3,1
22/11/2009,3,13,2,3
22/11/2009,11,14,3,4
22/11/2009,11,5,2,3
22/11/2009,22,16,2,5
22/11/2009,25,1,5,3
22/11/2009,12,14,3,1
22/11/2009,8,17,2,3
22/11/2009,24,28,2,3
22/11/2009,10,15,2,1
22/11/2009,18,29,4,3
23/11/2009,23,16,0,1
24/11/2009,22,27,4,0
24/11/2009,21,4,5,4
24/11/2009,10,2,3,4
24/11/2009,19,6,2,4
24/11/2009,25,12,2,0
24/11/2009,24,20,3,2
24/11/2009,13,5,2,3
24/11/2009,3,29,7,4
24/11/2009,18,17,3,1
24/11/2009,9,15,4,3
25/11/2009,8,29,5,3
26/11/2009,1,9,3,1
26/11/2009,22,26,1,3
26/11/2009,28,16,2,7
26/11/2009,5,8,3,1
26/11/2009,13,3,1,2
26/11/2009,25,19,3,4
26/11/2009,17,11,0,2
26/11/2009,20,27,2,1
26/11/2009,15,7,2,0
26/11/2009,14,10,3,4
26/11/2009,30,6,1,2
26/11/2009,24,12,3,2
26/11/2009,21,18,3,4
26/11/2009,2,4,1,2
27/11/2009,4,7,2,4
27/11/2009,2,5,3,2
27/11/2009,9,29,2,1
27/11/2009,6,1,1,2
27/11/2009,23,26,4,1
27/11/2009,24,16,3,0
27/11/2009,30,21,5,3
28/11/2009,1,2,6,1
28/11/2009,27,25,5,2
28/11/2009,22,28,4,5
28/11/2009,18,19,1,3
28/11/2009,13,10,4,6
28/11/2009,17,20,0,3
28/11/2009,14,3,5,1
28/11/2009,12,11,4,6
29/11/2009,8,15,3,4
29/11/2009,19,17,3,4
29/11/2009,11,4,1,0
29/11/2009,25,14,4,3
29/11/2009,6,9,4,3
29/11/2009,26,16,2,1
29/11/2009,21,30,2,3
29/11/2009,7,12,5,1
29/11/2009,29,20,3,4
29/11/2009,23,22,7,3
29/11/2009,18,13,4,1
29/11/2009,5,3,8,3
30/11/2009,23,28,2,4
30/11/2009,24,27,2,3
01/12/2009,11,13,4,3
01/12/2009,17,25,4,1
01/12/2009,29,19,5,2
01/12/2009,14,21,0,3
01/12/2009,12,15,2,3
01/12/2009,10,7,0,3
01/12/2009,18,20,0,5
01/12/2009,3,5,2,5
02/12/2009,8,10,0,3
02/12/2009,28,9,5,2
02/12/2009,24,26,3,4
02/12/2009,16,29,4,3
03/12/2009,6,14,4,1
03/12/2009,13,21,6,5
03/12/2009,30,18,5,4
03/12/2009,1,23,2,5
04/12/2009,4,23,0,3
04/12/2009,7,8,6,2
04/12/2009,5,21,4,1
04/12/2009,26,9,6,3
04/12/2009,28,19,2,3
04/12/2009,25,24,3,1
04/12/2009,11,2,1,4
04/12/2009,29,10,3,6
04/12/2009,17,22,1,4
04/12/2009,15,13,6,2
04/12/2009,27,20,2,1
05/12/2009,1,14,3,2
05/12/2009,12,23,5,3
05/12/2009,16,18,1,4
05/12/2009,25,22,2,3
05/12/2009,26,19,4,5
05/12/2009,30,24,5,4
05/12/2009,8,6,5,1
06/12/2009,4,15,2,8
06/12/2009,27,9,3,2
06/12/2009,29,21,2,3
06/12/2009,18,30,3,5
06/12/2009,7,3,1,2
06/12/2009,28,20,1,2
06/12/2009,5,16,1,2
06/12/2009,13,11,1,2
06/12/2009,1,17,4,3
06/12/2009,6,10,7,2
06/12/2009,14,2,4,0
07/12/2009,3,17,1,3
07/12/2009,24,9,3,4
08/12/2009,14,15,0,3
08/12/2009,5,12,2,3
08/12/2009,7,1,0,3
08/12/2009,27,30,2,0
08/12/2009,19,21,0,4
08/12/2009,10,11,5,2
08/12/2009,13,22,2,3
08/12/2009,8,4,3,1
08/12/2009,26,20,2,1
09/12/2009,4,2,6,2
09/12/2009,9,8,1,4
09/12/2009,24,25,4,3
09/12/2009,18,23,4,2
10/12/2009,7,15,3,0
10/12/2009,29,13,3,0
10/12/2009,28,26,4,5
10/12/2009,16,3,2,1
10/12/2009,21,30,0,1
10/12/2009,1,12,4,2
10/12/2009,17,19,0,1
10/12/2009,14,22,2,3
10/12/2009,20,11,3,1
10/12/2009,10,2,3,2
11/12/2009,6,10,5,2
11/12/2009,23,11,4,2
11/12/2009,18,29,4,3
11/12/2009,26,27,3,2
11/12/2009,8,5,2,3
11/12/2009,4,9,0,2
12/12/2009,28,25,2,3
12/12/2009,17,24,3,2
12/12/2009,21,14,2,1
12/12/2009,1,13,2,4
12/12/2009,7,16,2,1
12/12/2009,20,30,1,2
12/12/2009,19,22,3,5
12/12/2009,15,12,4,3
13/12/2009,10,15,6,3
13/12/2009,1,4,4,1
13/12/2009,11,8,4,3
13/12/2009,18,17,2,3
13/12/2009,27,28,2,1
13/12/2009,5,13,3,2
13/12/2009,3,7,2,3
13/12/2009,26,25,3,2
13/12/2009,2,6,3,2
13/12/2009,29,24,1,3
13/12/2009,9,12,4,2
13/12/2009,23,30,4,3
14/12/2009,16,14,4,0
14/12/2009,21,20,3,2
15/12/2009,17,27,3,2
15/12/2009,10,9,3,2
15/12/2009,3,11,2,3
15/12/2009,8,7,3,4
15/12/2009,2,13,1,7
15/12/2009,23,26,3,1
15/12/2009,6,4,1,3
15/12/2009,29,18,3,5
16/12/2009,5,4,6,1
16/12/2009,19,20,4,3
16/12/2009,22,26,2,3
16/12/2009,18,14,7,4
16/12/2009,30,29,2,1
16/12/2009,21,15,1,6
17/12/2009,23,24,2,3
17/12/2009,16,19,3,0
17/12/2009,3,2,1,2
17/12/2009,9,7,2,0
17/12/2009,12,25,5,3
17/12/2009,1,8,2,1
17/12/2009,10,27,3,6
17/12/2009,13,11,4,3
18/12/2009,22,18,3,6
18/12/2009,28,24,4,1
18/12/2009,17,14,3,0
18/12/2009,8,30,1,3
18/12/2009,11,25,6,5
18/12/2009,4,5,2,3
18/12/2009,29,27,1,2
18/12/2009,20,26,2,1
18/12/2009,2,3,2,5
19/12/2009,4,3,1,2
19/12/2009,16,6,5,4
19/12/2009,19,14,3,6
19/12/2009,13,12,6,3
19/12/2009,20,18,3,5
19/12/2009,1,9,4,2
19/12/2009,7,10,5,2
19/12/2009,23,15,3,2
19/12/2009,24,27,4,2
19/12/2009,25,17,4,3
20/12/2009,21,29,5,2
20/12/2009,2,8,0,3
20/12/2009,12,13,3,2
20/12/2009,9,30,4,1
20/12/2009,7,5,1,2
20/12/2009,10,6,2,0
20/12/2009,22,15,2,4
20/12/2009,11,1,4,5
21/12/2009,16,17,3,0
21/12/2009,23,19,1,3
22/12/2009,12,3,1,3
22/12/2009,27,29,5,2
22/12/2009,9,6,0,2
22/12/2009,4,13,1,4
22/12/2009,5,1,0,4
22/12/2009,22,19,2,7
22/12/2009,10,7,2,3
22/12/2009,11,8,3,4
22/12/2009,30,21,3,4
22/12/2009,2,14,2,4
22/12/2009,25,28,2,4
23/12/2009,23,18,4,1
23/12/2009,16,28,2,3
23/12/2009,21,24,2,4
24/12/2009,3,13,4,1
24/12/2009,17,16,0,3
24/12/2009,12,8,1,5
24/12/2009,14,4,2,5
24/12/2009,5,9,8,2
24/12/2009,30,22,3,1
24/12/2009,25,29,3,1
24/12/2009,15,7,5,2
24/12/2009,27,24,4,0
24/12/2009,6,11,6,4
24/12/2009,20,19,1,2
24/12/2009,2,10,3,1
27/12/2009,30,19,4,3
27/12/2009,27,26,3,2
27/12/2009,15,1,4,1
27/12/2009,7,9,2,3
27/12/2009,19,7,3,5
27/12/2009,2,4,1,2
27/12/2009,10,8,2,3
27/12/2009,13,6,1,2
27/12/2009,18,16,1,4
27/12/2009,14,11,4,3
27/12/2009,3,2,2,3
27/12/2009,21,25,4,1
27/12/2009,12,4,3,4
27/12/2009,28,24,5,2
27/12/2009,23,22,4,1
27/12/2009,17,29,2,1
28/12/2009,16,18,5,4
28/12/2009,5,10,3,4
28/12/2009,20,23,1,5
29/12/2009,14,6,2,1
29/12/2009,15,12,3,6
29/12/2009,1,11,3,2
29/12/2009,26,30,3,4
29/12/2009,29,17,1,0
29/12/2009,9,8,4,2
29/12/2009,28,27,3,2
29/12/2009,22,20,1,4
30/12/2009,24,30,4,2
30/12/2009,27,23,3,2
30/12/2009,2,29,2,1
30/12/2009,25,16,5,4
30/12/2009,7,5,4,3
30/12/2009,19,18,3,4
31/12/2009,20,26,2,1
31/12/2009,13,8,4,5
31/12/2009,22,10,3,1
31/12/2009,9,21,3,4
31/12/2009,28,15,5,2
31/12/2009,1,5,2,0
31/12/2009,6,11,4,0
31/12/2009,14,8,1,2
31/12/2009,3,4,0,6
01/01/2010,30,26,2,5
01/01/2010,27,28,2,3
01/01/2010,17,21,4,2
01/01/2010,9,2,3,2
01/01/2010,6,4,2,1
01/01/2010,29,18,1,2
01/01/2010,12,3,1,2
01/01/2010,16,1,5,1
01/01/2010,19,23,3,4
01/01/2010,20,22,2,1
01/01/2010,25,24,5,3
02/01/2010,14,5,3,1
02/01/2010,26,15,2,1
02/01/2010,25,23,1,3
02/01/2010,7,11,4,3
02/01/2010,3,12,1,2
03/01/2010,2,11,6,5
03/01/2010,28,22,4,1
03/01/2010,20,10,3,1
03/01/2010,30,1,3,5
03/01/2010,29,21,2,3
03/01/2010,13,5,6,2
03/01/2010,19,16,3,6
03/01/2010,9,4,7,4
03/01/2010,27,17,1,4
03/01/2010,8,7,0,1
03/01/2010,18,24,3,1
04/01/2010,16,24,5,2
05/01/2010,3,6,3,2
05/01/2010,28,26,2,6
06/01/2010,22,27,4,5
06/01/2010,1,25,4,0
06/01/2010,23,29,7,3
06/01/2010,10,13,3,2
06/01/2010,9,6,1,4
06/01/2010,5,11,5,2
06/01/2010,16,30,4,1
06/01/2010,15,8,4,2
06/01/2010,24,17,4,1
06/01/2010,18,20,1,3
07/01/2010,7,14,5,3
07/01/2010,28,19,2,1
07/01/2010,3,25,5,2
07/01/2010,30,20,4,1
07/01/2010,4,10,6,2
07/01/2010,21,2,2,3
08/01/2010,23,27,4,0
08/01/2010,5,4,4,7
08/01/2010,18,12,4,2
08/01/2010,24,19,4,2
08/01/2010,15,9,5,2
08/01/2010,1,14,2,4
08/01/2010,6,16,2,5
08/01/2010,11,3,2,1
08/01/2010,26,17,1,2
08/01/2010,8,13,2,0
08/01/2010,22,29,2,4
09/01/2010,20,29,2,3
09/01/2010,7,10,3,2
09/01/2010,25,2,4,3
09/01/2010,6,3,1,3
09/01/2010,12,21,2,1
10/01/2010,10,5,1,4
10/01/2010,7,21,3,4
10/01/2010,11,15,1,8
10/01/2010,4,14,4,1
10/01/2010,23,20,2,3
10/01/2010,26,19,3,4
10/01/2010,18,24,2,3
10/01/2010,9,13,0,3
10/01/2010,27,2,4,5
10/01/2010,8,1,1,2
10/01/2010,30,16,6,5
10/01/2010,28,17,1,4
10/01/2010,12,9,4,1
11/01/2010,29,25,2,0
11/01/2010,16,24,1,3
12/01/2010,23,18,2,3
12/01/2010,26,28,1,2
12/01/2010,30,5,4,3
12/01/2010,20,21,2,3
13/01/2010,19,29,4,1
13/01/2010,2,17,6,0
13/01/2010,3,1,0,1
13/01/2010,14,15,7,4
13/01/2010,27,28,1,3
13/01/2010,4,25,6,3
13/01/2010,11,9,6,1
13/01/2010,22,18,3,5
13/01/2010,10,12,2,4
14/01/2010,13,15,4,5
14/01/2010,20,5,1,3
14/01/2010,30,23,5,2
14/01/2010,24,6,4,3
15/01/2010,28,6,1,2
15/01/2010,16,29,3,0
15/01/2010,8,25,5,3
15/01/2010,10,4,4,0
15/01/2010,17,12,3,1
15/01/2010,19,30,1,0
15/01/2010,22,5,2,3
15/01/2010,14,13,2,3
15/01/2010,3,9,0,2
15/01/2010,11,7,1,2
15/01/2010,26,24,4,0
15/01/2010,27,1,4,3
16/01/2010,28,22,4,2
16/01/2010,21,1,3,1
16/01/2010,26,6,4,3
16/01/2010,29,16,5,6
16/01/2010,15,10,6,1
16/01/2010,20,18,0,1
16/01/2010,25,17,3,2
17/01/2010,17,16,3,4
17/01/2010,2,7,3,2
17/01/2010,19,3,4,1
17/01/2010,13,14,5,2
17/01/2010,27,30,6,4
17/01/2010,8,9,2,4
17/01/2010,23,5,6,2
17/01/2010,12,11,3,5
17/01/2010,15,4,5,3
18/01/2010,2,1,4,0
18/01/2010,3,8,6,2
18/01/2010,6,9,1,5
18/01/2010,24,20,5,4
19/01/2010,13,11,1,0
19/01/2010,25,30,4,3
19/01/2010,12,14,2,3
19/01/2010,21,22,6,0
19/01/2010,28,20,9,1
19/01/2010,27,7,2,7
19/01/2010,18,10,3,4
19/01/2010,29,19,4,2
20/01/2010,11,10,4,3
20/01/2010,3,14,8,2
20/01/2010,15,17,3,2
20/01/2010,5,2,6,4
20/01/2010,4,29,5,3
20/01/2010,26,28,1,5
20/01/2010,9,16,4,1
20/01/2010,24,7,5,4
21/01/2010,8,19,3,4
21/01/2010,22,23,2,3
21/01/2010,1,13,2,0
22/01/2010,20,16,1,3
22/01/2010,28,24,3,1
22/01/2010,2,13,2,1
22/01/2010,5,15,3,6
22/01/2010,4,3,2,0
22/01/2010,30,17,3,4
22/01/2010,9,19,3,2
22/01/2010,27,18,4,2
22/01/2010,23,25,4,3
22/01/2010,11,12,2,5
22/01/2010,26,7,4,3
22/01/2010,14,10,3,2
22/01/2010,6,29,2,3
23/01/2010,1,8,1,3
23/01/2010,21,18,2,1
23/01/2010,6,9,1,2
23/01/2010,22,25,3,4
23/01/2010,4,12,4,2
24/01/2010,23,16,5,1
24/01/2010,4,5,1,2
24/01/2010,28,7,5,2
24/01/2010,30,29,4,2
24/01/2010,8,3,6,0
24/01/2010,12,6,5,1
24/01/2010,14,11,2,1
24/01/2010,19,24,3,4
24/01/2010,2,1,2,4
24/01/2010,17,26,2,3
24/01/2010,13,10,2,0
24/01/2010,15,27,4,2
25/01/2010,21,25,4,0
26/01/2010,20,19,0,2
26/01/2010,3,5,2,4
26/01/2010,23,7,3,2
27/01/2010,29,18,3,2
27/01/2010,9,1,3,0
27/01/2010,10,26,3,5
27/01/2010,13,8,2,1
27/01/2010,22,16,2,4
27/01/2010,11,24,2,1
27/01/2010,2,15,2,7
27/01/2010,17,27,4,5
28/01/2010,25,20,4,3
28/01/2010,15,24,5,1
28/01/2010,30,17,5,2
28/01/2010,14,8,3,0
28/01/2010,3,12,1,5
28/01/2010,7,1,2,1
28/01/2010,23,19,3,2
29/01/2010,12,2,4,1
29/01/2010,28,16,3,4
29/01/2010,4,11,3,4
29/01/2010,29,26,1,4
29/01/2010,27,20,3,2
29/01/2010,22,19,1,2
29/01/2010,5,9,1,4
29/01/2010,21,30,0,1
30/01/2010,14,24,1,2
30/01/2010,4,2,2,1
30/01/2010,9,8,3,2
30/01/2010,1,10,5,4
30/01/2010,15,13,4,1
30/01/2010,25,21,3,2
30/01/2010,7,6,2,1
30/01/2010,17,18,4,2
31/01/2010,27,3,3,2
31/01/2010,19,29,2,3
31/01/2010,5,17,2,1
31/01/2010,13,2,2,0
31/01/2010,28,30,5,2
31/01/2010,6,26,2,3
31/01/2010,25,27,2,4
31/01/2010,1,26,2,3
31/01/2010,12,16,4,2
31/01/2010,18,11,4,3
31/01/2010,20,22,6,1
31/01/2010,10,23,3,5
31/01/2010,15,14,3,2
01/02/2010,21,3,1,3
02/02/2010,5,7,5,4
02/02/2010,13,24,0,3
02/02/2010,22,12,4,2
02/02/2010,20,4,0,3
03/02/2010,21,29,5,1
03/02/2010,10,1,3,0
03/02/2010,26,3,2,1
03/02/2010,11,14,1,2
03/02/2010,25,30,4,2
03/02/2010,6,15,1,4
03/02/2010,28,17,2,4
03/02/2010,18,27,0,1
03/02/2010,8,23,3,2
04/02/2010,20,12,4,1
04/02/2010,24,17,3,1
04/02/2010,7,9,2,4
04/02/2010,16,19,2,3
04/02/2010,22,4,1,0
05/02/2010,14,2,5,2
05/02/2010,19,28,2,4
05/02/2010,6,8,2,3
05/02/2010,9,23,3,1
05/02/2010,26,24,6,4
05/02/2010,30,22,4,2
05/02/2010,3,15,5,6
05/02/2010,29,25,2,1
05/02/2010,18,21,5,3
06/02/2010,13,20,1,2
06/02/2010,6,23,2,3
06/02/2010,1,10,4,3
06/02/2010,26,17,4,3
06/02/2010,15,11,5,2
06/02/2010,25,27,4,0
06/02/2010,16,27,1,2
06/02/2010,7,12,3,4
06/02/2010,8,5,5,3
07/02/2010,8,6,0,3
07/02/2010,19,16,1,2
07/02/2010,2,12,1,3
07/02/2010,11,13,4,2
07/02/2010,3,1,3,1
07/02/2010,15,5,5,4
07/02/2010,14,20,2,1
07/02/2010,18,28,3,4
07/02/2010,21,22,3,0
07/02/2010,10,9,5,0
07/02/2010,30,4,2,1
07/02/2010,29,7,4,0
09/02/2010,10,28,2,3
09/02/2010,4,1,3,2
09/02/2010,27,22,6,1
09/02/2010,24,26,4,2
09/02/2010,21,19,5,2
10/02/2010,2,18,4,3
10/02/2010,12,13,4,1
10/02/2010,9,20,3,2
10/02/2010,19,17,4,3
10/02/2010,7,6,2,3
10/02/2010,14,23,3,1
10/02/2010,16,25,4,3
11/02/2010,24,22,3,2
11/02/2010,8,15,6,5
11/02/2010,29,28,3,0
11/02/2010,30,27,2,3
11/02/2010,21,11,4,3
11/02/2010,1,4,2,3
11/02/2010,3,18,1,2
11/02/2010,5,2,3,1
12/02/2010,26,22,2,3
12/02/2010,17,28,2,3
12/02/2010,12,7,4,3
12/02/2010,4,8,3,2
12/02/2010,20,25,1,3
12/02/2010,13,23,0,3
12/02/2010,9,15,6,5
12/02/2010,14,6,4,5
13/02/2010,19,10,4,0
13/02/2010,1,18,5,2
13/02/2010,5,3,2,3
13/02/2010,30,11,2,3
13/02/2010,2,14,5,4
13/02/2010,21,27,2,1
13/02/2010,29,23,3,4
14/02/2010,29,16,4,5
14/02/2010,13,6,2,3
14/02/2010,12,1,5,2
14/02/2010,26,21,3,0
14/02/2010,16,11,5,4
14/02/2010,3,14,5,2
14/02/2010,2,9,3,4
14/02/2010,5,18,3,4
14/02/2010,30,23,6,2
14/02/2010,20,24,3,1
14/02/2010,7,28,3,1
14/02/2010,8,4,2,6
14/02/2010,27,25,0,3
14/02/2010,19,15,4,3
14/02/2010,17,9,4,1
15/02/2010,22,24,3,7
02/03/2010,21,17,2,3
03/03/2010,25,26,1,5
03/03/2010,9,3,1,4
03/03/2010,2,16,5,3
03/03/2010,18,22,4,3
03/03/2010,14,4,2,7
03/03/2010,28,1,3,4
03/03/2010,27,19,2,5
03/03/2010,6,8,1,4
03/03/2010,29,23,3,4
03/03/2010,10,12,1,5
03/03/2010,11,13,4,2
03/03/2010,5,7,3,2
04/03/2010,17,23,3,6
04/03/2010,13,4,7,4
04/03/2010,7,15,1,3
04/03/2010,24,21,3,4
04/03/2010,20,30,0,4
04/03/2010,16,22,5,2
05/03/2010,12,9,4,1
05/03/2010,15,14,5,4
05/03/2010,11,2,6,3
05/03/2010,18,26,4,2
05/03/2010,6,10,3,2
05/03/2010,28,8,3,2
05/03/2010,27,21,3,1
05/03/2010,25,19,1,6
05/03/2010,3,5,4,5
06/03/2010,17,18,5,2
06/03/2010,16,23,6,3
06/03/2010,5,25,6,3
06/03/2010,20,1,5,3
06/03/2010,2,6,2,3
06/03/2010,7,4,3,2
06/03/2010,22,30,2,1
07/03/2010,28,29,2,1
07/03/2010,21,19,7,3
07/03/2010,13,12,4,1
07/03/2010,11,12,0,4
07/03/2010,18,23,2,4
07/03/2010,30,20,2,5
07/03/2010,9,10,1,2
07/03/2010,27,24,4,0
07/03/2010,26,8,2,4
07/03/2010,5,6,2,1
07/03/2010,16,17,4,5
07/03/2010,14,11,6,2
07/03/2010,15,3,2,0
08/03/2010,4,10,3,1
08/03/2010,22,1,2,0
08/03/2010,24,8,3,4
08/03/2010,3,7,1,2
09/03/2010,15,25,3,4
09/03/2010,26,29,6,0
10/03/2010,24,29,2,5
10/03/2010,21,23,4,6
10/03/2010,17,20,2,4
10/03/2010,4,2,3,2
10/03/2010,11,18,1,2
10/03/2010,22,9,1,4
10/03/2010,30,13,2,3
10/03/2010,10,6,4,3
10/03/2010,8,14,5,3
11/03/2010,16,26,3,2
11/03/2010,15,12,4,3
11/03/2010,27,23,4,3
11/03/2010,7,25,5,3
11/03/2010,1,3,6,3
12/03/2010,29,11,2,1
12/03/2010,12,5,4,3
12/03/2010,10,14,4,3
12/03/2010,2,19,1,2
12/03/2010,20,9,2,0
12/03/2010,8,22,5,4
12/03/2010,17,30,5,1
12/03/2010,21,13,3,0
12/03/2010,28,18,8,5
12/03/2010,4,6,1,5
13/03/2010,1,5,3,1
13/03/2010,4,16,3,2
13/03/2010,15,14,2,3
13/03/2010,24,18,0,1
13/03/2010,7,30,2,3
13/03/2010,28,13,2,3
13/03/2010,11,3,2,5
13/03/2010,25,26,1,2
14/03/2010,29,19,1,5
14/03/2010,2,10,4,1
14/03/2010,3,4,3,1
14/03/2010,23,9,5,1
14/03/2010,11,27,2,3
14/03/2010,12,27,0,4
14/03/2010,8,6,3,2
14/03/2010,16,15,3,4
14/03/2010,10,22,6,4
14/03/2010,25,21,3,5
14/03/2010,2,1,4,2
14/03/2010,17,7,3,2
14/03/2010,26,18,2,3
14/03/2010,14,5,1,2
14/03/2010,30,19,4,2
15/03/2010,23,20,3,1
15/03/2010,1,6,3,2
15/03/2010,29,22,5,3
15/03/2010,24,28,4,2
16/03/2010,3,8,1,3
16/03/2010,11,7,4,3
16/03/2010,14,27,1,2
16/03/2010,13,15,3,7
16/03/2010,12,6,2,5
16/03/2010,9,10,1,4
16/03/2010,20,17,1,2
17/03/2010,19,21,3,5
17/03/2010,1,5,5,2
17/03/2010,18,4,4,3
17/03/2010,25,28,8,2
17/03/2010,23,2,2,5
17/03/2010,30,22,4,2
18/03/2010,24,16,4,2
18/03/2010,13,27,3,4
18/03/2010,21,20,2,3
18/03/2010,11,9,6,3
18/03/2010,12,15,4,3
18/03/2010,14,7,2,6
18/03/2010,6,5,0,3
18/03/2010,3,19,3,4
18/03/2010,10,1,2,1
19/03/2010,29,30,4,2
19/03/2010,25,4,2,3
19/03/2010,26,16,0,3
19/03/2010,18,30,5,0
19/03/2010,23,28,3,2
20/03/2010,13,7,1,3
20/03/2010,5,12,2,3
20/03/2010,10,8,3,2
20/03/2010,22,17,3,2
20/03/2010,20,28,4,3
20/03/2010,24,2,5,4
20/03/2010,11,4,5,2
20/03/2010,14,15,1,3
20/03/2010,1,19,0,1
20/03/2010,25,9,5,4
21/03/2010,27,16,5,4
21/03/2010,4,11,1,3
21/03/2010,26,2,1,0
21/03/2010,25,27,2,3
21/03/2010,19,18,2,3
21/03/2010,12,7,3,5
21/03/2010,13,14,5,2
21/03/2010,6,3,2,1
21/03/2010,18,29,1,0
21/03/2010,30,20,4,3
21/03/2010,23,17,3,4
22/03/2010,24,21,5,2
22/03/2010,17,5,3,1
22/03/2010,8,9,0,2
22/03/2010,22,28,5,1
23/03/2010,14,12,3,2
23/03/2010,26,21,4,3
23/03/2010,9,4,2,0
23/03/2010,1,29,6,3
23/03/2010,10,13,1,4
23/03/2010,11,6,0,4
24/03/2010,7,8,3,2
24/03/2010,15,5,4,3
24/03/2010,20,24,3,1
24/03/2010,3,2,5,0
24/03/2010,22,23,3,2
24/03/2010,30,28,1,4
24/03/2010,18,25,1,3
24/03/2010,16,27,2,0
24/03/2010,17,19,4,2
25/03/2010,8,13,4,1
25/03/2010,1,3,3,4
25/03/2010,12,15,3,2
25/03/2010,6,14,3,5
25/03/2010,11,10,1,2
25/03/2010,4,30,3,4
25/03/2010,29,16,8,3
25/03/2010,21,26,4,3
25/03/2010,23,24,4,1
25/03/2010,2,20,3,2
26/03/2010,28,25,3,0
26/03/2010,18,27,4,3
26/03/2010,17,30,6,2
26/03/2010,7,9,2,4
26/03/2010,19,26,3,1
27/03/2010,9,13,3,2
27/03/2010,22,24,2,3
27/03/2010,5,4,4,1
27/03/2010,10,3,3,2
27/03/2010,29,2,3,4
27/03/2010,6,20,5,0
27/03/2010,8,1,2,4
27/03/2010,12,11,0,4
27/03/2010,7,14,7,1
28/03/2010,15,20,3,5
28/03/2010,18,17,0,1
28/03/2010,28,23,4,2
28/03/2010,27,21,6,2
28/03/2010,5,10,5,4
28/03/2010,4,1,5,1
28/03/2010,26,25,1,4
28/03/2010,19,22,2,1
28/03/2010,16,29,2,4
29/03/2010,28,21,4,3
29/03/2010,11,12,1,4
29/03/2010,6,7,2,3
29/03/2010,13,18,2,3
30/03/2010,10,11,2,3
30/03/2010,24,25,3,1
30/03/2010,29,14,3,2
30/03/2010,15,9,4,5
30/03/2010,30,26,3,2
30/03/2010,1,6,0,1
30/03/2010,17,22,5,4
30/03/2010,2,3,3,4
31/03/2010,18,26,0,2
31/03/2010,5,14,0,2
31/03/2010,8,12,1,2
31/03/2010,7,13,6,2
31/03/2010,19,16,4,2
31/03/2010,23,27,4,1
01/04/2010,6,13,0,1
01/04/2010,9,12,4,3
01/04/2010,10,7,4,2
01/04/2010,21,24,2,5
01/04/2010,15,11,2,1
01/04/2010,2,4,6,4
01/04/2010,17,29,3,2
01/04/2010,30,16,0,4
01/04/2010,25,28,5,1
01/04/2010,20,27,2,1
02/04/2010,1,16,1,2
02/04/2010,4,8,0,1
02/04/2010,14,3,0,5
02/04/2010,18,19,3,2
02/04/2010,26,23,8,3
03/04/2010,24,23,4,5
03/04/2010,2,9,4,1
03/04/2010,29,15,2,3
03/04/2010,30,28,2,3
03/04/2010,8,7,3,0
03/04/2010,10,6,1,2
03/04/2010,5,11,4,3
03/04/2010,12,1,0,4
03/04/2010,25,22,6,3
03/04/2010,13,3,1,4
03/04/2010,17,18,3,4
03/04/2010,21,20,1,2
04/04/2010,27,22,3,2
04/04/2010,26,24,1,2
04/04/2010,16,20,4,1
04/04/2010,4,17,4,3
04/04/2010,19,25,2,1
05/04/2010,15,6,3,2
05/04/2010,21,28,5,4
05/04/2010,23,30,4,3
06/04/2010,13,9,2,5
06/04/2010,14,12,5,8
06/04/2010,2,8,4,3
06/04/2010,7,3,5,2
06/04/2010,11,1,0,3
06/04/2010,22,30,4,1
06/04/2010,19,29,2,1
06/04/2010,10,4,0,2
06/04/2010,5,15,3,6
07/04/2010,3,10,5,1
07/04/2010,17,29,4,3
07/04/2010,24,26,4,5
07/04/2010,23,21,3,4
07/04/2010,20,28,1,2
07/04/2010,25,16,2,5
08/04/2010,13,1,3,2
08/04/2010,12,8,5,2
08/04/2010,22,21,5,4
08/04/2010,6,7,3,1
08/04/2010,5,2,7,3
08/04/2010,16,19,6,5
08/04/2010,27,18,5,2
08/04/2010,14,9,4,3
09/04/2010,3,4,4,3
09/04/2010,26,27,2,3
09/04/2010,15,11,5,2
09/04/2010,29,17,0,1
09/04/2010,28,23,4,2
09/04/2010,25,24,3,2
09/04/2010,20,30,1,2
10/04/2010,6,12,4,2
10/04/2010,21,16,2,5
10/04/2010,19,24,6,3
10/04/2010,9,7,2,5
10/04/2010,26,22,3,4
10/04/2010,14,13,4,3
10/04/2010,8,10,3,4
10/04/2010,1,2,7,1
10/04/2010,11,5,1,0
11/04/2010,13,14,1,3
11/04/2010,2,5,5,6
11/04/2010,30,25,3,4
11/04/2010,28,27,3,2
11/04/2010,18,19,2,1
11/04/2010,1,7,2,1
11/04/2010,16,17,2,3
11/04/2010,23,20,7,3
11/04/2010,4,3,2,1
11/04/2010,21,26,1,2
11/04/2010,15,6,3,4
12/04/2010,24,22,7,2
07/10/2010,30,12,3,4
07/10/2010,5,4,2,3
07/10/2010,10,8,3,2
08/10/2010,9,7,1,2
08/10/2010,29,28,2,3
08/10/2010,11,15,4,2
08/10/2010,17,24,4,0
08/10/2010,1,25,3,4
08/10/2010,21,16,4,3
08/10/2010,12,30,2,1
08/10/2010,22,20,4,0
09/10/2010,2,25,4,5
09/10/2010,7,3,3,6
09/10/2010,14,11,5,3
09/10/2010,28,29,2,3
09/10/2010,6,27,2,5
09/10/2010,5,8,2,3
09/10/2010,10,9,5,1
09/10/2010,15,1,7,2
10/10/2010,19,4,2,1
10/10/2010,27,6,0,3
10/10/2010,16,17,2,3
10/10/2010,23,26,1,2
10/10/2010,18,24,4,1
11/10/2010,22,13,3,2
11/10/2010,15,9,3,2
11/10/2010,4,21,4,2
11/10/2010,2,3,6,4
11/10/2010,19,24,5,1
11/10/2010,7,16,3,4
11/10/2010,1,5,1,3
11/10/2010,20,26,3,1
12/10/2010,17,21,4,5
12/10/2010,23,13,2,1
13/10/2010,15,2,2,1
13/10/2010,26,11,3,1
13/10/2010,5,10,3,4
13/10/2010,7,1,0,1
13/10/2010,8,14,3,4
14/10/2010,9,12,3,2
14/10/2010,16,18,2,3
14/10/2010,24,23,4,3
14/10/2010,4,14,2,3
15/10/2010,18,19,4,3
15/10/2010,5,2,3,2
15/10/2010,20,13,0,3
15/10/2010,25,17,4,1
15/10/2010,1,21,2,3
15/10/2010,29,16,2,5
15/10/2010,7,8,1,2
15/10/2010,30,22,4,2
15/10/2010,3,10,3,4
16/10/2010,1,6,1,4
16/10/2010,26,23,4,1
16/10/2010,8,9,4,3
16/10/2010,4,5,1,5
16/10/2010,24,11,4,5
16/10/2010,2,21,5,2
16/10/2010,13,14,6,0
17/10/2010,28,11,2,4
17/10/2010,16,7,4,3
17/10/2010,25,19,3,2
17/10/2010,27,17,1,2
17/10/2010,18,15,2,3
17/10/2010,20,22,5,3
17/10/2010,30,29,2,3
18/10/2010,24,27,3,2
18/10/2010,3,21,1,3
18/10/2010,23,12,5,1
18/10/2010,5,9,5,2
18/10/2010,14,25,5,4
18/10/2010,10,2,1,2
19/10/2010,15,6,1,3
19/10/2010,16,19,3,2
20/10/2010,28,12,2,5
20/10/2010,30,23,6,2
20/10/2010,29,24,3,1
20/10/2010,18,20,0,1
20/10/2010,11,7,1,4
21/10/2010,26,12,4,3
21/10/2010,14,2,2,3
21/10/2010,4,24,2,3
21/10/2010,8,1,0,3
21/10/2010,13,25,1,4
21/10/2010,10,3,1,2
21/10/2010,16,23,2,1
21/10/2010,6,15,4,1
21/10/2010,17,20,4,2
22/10/2010,18,5,3,4
22/10/2010,27,26,4,2
22/10/2010,21,28,2,4
22/10/2010,22,30,2,4
22/10/2010,11,14,2,5
22/10/2010,29,20,2,6
22/10/2010,7,9,2,4
23/10/2010,1,7,1,6
23/10/2010,15,11,4,3
23/10/2010,9,8,0,3
23/10/2010,13,2,4,3
23/10/2010,6,3,2,3
23/10/2010,4,10,5,2
23/10/2010,19,16,4,2
23/10/2010,17,24,5,4
23/10/2010,23,30,5,1
24/10/2010,21,26,4,6
24/10/2010,25,18,0,1
24/10/2010,14,18,3,4
24/10/2010,27,12,3,4
24/10/2010,3,1,3,1
24/10/2010,16,29,2,3
24/10/2010,22,28,1,6
24/10/2010,19,5,1,0
25/10/2010,8,27,3,2
25/10/2010,29,4,2,1
25/10/2010,20,28,4,0
26/10/2010,4,7,6,3
26/10/2010,9,27,5,2
26/10/2010,30,26,2,3
26/10/2010,10,13,3,1
27/10/2010,3,11,4,6
27/10/2010,25,24,2,5
27/10/2010,12,15,0,3
27/10/2010,23,21,4,3
27/10/2010,20,22,5,4
27/10/2010,14,5,5,3
27/10/2010,8,2,5,3
28/10/2010,6,10,2,0
28/10/2010,9,13,5,3
28/10/2010,29,22,3,2
28/10/2010,16,26,3,1
28/10/2010,28,1,5,2
28/10/2010,17,27,2,4
29/10/2010,25,26,2,5
29/10/2010,2,8,1,3
29/10/2010,3,12,3,4
29/10/2010,11,7,4,3
29/10/2010,20,21,5,6
29/10/2010,5,4,2,3
29/10/2010,30,15,2,1
29/10/2010,18,19,0,3
30/10/2010,10,3,0,2
30/10/2010,12,5,0,3
30/10/2010,16,22,4,7
30/10/2010,8,13,1,3
30/10/2010,17,18,5,2
30/10/2010,9,6,0,4
30/10/2010,24,1,1,2
30/10/2010,4,2,6,1
31/10/2010,19,11,4,3
31/10/2010,25,7,4,0
31/10/2010,21,29,5,1
31/10/2010,27,14,0,3
31/10/2010,20,15,2,7
31/10/2010,28,24,5,2
31/10/2010,26,1,3,1
31/10/2010,30,16,1,3
01/11/2010,4,12,3,2
01/11/2010,3,16,3,2
02/11/2010,10,9,2,3
02/11/2010,23,1,3,0
02/11/2010,29,8,3,0
03/11/2010,22,23,3,4
03/11/2010,7,6,2,5
03/11/2010,15,10,5,4
03/11/2010,13,11,3,4
03/11/2010,12,2,7,2
03/11/2010,30,28,1,0
04/11/2010,24,14,3,2
04/11/2010,11,29,0,3
04/11/2010,16,1,3,5
04/11/2010,27,18,4,3
04/11/2010,20,17,1,2
04/11/2010,25,5,5,2
04/11/2010,9,2,4,1
04/11/2010,4,3,4,1
05/11/2010,19,28,2,0
05/11/2010,21,23,1,3
05/11/2010,13,12,7,4
05/11/2010,1,3,0,3
05/11/2010,15,6,5,3
05/11/2010,7,8,2,3
05/11/2010,26,14,1,0
06/11/2010,6,19,1,2
06/11/2010,2,4,1,2
06/11/2010,25,27,6,3
06/11/2010,10,7,2,3
06/11/2010,24,5,3,2
06/11/2010,12,13,3,2
06/11/2010,30,20,2,1
06/11/2010,22,17,1,3
06/11/2010,11,16,4,5
06/11/2010,29,30,2,3
06/11/2010,8,9,2,3
07/11/2010,15,4,3,2
07/11/2010,28,14,5,2
07/11/2010,26,18,4,1
07/11/2010,27,5,3,4
07/11/2010,23,17,6,4
07/11/2010,21,25,5,0
08/11/2010,3,19,0,2
08/11/2010,16,22,1,2
08/11/2010,24,18,5,4
09/11/2010,17,27,3,2
10/11/2010,9,11,5,2
10/11/2010,21,20,2,4
10/11/2010,8,23,2,0
10/11/2010,3,15,3,5
10/11/2010,14,10,4,0
10/11/2010,28,24,2,3
10/11/2010,12,22,7,1
11/11/2010,13,10,4,1
11/11/2010,1,7,4,5
11/11/2010,5,6,4,7
11/11/2010,29,19,8,1
11/11/2010,24,2,1,0
11/11/2010,16,27,1,2
12/11/2010,28,2,2,1
12/11/2010,3,7,3,2
12/11/2010,9,23,2,6
12/11/2010,17,22,6,2
12/11/2010,15,14,6,3
12/11/2010,6,8,1,3
12/11/2010,19,18,2,3
12/11/2010,26,25,3,1
12/11/2010,11,30,5,1
12/11/2010,12,4,1,8
13/11/2010,5,14,5,1
13/11/2010,29,21,1,5
13/11/2010,27,20,5,4
13/11/2010,1,22,4,3
13/11/2010,13,30,2,1
13/11/2010,24,25,4,2
14/11/2010,14,30,1,4
14/11/2010,11,5,2,4
14/11/2010,4,13,5,2
14/11/2010,3,22,8,2
14/11/2010,6,9,0,2
14/11/2010,15,11,6,4
14/11/2010,26,2,5,1
14/11/2010,8,12,7,2
14/11/2010,18,16,4,3
14/11/2010,10,23,3,5
14/11/2010,17,21,3,1
14/11/2010,7,15,3,2
14/11/2010,27,19,5,3
14/11/2010,28,20,4,3
15/11/2010,16,24,3,2
16/11/2010,28,26,6,3
16/11/2010,5,3,2,3
16/11/2010,4,9,5,1
16/11/2010,21,19,6,3
16/11/2010,7,23,4,3
16/11/2010,6,1,3,0
17/11/2010,8,4,3,0
17/11/2010,10,18,5,4
17/11/2010,25,24,2,1
18/11/2010,2,14,2,4
18/11/2010,17,19,7,3
18/11/2010,3,6,2,3
18/11/2010,20,27,1,3
18/11/2010,12,9,7,1
18/11/2010,5,23,3,1
18/11/2010,26,29,3,5
18/11/2010,22,16,0,5
18/11/2010,15,7,4,2
18/11/2010,21,28,4,3
18/11/2010,30,24,2,1
18/11/2010,11,13,1,2
19/11/2010,10,1,3,1
19/11/2010,8,18,0,3
19/11/2010,25,28,5,4
19/11/2010,6,13,4,0
19/11/2010,4,14,7,8
20/11/2010,24,29,3,4
20/11/2010,20,16,7,2
20/11/2010,11,15,5,0
20/11/2010,7,26,4,2
20/11/2010,19,9,5,2
20/11/2010,17,30,3,4
20/11/2010,5,12,5,4
20/11/2010,22,27,3,4
20/11/2010,21,3,5,1
21/11/2010,7,14,1,2
21/11/2010,30,3,2,5
21/11/2010,19,1,3,2
21/11/2010,28,29,0,3
21/11/2010,23,16,1,7
21/11/2010,25,21,3,4
21/11/2010,15,4,4,5
21/11/2010,8,10,2,0
21/11/2010,11,2,2,1
21/11/2010,12,18,1,2
21/11/2010,2,13,1,4
21/11/2010,6,26,3,4
21/11/2010,17,20,5,4
22/11/2010,23,27,2,3
22/11/2010,24,22,2,4
23/11/2010,1,15,5,0
23/11/2010,29,18,2,0
23/11/2010,14,6,3,1
23/11/2010,13,5,2,3
23/11/2010,9,26,3,2
23/11/2010,3,20,2,1
23/11/2010,10,25,4,1
23/11/2010,4,8,3,2
24/11/2010,27,22,5,0
25/11/2010,23,21,4,2
25/11/2010,13,6,1,3
25/11/2010,14,3,5,3
25/11/2010,12,15,2,3
25/11/2010,30,4,1,6
25/11/2010,8,26,4,1
25/11/2010,9,25,1,2
25/11/2010,7,5,0,1
25/11/2010,2,29,3,4
25/11/2010,28,16,5,2
25/11/2010,11,17,5,1
25/11/2010,1,20,2,1
25/11/2010,18,19,1,2
26/11/2010,22,21,3,2
26/11/2010,15,14,6,0
26/11/2010,6,12,0,3
26/11/2010,24,16,1,4
26/11/2010,5,9,2,1
26/11/2010,4,20,2,3
26/11/2010,30,18,5,2
26/11/2010,2,1,2,0
27/11/2010,29,17,1,2
27/11/2010,25,19,3,2
27/11/2010,1,4,2,1
27/11/2010,11,8,3,0
27/11/2010,5,20,4,1
27/11/2010,13,3,0,3
27/11/2010,23,28,6,1
27/11/2010,7,10,3,1
28/11/2010,8,7,3,1
28/11/2010,14,13,3,4
28/11/2010,9,10,3,0
28/11/2010,11,6,4,1
28/11/2010,27,24,4,6
28/11/2010,21,30,7,4
28/11/2010,15,12,3,2
28/11/2010,17,29,4,2
28/11/2010,19,25,1,2
28/11/2010,22,28,3,4
28/11/2010,18,3,1,2
28/11/2010,26,16,1,2
30/11/2010,24,26,2,0
30/11/2010,9,22,1,4
30/11/2010,12,25,1,4
30/11/2010,20,30,3,0
30/11/2010,3,5,1,3
01/12/2010,10,14,3,4
01/12/2010,28,17,3,5
01/12/2010,16,19,7,5
01/12/2010,21,11,2,3
01/12/2010,18,27,3,0
02/12/2010,8,22,3,4
02/12/2010,20,23,2,7
02/12/2010,19,15,1,4
02/12/2010,4,6,0,3
02/12/2010,30,27,2,4
02/12/2010,24,13,5,3
02/12/2010,29,18,3,4
03/12/2010,2,3,5,6
03/12/2010,6,14,8,1
03/12/2010,25,15,2,1
03/12/2010,9,28,0,4
03/12/2010,26,13,3,2
03/12/2010,1,8,1,5
03/12/2010,10,22,0,5
03/12/2010,5,11,3,2
04/12/2010,4,1,5,3
04/12/2010,8,28,3,1
04/12/2010,24,17,0,4
04/12/2010,7,29,5,0
04/12/2010,30,20,2,3
04/12/2010,12,21,2,1
04/12/2010,16,23,0,3
04/12/2010,3,2,2,0
05/12/2010,10,6,3,2
05/12/2010,18,12,5,2
05/12/2010,2,4,2,3
05/12/2010,3,9,1,3
05/12/2010,15,11,1,3
05/12/2010,25,30,4,3
05/12/2010,9,7,0,1
05/12/2010,14,21,6,5
05/12/2010,29,5,2,7
05/12/2010,26,17,3,2
05/12/2010,22,19,2,1
05/12/2010,27,13,1,2
06/12/2010,23,19,2,3
06/12/2010,16,20,4,2
06/12/2010,24,27,0,3
07/12/2010,5,1,2,1
07/12/2010,17,28,2,5
07/12/2010,15,10,4,5
07/12/2010,11,18,3,2
07/12/2010,29,25,3,2
08/12/2010,22,24,2,3
08/12/2010,6,7,3,2
08/12/2010,20,14,4,2
08/12/2010,13,21,4,3
08/12/2010,8,9,4,1
09/12/2010,16,25,5,3
09/12/2010,17,18,2,3
09/12/2010,23,24,5,4
09/12/2010,5,10,5,2
09/12/2010,4,28,4,5
10/12/2010,9,3,3,5
10/12/2010,15,13,0,3
10/12/2010,27,30,2,3
10/12/2010,7,28,6,3
10/12/2010,26,20,2,1
10/12/2010,6,2,5,2
10/12/2010,10,4,1,4
10/12/2010,19,29,4,1
11/12/2010,24,20,3,2
11/12/2010,17,8,4,2
11/12/2010,25,12,2,1
11/12/2010,9,1,3,2
11/12/2010,11,21,2,4
11/12/2010,22,14,4,3
12/12/2010,10,8,3,1
12/12/2010,23,14,4,5
12/12/2010,19,12,1,2
12/12/2010,29,3,3,1
12/12/2010,26,30,2,3
12/12/2010,1,17,1,4
12/12/2010,6,4,1,2
12/12/2010,7,5,2,5
12/12/2010,27,25,5,2
12/12/2010,2,11,4,5
12/12/2010,28,16,2,1
12/12/2010,18,13,3,0
12/12/2010,15,21,2,3
13/12/2010,3,15,7,0
13/12/2010,22,23,1,2
13/12/2010,24,30,6,2
14/12/2010,28,25,2,3
14/12/2010,20,29,3,2
14/12/2010,9,11,3,4
14/12/2010,21,16,7,5
14/12/2010,18,2,5,0
14/12/2010,17,26,0,5
15/12/2010,22,10,1,4
15/12/2010,4,5,3,2
16/12/2010,8,4,3,5
16/12/2010,5,3,1,4
16/12/2010,16,21,3,4
16/12/2010,14,11,2,1
16/12/2010,17,19,5,2
16/12/2010,1,27,3,0
16/12/2010,18,28,3,2
16/12/2010,23,29,3,2
16/12/2010,7,6,3,2
16/12/2010,13,12,3,4
16/12/2010,15,24,1,2
17/12/2010,11,12,2,3
17/12/2010,19,26,6,4
17/12/2010,25,28,3,4
17/12/2010,2,24,3,2
17/12/2010,22,29,6,3
17/12/2010,20,10,5,2
17/12/2010,8,6,4,3
17/12/2010,3,27,4,3
17/12/2010,30,9,1,3
18/12/2010,4,3,4,1
18/12/2010,13,7,6,2
18/12/2010,21,9,6,5
18/12/2010,1,18,1,3
18/12/2010,16,17,4,1
19/12/2010,2,27,3,4
19/12/2010,6,15,3,2
19/12/2010,29,25,1,2
19/12/2010,18,26,1,6
19/12/2010,14,7,3,1
19/12/2010,11,1,7,1
19/12/2010,19,28,1,4
19/12/2010,20,30,1,3
19/12/2010,17,25,3,4
19/12/2010,23,10,4,1
19/12/2010,12,24,4,2
20/12/2010,21,8,3,2
20/12/2010,9,15,2,3
20/12/2010,16,26,3,2
21/12/2010,4,13,0,5
21/12/2010,30,20,4,1
21/12/2010,5,27,6,1
21/12/2010,19,23,1,3
21/12/2010,10,11,3,6
21/12/2010,14,12,5,1
21/12/2010,6,24,0,3
22/12/2010,11,19,2,4
22/12/2010,21,26,0,5
22/12/2010,28,22,2,1
22/12/2010,29,20,3,1
22/12/2010,7,24,5,2
22/12/2010,15,1,5,1
22/12/2010,25,8,5,2
23/12/2010,2,14,2,1
23/12/2010,5,13,5,2
23/12/2010,16,18,4,1
23/12/2010,17,23,5,4
24/12/2010,19,17,4,3
24/12/2010,25,20,2,3
24/12/2010,18,9,1,2
24/12/2010,7,13,3,4
24/12/2010,12,8,2,3
24/12/2010,6,11,4,1
24/12/2010,3,14,3,4
24/12/2010,28,27,4,1
24/12/2010,1,2,1,5
24/12/2010,15,5,2,3
24/12/2010,21,30,1,3
24/12/2010,26,22,3,2
24/12/2010,29,23,3,7
27/12/2010,23,22,3,2
27/12/2010,30,17,1,4
27/12/2010,12,15,2,3
27/12/2010,11,14,2,3
27/12/2010,19,18,2,0
27/12/2010,16,29,4,1
27/12/2010,1,10,1,4
27/12/2010,2,8,4,1
27/12/2010,25,27,0,1
27/12/2010,26,24,4,1
27/12/2010,9,5,3,1
28/12/2010,3,2,7,2
28/12/2010,21,17,3,4
28/12/2010,20,7,5,2
28/12/2010,28,26,0,4
28/12/2010,13,6,2,3
28/12/2010,29,30,4,3
29/12/2010,10,12,3,4
29/12/2010,22,7,2,4
29/12/2010,19,16,3,1
29/12/2010,15,8,3,0
29/12/2010,18,25,2,4
29/12/2010,5,11,6,3
29/12/2010,23,4,6,2
29/12/2010,14,6,3,4
29/12/2010,27,24,1,3
30/12/2010,30,28,5,3
30/12/2010,2,5,2,1
30/12/2010,27,26,6,3
30/12/2010,9,12,0,4
30/12/2010,1,3,1,3
30/12/2010,25,17,3,7
31/12/2010,10,29,2,3
31/12/2010,14,8,4,1
31/12/2010,13,8,2,3
31/12/2010,22,21,3,4
31/12/2010,1,11,3,1
31/12/2010,26,4,4,7
31/12/2010,11,6,3,2
31/12/2010,16,28,3,5
31/12/2010,30,18,1,4
01/01/2011,19,27,4,3
01/01/2011,17,2,3,4
01/01/2011,29,9,4,3
01/01/2011,24,4,5,2
01/01/2011,25,23,1,4
01/01/2011,20,21,3,2
02/01/2011,14,3,2,1
02/01/2011,9,10,1,5
02/01/2011,17,4,2,3
02/01/2011,12,1,6,3
02/01/2011,22,20,1,2
02/01/2011,26,28,0,1
02/01/2011,5,15,1,3
02/01/2011,7,6,7,6
02/01/2011,8,11,3,4
02/01/2011,30,27,6,5
02/01/2011,19,25,2,4
02/01/2011,13,3,3,0
02/01/2011,18,29,4,1
03/01/2011,21,23,1,2
03/01/2011,24,16,2,1
04/01/2011,12,13,3,4
04/01/2011,20,2,2,5
04/01/2011,26,16,3,4
04/01/2011,10,6,1,2
04/01/2011,28,23,3,4
05/01/2011,22,17,3,5
05/01/2011,27,29,4,2
05/01/2011,1,30,1,2
05/01/2011,21,7,4,3
05/01/2011,15,14,0,1
06/01/2011,23,20,3,1
06/01/2011,16,25,2,4
06/01/2011,3,12,2,1
06/01/2011,5,14,8,1
06/01/2011,13,11,2,3
06/01/2011,24,18,1,4
07/01/2011,22,2,2,1
07/01/2011,28,7,0,3
07/01/2011,10,19,6,5
07/01/2011,8,5,2,1
07/01/2011,26,18,2,5
07/01/2011,1,4,2,4
07/01/2011,6,30,1,3
07/01/2011,21,27,0,2
08/01/2011,24,29,6,0
08/01/2011,11,10,3,9
08/01/2011,20,17,4,5
08/01/2011,25,3,2,3
08/01/2011,4,1,2,1
08/01/2011,16,9,3,2
08/01/2011,21,2,3,4
08/01/2011,13,12,3,5
08/01/2011,23,22,6,1
09/01/2011,19,3,1,2
09/01/2011,9,14,1,2
09/01/2011,12,11,4,3
09/01/2011,27,7,1,2
09/01/2011,23,17,1,2
09/01/2011,15,13,3,2
09/01/2011,5,30,0,4
09/01/2011,30,25,0,4
09/01/2011,8,6,3,2
09/01/2011,28,18,1,2
09/01/2011,1,14,6,3
09/01/2011,26,29,6,4
10/01/2011,16,2,5,0
10/01/2011,24,28,1,0
11/01/2011,21,17,5,4
11/01/2011,19,27,3,4
11/01/2011,26,10,2,3
11/01/2011,5,6,2,4
12/01/2011,29,27,3,4
12/01/2011,6,9,6,0
12/01/2011,12,20,6,5
12/01/2011,18,30,5,1
12/01/2011,2,23,3,4
12/01/2011,28,10,2,4
12/01/2011,13,15,4,3
12/01/2011,7,4,2,5
12/01/2011,3,8,1,2
12/01/2011,25,22,3,2
13/01/2011,8,5,2,5
13/01/2011,16,21,4,0
13/01/2011,24,19,7,4
13/01/2011,14,15,3,0
14/01/2011,26,19,1,3
14/01/2011,7,12,3,2
14/01/2011,27,10,5,1
14/01/2011,28,22,2,5
14/01/2011,3,23,1,0
14/01/2011,6,4,7,5
14/01/2011,2,9,4,6
14/01/2011,13,18,3,2
15/01/2011,6,5,2,3
15/01/2011,14,1,2,5
15/01/2011,29,17,3,2
15/01/2011,9,20,2,3
15/01/2011,30,21,1,4
15/01/2011,11,4,2,5
15/01/2011,15,23,2,4
16/01/2011,30,23,4,0
16/01/2011,15,9,3,1
16/01/2011,26,22,5,2
16/01/2011,8,3,3,2
16/01/2011,12,14,6,4
16/01/2011,28,19,4,2
16/01/2011,2,7,5,3
16/01/2011,27,24,6,2
16/01/2011,25,11,6,1
16/01/2011,18,16,3,2
16/01/2011,17,29,6,5
16/01/2011,13,1,3,2
16/01/2011,10,20,1,2
17/01/2011,6,12,7,0
17/01/2011,27,28,2,4
17/01/2011,16,18,6,3
17/01/2011,2,1,2,5
17/01/2011,3,4,2,3
17/01/2011,24,22,3,2
18/01/2011,13,11,2,3
18/01/2011,25,26,2,1
18/01/2011,8,20,5,4
19/01/2011,22,30,1,4
19/01/2011,4,15,3,2
19/01/2011,14,29,3,2
19/01/2011,7,8,2,1
19/01/2011,9,24,1,2
19/01/2011,19,26,2,1
19/01/2011,12,6,2,3
19/01/2011,5,17,4,1
19/01/2011,27,18,2,5
19/01/2011,21,23,4,3
20/01/2011,13,29,2,3
20/01/2011,20,30,0,6
20/01/2011,3,10,7,0
21/01/2011,23,28,1,2
21/01/2011,11,14,2,3
21/01/2011,26,27,0,2
21/01/2011,1,5,2,0
21/01/2011,6,7,2,4
21/01/2011,19,17,3,4
21/01/2011,4,9,6,2
21/01/2011,21,18,1,5
21/01/2011,2,15,1,2
21/01/2011,12,3,4,1
21/01/2011,22,25,2,4
21/01/2011,10,24,5,2
22/01/2011,17,16,1,4
22/01/2011,20,25,7,4
22/01/2011,4,1,1,3
22/01/2011,7,2,2,5
22/01/2011,9,8,1,7
22/01/2011,13,14,1,2
22/01/2011,21,6,2,6
23/01/2011,16,4,1,4
23/01/2011,27,26,3,4
23/01/2011,8,24,3,4
23/01/2011,28,30,4,3
23/01/2011,1,13,5,2
23/01/2011,23,20,3,4
23/01/2011,10,15,1,4
23/01/2011,11,3,2,3
23/01/2011,5,12,3,2
23/01/2011,2,7,3,5
23/01/2011,14,11,7,1
23/01/2011,19,29,2,5
24/01/2011,22,18,2,3
25/01/2011,15,3,1,2
25/01/2011,23,25,7,1
25/01/2011,20,18,3,1
25/01/2011,21,19,4,3
25/01/2011,26,6,2,0
25/01/2011,12,10,6,4
26/01/2011,9,7,2,3
26/01/2011,5,2,1,0
26/01/2011,3,13,3,4
26/01/2011,27,22,3,4
26/01/2011,16,30,2,4
26/01/2011,4,8,5,2
26/01/2011,14,10,2,0
26/01/2011,29,24,2,3
27/01/2011,23,18,2,1
27/01/2011,20,19,4,1
27/01/2011,6,13,2,1
27/01/2011,21,27,2,5
27/01/2011,17,1,3,1
27/01/2011,2,12,2,4
27/01/2011,25,22,3,1
27/01/2011,11,15,1,0
27/01/2011,26,28,3,2
02/02/2011,12,6,2,3
02/02/2011,30,26,1,0
02/02/2011,1,9,2,1
02/02/2011,3,5,3,4
02/02/2011,29,16,4,7
02/02/2011,11,2,1,4
02/02/2011,14,4,4,0
02/02/2011,18,20,2,3
02/02/2011,25,23,1,4
02/02/2011,28,27,5,3
02/02/2011,15,8,2,3
02/02/2011,10,13,4,3
03/02/2011,8,13,3,2
03/02/2011,24,28,3,4
03/02/2011,27,23,0,6
03/02/2011,9,17,5,7
03/02/2011,22,26,1,3
03/02/2011,5,2,3,0
04/02/2011,6,25,6,3
04/02/2011,11,20,2,4
04/02/2011,21,30,3,4
04/02/2011,4,18,3,2
04/02/2011,10,12,3,0
04/02/2011,3,1,2,3
05/02/2011,8,3,2,0
05/02/2011,19,22,5,3
05/02/2011,1,13,3,4
05/02/2011,6,28,0,2
05/02/2011,17,29,0,3
05/02/2011,14,15,2,5
05/02/2011,23,16,4,3
05/02/2011,21,24,0,3
05/02/2011,5,7,3,2
06/02/2011,27,30,1,0
06/02/2011,2,9,5,3
06/02/2011,15,5,3,0
06/02/2011,4,25,3,1
06/02/2011,8,1,1,4
06/02/2011,20,26,3,4
06/02/2011,14,19,4,3
06/02/2011,18,17,3,0
06/02/2011,7,10,6,2
06/02/2011,12,11,4,3
06/02/2011,29,22,4,3
08/02/2011,27,21,3,0
08/02/2011,23,9,4,2
08/02/2011,20,16,3,1
08/02/2011,18,22,0,4
08/02/2011,17,3,3,2
08/02/2011,10,11,5,4
09/02/2011,2,10,3,5
09/02/2011,5,29,1,4
09/02/2011,14,7,4,7
09/02/2011,15,28,0,2
09/02/2011,1,12,3,2
09/02/2011,13,19,1,2
10/02/2011,6,8,8,6
10/02/2011,30,21,3,2
10/02/2011,20,9,5,2
10/02/2011,23,24,3,4
10/02/2011,25,27,2,3
10/02/2011,29,28,2,3
10/02/2011,17,18,1,4
10/02/2011,22,16,1,4
11/02/2011,10,1,1,2
11/02/2011,5,26,2,1
11/02/2011,13,7,2,3
11/02/2011,8,2,3,4
11/02/2011,4,12,2,1
12/02/2011,15,26,1,4
12/02/2011,1,28,2,1
12/02/2011,22,9,3,5
12/02/2011,2,5,9,3
12/02/2011,29,21,3,1
12/02/2011,20,24,4,5
12/02/2011,19,30,4,5
12/02/2011,11,3,3,2
12/02/2011,6,17,1,6
12/02/2011,25,16,4,3
13/02/2011,30,19,3,1
13/02/2011,7,2,6,7
13/02/2011,18,21,5,3
13/02/2011,23,20,4,2
13/02/2011,11,12,2,3
13/02/2011,3,5,5,3
13/02/2011,4,26,0,1
13/02/2011,17,6,4,2
13/02/2011,8,10,3,0
13/02/2011,27,16,3,2
13/02/2011,13,28,3,2
13/02/2011,25,29,1,2
13/02/2011,14,12,4,3
14/02/2011,22,24,0,4
15/02/2011,21,20,1,9
15/02/2011,19,23,3,2
15/02/2011,27,15,3,2
16/02/2011,14,4,3,4
16/02/2011,8,7,2,3
16/02/2011,6,10,3,4
16/02/2011,30,23,1,4
16/02/2011,9,2,3,4
16/02/2011,22,25,4,1
16/02/2011,18,28,1,2
17/02/2011,1,12,3,2
17/02/2011,20,25,4,2
17/02/2011,24,15,6,7
17/02/2011,29,26,3,4
17/02/2011,16,30,3,1
17/02/2011,13,4,2,4
17/02/2011,21,5,2,3
17/02/2011,7,10,1,2
18/02/2011,22,8,4,1
18/02/2011,18,23,3,1
18/02/2011,3,26,4,3
18/02/2011,27,11,4,3
18/02/2011,14,17,2,6
18/02/2011,28,15,3,2
18/02/2011,2,6,3,6
19/02/2011,1,3,1,0
19/02/2011,9,6,2,4
19/02/2011,7,19,0,3
19/02/2011,30,24,5,1
19/02/2011,16,29,3,4
19/02/2011,12,4,3,2
19/02/2011,13,17,3,4
19/02/2011,22,11,5,3
20/02/2011,16,5,3,2
20/02/2011,20,8,4,0
20/02/2011,30,17,1,2
20/02/2011,7,15,1,2
20/02/2011,3,4,2,4
20/02/2011,10,9,0,1
20/02/2011,23,25,5,2
20/02/2011,19,24,9,3
20/02/2011,12,1,1,4
20/02/2011,2,26,3,0
20/02/2011,14,13,2,3
20/02/2011,28,21,4,0
20/02/2011,18,27,2,3
21/02/2011,2,13,5,1
21/02/2011,19,16,3,5
22/02/2011,5,15,0,1
23/02/2011,12,3,3,4
23/02/2011,17,28,3,4
23/02/2011,30,22,4,1
23/02/2011,29,18,4,0
23/02/2011,4,27,2,3
23/02/2011,25,1,0,1
23/02/2011,10,2,2,1
23/02/2011,23,8,2,3
23/02/2011,19,21,3,4
23/02/2011,20,6,1,3
24/02/2011,24,26,2,3
24/02/2011,21,22,1,5
24/02/2011,9,13,5,1
24/02/2011,7,11,4,1
24/02/2011,5,28,2,3
24/02/2011,14,27,8,3
25/02/2011,26,30,4,2
25/02/2011,4,2,4,3
25/02/2011,18,16,0,3
25/02/2011,8,10,4,5
25/02/2011,17,25,1,4
25/02/2011,23,19,3,2
26/02/2011,7,9,4,2
26/02/2011,20,28,3,4
26/02/2011,24,30,2,3
26/02/2011,12,5,4,1
26/02/2011,11,13,1,2
26/02/2011,25,18,3,2
26/02/2011,15,3,0,6
26/02/2011,14,1,2,1
26/02/2011,29,27,5,3
26/02/2011,26,21,4,3
26/02/2011,22,19,0,5
27/02/2011,8,12,4,3
27/02/2011,13,1,1,2
27/02/2011,3,14,1,2
27/02/2011,11,10,3,2
27/02/2011,7,17,2,3
27/02/2011,23,6,1,3
27/02/2011,2,15,2,3
27/02/2011,18,29,3,2
27/02/2011,9,4,4,1
27/02/2011,10,5,5,6
28/02/2011,20,19,1,0
28/02/2011,22,6,2,3
28/02/2011,24,21,3,2
28/02/2011,16,27,4,3
01/03/2011,30,16,2,4
01/03/2011,26,17,4,7
02/03/2011,15,2,2,1
02/03/2011,22,18,2,1
02/03/2011,23,29,2,1
02/03/2011,28,21,2,1
02/03/2011,3,7,2,3
02/03/2011,12,13,2,1
02/03/2011,9,6,0,1
02/03/2011,19,20,0,6
02/03/2011,27,25,2,3
02/03/2011,11,8,1,3
03/03/2011,16,20,6,4
03/03/2011,1,14,2,1
03/03/2011,24,17,2,1
03/03/2011,2,30,4,1
03/03/2011,10,5,3,2
04/03/2011,26,27,1,0
04/03/2011,6,14,2,1
04/03/2011,13,8,0,4
04/03/2011,22,29,4,2
04/03/2011,3,30,1,3
04/03/2011,11,9,1,3
04/03/2011,23,18,0,3
04/03/2011,15,19,3,2
04/03/2011,4,10,2,3
04/03/2011,12,7,3,2
04/03/2011,28,17,3,1
05/03/2011,4,7,3,5
05/03/2011,20,29,4,3
05/03/2011,26,23,1,3
05/03/2011,16,12,5,2
05/03/2011,1,5,2,1
05/03/2011,9,3,1,4
05/03/2011,2,19,5,2
05/03/2011,24,25,4,3
06/03/2011,10,16,3,5
06/03/2011,6,5,2,3
06/03/2011,14,8,2,4
06/03/2011,21,22,1,5
06/03/2011,13,15,2,3
06/03/2011,27,17,5,4
06/03/2011,11,13,4,3
06/03/2011,30,7,2,3
06/03/2011,2,1,2,3
06/03/2011,3,4,7,0
06/03/2011,28,25,2,3
07/03/2011,20,18,3,2
07/03/2011,24,23,0,3
08/03/2011,14,15,1,2
08/03/2011,19,29,5,4
08/03/2011,26,25,3,4
09/03/2011,5,7,3,1
09/03/2011,1,9,1,2
09/03/2011,4,22,4,1
09/03/2011,8,6,4,1
09/03/2011,13,16,3,2
09/03/2011,27,23,3,4
09/03/2011,30,21,5,2
09/03/2011,2,10,4,3
09/03/2011,28,18,3,2
10/03/2011,29,19,3,4
10/03/2011,17,26,1,2
10/03/2011,12,11,2,3
10/03/2011,15,22,5,0
10/03/2011,24,3,5,2
10/03/2011,25,20,3,4
10/03/2011,14,16,4,3
11/03/2011,10,4,2,3
11/03/2011,18,30,4,0
11/03/2011,6,7,3,4
11/03/2011,13,9,1,2
11/03/2011,27,20,3,0
11/03/2011,28,23,4,5
11/03/2011,19,8,4,1
12/03/2011,17,22,2,1
12/03/2011,15,12,2,1
12/03/2011,29,26,2,4
12/03/2011,14,9,1,2
12/03/2011,5,8,0,3
12/03/2011,11,1,2,3
12/03/2011,25,30,4,0
12/03/2011,2,6,4,2
12/03/2011,21,24,2,6
13/03/2011,25,26,2,3
13/03/2011,7,9,6,4
13/03/2011,10,7,4,3
13/03/2011,28,3,2,3
13/03/2011,4,11,4,5
13/03/2011,5,22,5,1
13/03/2011,13,14,4,3
13/03/2011,12,29,2,3
13/03/2011,20,23,3,4
13/03/2011,15,16,4,3
13/03/2011,18,21,4,2
13/03/2011,19,17,3,5
13/03/2011,1,2,3,2
14/03/2011,24,27,2,5
14/03/2011,10,14,2,6
15/03/2011,23,30,4,2
15/03/2011,3,2,6,3
15/03/2011,13,4,2,3
15/03/2011,29,6,2,3
15/03/2011,8,15,2,4
15/03/2011,1,11,4,2
15/03/2011,16,28,6,3
15/03/2011,7,12,0,1
15/03/2011,9,5,1,5
16/03/2011,25,28,3,6
16/03/2011,20,27,3,4
16/03/2011,12,10,1,3
16/03/2011,18,26,2,4
16/03/2011,17,15,3,2
17/03/2011,29,17,0,2
17/03/2011,9,1,3,1
17/03/2011,11,4,4,3
17/03/2011,24,19,2,1
17/03/2011,8,14,3,2
17/03/2011,13,10,4,0
17/03/2011,23,21,4,2
18/03/2011,26,19,0,4
18/03/2011,25,16,5,0
18/03/2011,28,30,3,2
18/03/2011,18,6,4,3
18/03/2011,20,21,5,2
18/03/2011,22,27,1,3
18/03/2011,3,8,6,3
18/03/2011,12,2,3,2
18/03/2011,1,15,0,3
19/03/2011,30,29,4,5
19/03/2011,10,6,5,2
19/03/2011,9,14,3,2
19/03/2011,7,11,8,2
19/03/2011,13,2,3,4
19/03/2011,23,27,1,3
20/03/2011,18,17,3,1
20/03/2011,5,3,2,5
20/03/2011,28,19,5,3
20/03/2011,30,8,1,8
20/03/2011,7,18,3,4
20/03/2011,25,4,2,3
20/03/2011,29,1,0,3
20/03/2011,22,21,2,3
20/03/2011,26,24,1,2
21/03/2011,27,16,1,2
21/03/2011,24,20,5,4
21/03/2011,17,5,4,5
22/03/2011,4,15,4,5
22/03/2011,14,2,2,5
22/03/2011,8,7,0,2
22/03/2011,26,20,2,1
22/03/2011,6,1,4,1
22/03/2011,3,13,1,0
22/03/2011,12,9,4,3
23/03/2011,27,19,2,1
23/03/2011,17,23,1,2
23/03/2011,21,29,5,4
23/03/2011,30,10,0,3
23/03/2011,18,22,3,1
24/03/2011,25,24,3,4
24/03/2011,16,13,4,0
24/03/2011,6,8,7,0
24/03/2011,2,11,1,2
24/03/2011,28,20,6,3
24/03/2011,3,9,1,2
24/03/2011,4,5,1,2
25/03/2011,19,22,4,0
25/03/2011,18,24,5,4
25/03/2011,26,28,4,3
25/03/2011,9,15,2,0
25/03/2011,7,13,4,2
25/03/2011,11,23,1,3
25/03/2011,5,1,1,0
25/03/2011,14,12,3,4
25/03/2011,27,29,3,0
25/03/2011,21,10,3,4
26/03/2011,26,21,4,1
26/03/2011,17,10,4,2
26/03/2011,7,1,2,0
26/03/2011,2,4,1,4
26/03/2011,8,15,0,2
26/03/2011,12,14,2,4
26/03/2011,6,3,0,1
27/03/2011,18,25,4,2
27/03/2011,22,20,4,5
27/03/2011,30,19,3,6
27/03/2011,4,6,1,2
27/03/2011,29,23,1,4
27/03/2011,27,28,1,4
27/03/2011,11,9,5,4
27/03/2011,5,13,2,1
27/03/2011,16,24,1,2
28/03/2011,17,16,2,3
29/03/2011,10,7,4,3
29/03/2011,14,9,5,2
29/03/2011,5,4,2,5
29/03/2011,15,12,2,3
29/03/2011,8,11,3,1
29/03/2011,24,21,5,4
29/03/2011,29,13,3,2
29/03/2011,6,16,3,0
30/03/2011,22,26,0,2
30/03/2011,19,30,2,3
30/03/2011,27,25,2,1
30/03/2011,1,2,3,2
30/03/2011,18,23,1,3
30/03/2011,12,8,6,2
30/03/2011,17,19,3,10
30/03/2011,7,3,1,0
31/03/2011,20,24,2,4
31/03/2011,13,9,1,4
31/03/2011,6,10,3,4
31/03/2011,4,11,0,1
31/03/2011,14,5,2,1
31/03/2011,15,29,4,3
31/03/2011,2,3,6,2
01/04/2011,1,4,4,2
01/04/2011,28,25,6,0
01/04/2011,30,22,4,2
01/04/2011,21,18,2,3
01/04/2011,23,26,3,1
01/04/2011,29,16,3,4
02/04/2011,30,14,1,3
02/04/2011,13,5,2,4
02/04/2011,26,25,3,1
02/04/2011,18,17,3,4
02/04/2011,19,20,2,3
02/04/2011,6,11,3,2
02/04/2011,1,8,1,3
02/04/2011,9,10,2,4
02/04/2011,15,7,5,4
02/04/2011,2,12,2,4
02/04/2011,27,21,3,4
03/04/2011,16,14,0,2
03/04/2011,29,19,1,6
03/04/2011,28,24,4,2
03/04/2011,4,3,2,3
03/04/2011,17,30,4,2
03/04/2011,12,7,1,2
03/04/2011,23,22,1,4
04/04/2011,3,6,5,3
04/04/2011,21,20,1,2
04/04/2011,24,25,3,4
05/04/2011,7,14,4,2
05/04/2011,9,4,5,2
05/04/2011,8,16,2,1
05/04/2011,28,26,6,1
05/04/2011,10,15,2,3
05/04/2011,5,1,4,2
06/04/2011,19,21,3,1
06/04/2011,12,17,3,0
06/04/2011,18,11,6,3
06/04/2011,1,10,4,2
06/04/2011,6,2,3,2
06/04/2011,22,23,2,0
06/04/2011,25,29,3,0
06/04/2011,15,13,5,2
07/04/2011,16,19,4,3
07/04/2011,20,22,6,1
07/04/2011,9,8,3,2
07/04/2011,3,11,0,3
07/04/2011,24,28,6,2
07/04/2011,26,27,3,2
08/04/2011,17,16,2,4
08/04/2011,14,13,4,2
08/04/2011,23,30,5,0
08/04/2011,2,5,3,4
08/04/2011,11,12,1,6
08/04/2011,25,21,4,2
08/04/2011,7,4,4,3
09/04/2011,29,7,4,5
09/04/2011,18,29,4,1
09/04/2011,6,9,3,1
09/04/2011,22,30,1,3
09/04/2011,10,8,1,4
09/04/2011,27,28,4,3
09/04/2011,21,25,2,3
09/04/2011,13,15,1,0
09/04/2011,24,26,2,1
09/04/2011,3,1,5,2
09/04/2011,4,2,7,4
09/04/2011,12,14,2,6
10/04/2011,30,25,5,3
10/04/2011,28,27,3,1
10/04/2011,20,23,2,3
10/04/2011,1,6,3,2
10/04/2011,16,17,3,4
10/04/2011,26,24,1,3
10/04/2011,11,5,2,5
10/04/2011,21,22,4,3
10/04/2011,19,18,2,0
13/04/2011,5,14,3,0
13/04/2011,15,3,2,1
13/04/2011,17,27,4,2
14/04/2011,23,16,2,0
14/04/2011,24,18,1,4
14/04/2011,6,8,0,2
14/04/2011,4,7,0,1
15/04/2011,28,26,3,2
15/04/2011,5,14,1,5
15/04/2011,15,3,2,0
16/04/2011,23,16,4,3
16/04/2011,24,18,5,3
16/04/2011,6,8,1,3
16/04/2011,4,7,5,4
16/04/2011,17,27,4,3
17/04/2011,28,26,0,4
17/04/2011,18,24,4,3
17/04/2011,3,15,3,2
18/04/2011,16,23,2,3
18/04/2011,14,5,2,3
18/04/2011,8,6,2,4
18/04/2011,7,4,2,4
19/04/2011,27,17,2,4
20/04/2011,26,28,5,6
20/04/2011,16,23,7,2
20/04/2011,14,5,2,3
20/04/2011,3,15,3,4
20/04/2011,7,4,1,0
21/04/2011,18,24,3,6
21/04/2011,8,6,4,5
21/04/2011,27,17,3,6
22/04/2011,26,28,3,6
22/04/2011,23,16,0,5
22/04/2011,4,7,3,4
23/04/2011,24,18,3,4
23/04/2011,5,14,2,8
23/04/2011,15,3,3,1
23/04/2011,6,8,2,1
24/04/2011,28,26,1,3
24/04/2011,16,23,4,3
24/04/2011,18,24,4,2
24/04/2011,7,4,4,5
25/04/2011,14,5,4,2
26/04/2011,26,28,3,4
26/04/2011,8,6,2,1
26/04/2011,4,7,5,2
27/04/2011,23,16,2,1
27/04/2011,6,8,4,3
28/04/2011,5,14,0,1
29/04/2011,23,18,1,0
29/04/2011,15,14,2,4
30/04/2011,28,17,2,1
30/04/2011,4,6,3,7
01/05/2011,28,17,2,1
01/05/2011,23,18,1,2
01/05/2011,15,14,2,3
02/05/2011,4,6,2,3
03/05/2011,14,15,4,3
04/05/2011,18,23,2,3
04/05/2011,14,15,5,3
04/05/2011,6,4,5,1
05/05/2011,17,28,3,4
06/05/2011,17,28,4,3
06/05/2011,18,23,2,4
07/05/2011,6,4,5,1
08/05/2011,23,18,3,4
09/05/2011,28,17,3,4
10/05/2011,18,23,1,2
11/05/2011,17,28,3,1
13/05/2011,28,17,3,2
15/05/2011,6,14,2,5
16/05/2011,23,28,3,2
18/05/2011,6,14,6,5
19/05/2011,23,28,7,3
20/05/2011,14,6,0,2
21/05/2011,14,6,5,3
21/05/2011,28,23,4,3
22/05/2011,28,23,2,4
24/05/2011,6,14,3,1
25/05/2011,23,28,3,2
26/05/2011,14,6,5,4
28/05/2011,6,14,1,0
02/06/2011,23,6,1,0
05/06/2011,23,6,3,2
07/06/2011,6,23,8,1
09/06/2011,6,23,4,0
11/06/2011,23,6,1,0
14/06/2011,6,23,5,2
16/06/2011,23,6,0,4
06/10/2011,6,4,1,2
06/10/2011,10,8,2,0
07/10/2011,29,18,2,3
07/10/2011,23,5,3,4
07/10/2011,7,24,4,1
07/10/2011,17,9,5,3
07/10/2011,26,3,3,2
07/10/2011,12,14,1,5
08/10/2011,10,9,6,5
08/10/2011,25,16,2,1
08/10/2011,15,12,4,3
08/10/2011,1,4,0,3
08/10/2011,6,14,4,1
08/10/2011,24,3,2,1
08/10/2011,26,7,2,4
09/10/2011,16,25,5,2
09/10/2011,19,18,2,4
09/10/2011,52,8,1,5
09/10/2011,30,29,4,2
09/10/2011,21,17,0,3
09/10/2011,28,27,6,3
09/10/2011,2,13,0,2
09/10/2011,20,5,3,5
10/10/2011,19,20,5,2
10/10/2011,1,12,4,2
10/10/2011,25,27,2,1
10/10/2011,15,14,6,5
10/10/2011,2,30,2,1
10/10/2011,6,21,0,1
10/10/2011,22,5,2,1
10/10/2011,29,23,2,3
11/10/2011,5,13,4,2
11/10/2011,9,30,4,3
12/10/2011,4,23,5,4
12/10/2011,29,21,2,3
12/10/2011,12,6,3,2
13/10/2011,9,21,1,7
13/10/2011,8,20,1,4
13/10/2011,5,15,2,3
13/10/2011,1,26,2,1
13/10/2011,2,14,5,1
14/10/2011,25,19,3,2
14/10/2011,7,12,3,4
14/10/2011,17,23,2,0
14/10/2011,16,52,4,3
14/10/2011,18,27,2,5
14/10/2011,30,22,2,1
15/10/2011,27,52,4,1
15/10/2011,24,28,1,0
15/10/2011,2,3,4,2
15/10/2011,8,21,5,6
15/10/2011,15,9,2,1
15/10/2011,5,7,2,3
15/10/2011,4,26,2,3
15/10/2011,10,20,3,2
15/10/2011,13,14,3,2
16/10/2011,16,6,2,3
16/10/2011,30,17,2,3
16/10/2011,25,29,4,2
16/10/2011,18,1,2,3
16/10/2011,28,19,2,4
16/10/2011,22,23,3,4
17/10/2011,24,19,4,2
17/10/2011,14,13,4,7
17/10/2011,10,21,2,3
18/10/2011,30,5,2,4
18/10/2011,22,18,3,1
18/10/2011,29,25,2,3
18/10/2011,9,4,2,7
18/10/2011,6,12,1,4
18/10/2011,15,13,3,0
18/10/2011,8,7,1,3
18/10/2011,28,24,2,3
18/10/2011,52,5,2,1
19/10/2011,20,22,2,1
19/10/2011,23,3,0,4
19/10/2011,26,19,5,0
19/10/2011,27,16,2,5
19/10/2011,10,52,4,3
20/10/2011,14,2,4,1
20/10/2011,5,8,3,1
20/10/2011,6,10,6,2
20/10/2011,9,52,4,1
20/10/2011,4,15,2,5
20/10/2011,13,7,0,3
21/10/2011,27,26,0,2
21/10/2011,17,29,5,2
21/10/2011,22,30,1,2
21/10/2011,23,18,5,1
21/10/2011,1,28,3,4
21/10/2011,21,16,1,3
21/10/2011,20,3,2,3
22/10/2011,4,19,2,4
22/10/2011,24,25,1,3
22/10/2011,9,29,4,3
22/10/2011,15,17,7,1
22/10/2011,52,12,5,3
22/10/2011,20,18,0,2
22/10/2011,19,12,3,2
22/10/2011,6,28,2,4
22/10/2011,13,2,4,2
22/10/2011,23,30,3,2
22/10/2011,8,10,4,5
22/10/2011,14,7,3,0
22/10/2011,5,1,4,1
23/10/2011,26,25,1,0
23/10/2011,16,21,4,5
23/10/2011,22,3,2,0
24/10/2011,8,13,1,2
24/10/2011,24,27,4,5
24/10/2011,4,10,4,2
25/10/2011,12,9,2,3
25/10/2011,7,14,3,4
25/10/2011,2,5,0,3
25/10/2011,29,17,4,1
25/10/2011,52,3,1,2
26/10/2011,18,28,1,3
26/10/2011,27,25,2,3
26/10/2011,26,1,0,3
26/10/2011,16,24,3,2
26/10/2011,22,23,3,2
26/10/2011,8,4,5,1
27/10/2011,4,52,8,9
27/10/2011,3,10,2,4
27/10/2011,5,2,3,2
27/10/2011,9,13,4,3
27/10/2011,6,8,1,2
27/10/2011,7,29,4,2
27/10/2011,20,21,4,2
27/10/2011,23,19,0,3
28/10/2011,25,26,3,5
28/10/2011,17,28,2,4
28/10/2011,18,14,5,3
28/10/2011,12,16,3,0
28/10/2011,30,24,2,3
28/10/2011,27,1,5,3
28/10/2011,22,15,2,1
29/10/2011,10,5,4,3
29/10/2011,8,6,4,2
29/10/2011,21,22,1,3
29/10/2011,7,13,2,3
29/10/2011,4,12,5,1
29/10/2011,20,19,3,1
29/10/2011,3,9,4,5
29/10/2011,2,28,2,3
29/10/2011,14,52,1,0
30/10/2011,25,1,3,1
30/10/2011,27,26,3,2
30/10/2011,30,17,1,0
30/10/2011,29,24,3,1
30/10/2011,18,24,3,0
30/10/2011,16,29,5,2
30/10/2011,23,15,7,4
30/10/2011,9,10,3,2
31/10/2011,22,19,4,2
31/10/2011,3,28,5,2
31/10/2011,13,52,3,4
31/10/2011,21,26,3,2
01/11/2011,15,24,5,4
01/11/2011,12,14,4,2
01/11/2011,6,9,5,3
01/11/2011,16,18,5,4
01/11/2011,17,30,1,2
02/11/2011,7,4,2,3
02/11/2011,20,23,1,5
02/11/2011,1,10,3,5
03/11/2011,4,1,3,4
03/11/2011,13,16,2,3
03/11/2011,2,52,0,3
03/11/2011,21,27,1,4
03/11/2011,17,20,1,4
03/11/2011,3,24,2,1
03/11/2011,29,10,1,4
04/11/2011,12,15,1,5
04/11/2011,27,18,0,3
04/11/2011,26,22,0,3
04/11/2011,14,16,5,4
04/11/2011,9,8,1,2
04/11/2011,30,23,5,1
04/11/2011,28,5,4,3
04/11/2011,7,20,2,1
05/11/2011,19,23,3,2
05/11/2011,25,21,7,6
05/11/2011,2,15,5,3
05/11/2011,10,6,0,7
05/11/2011,4,29,9,2
05/11/2011,9,7,2,3
05/11/2011,1,52,3,2
05/11/2011,3,8,5,3
05/11/2011,17,24,5,0
06/11/2011,12,25,2,5
06/11/2011,26,5,2,3
06/11/2011,27,22,4,2
06/11/2011,30,19,2,1
06/11/2011,13,14,3,4
06/11/2011,28,18,3,4
07/11/2011,21,20,1,2
07/11/2011,16,23,2,6
07/11/2011,3,52,3,0
08/11/2011,28,26,4,2
08/11/2011,6,2,6,2
09/11/2011,7,52,6,5
09/11/2011,17,21,5,2
09/11/2011,19,16,3,0
09/11/2011,15,25,2,5
09/11/2011,26,18,4,3
09/11/2011,1,12,3,2
09/11/2011,10,13,1,5
09/11/2011,8,22,1,3
09/11/2011,20,30,0,3
10/11/2011,24,18,2,4
10/11/2011,14,4,2,1
10/11/2011,9,3,2,3
11/11/2011,28,30,3,1
11/11/2011,52,13,2,5
11/11/2011,21,2,4,3
11/11/2011,29,16,3,6
11/11/2011,19,10,2,3
11/11/2011,26,23,2,3
11/11/2011,27,8,2,3
11/11/2011,6,22,6,3
12/11/2011,1,15,1,3
12/11/2011,7,9,5,1
12/11/2011,16,20,4,1
12/11/2011,17,22,3,0
12/11/2011,24,23,4,3
12/11/2011,5,25,3,1
12/11/2011,3,12,5,1
13/11/2011,28,27,0,3
13/11/2011,19,14,3,0
13/11/2011,17,25,5,2
13/11/2011,13,4,2,3
13/11/2011,10,9,2,5
13/11/2011,21,20,3,4
13/11/2011,18,8,1,2
13/11/2011,15,1,2,3
13/11/2011,26,30,5,2
13/11/2011,29,52,2,1
13/11/2011,6,7,6,2
13/11/2011,12,5,5,3
14/11/2011,16,22,6,3
14/11/2011,23,2,4,1
14/11/2011,24,30,2,3
15/11/2011,12,4,3,5
15/11/2011,8,7,2,3
15/11/2011,52,14,5,2
16/11/2011,20,9,1,3
16/11/2011,29,30,2,4
16/11/2011,19,17,2,1
16/11/2011,25,13,0,6
16/11/2011,18,15,3,1
16/11/2011,5,21,6,3
16/11/2011,6,1,4,3
16/11/2011,10,27,2,3
16/11/2011,2,3,2,4
17/11/2011,7,1,3,5
17/11/2011,26,24,2,1
17/11/2011,8,12,4,0
17/11/2011,23,16,1,5
18/11/2011,2,8,4,3
18/11/2011,18,10,4,1
18/11/2011,24,26,3,5
18/11/2011,22,9,2,5
18/11/2011,52,15,4,1
18/11/2011,19,13,4,1
18/11/2011,6,29,2,1
18/11/2011,28,17,5,2
18/11/2011,30,21,1,0
18/11/2011,14,5,4,1
18/11/2011,4,27,2,1
19/11/2011,20,16,5,2
19/11/2011,26,17,1,4
19/11/2011,12,7,0,1
19/11/2011,52,4,6,4
19/11/2011,21,25,3,0
20/11/2011,22,16,9,2
20/11/2011,2,6,0,6
20/11/2011,14,1,2,4
20/11/2011,12,10,3,2
20/11/2011,7,27,2,4
20/11/2011,8,3,4,0
20/11/2011,30,19,3,2
20/11/2011,10,15,7,1
20/11/2011,13,5,3,2
20/11/2011,25,28,1,4
20/11/2011,18,29,3,4
21/11/2011,21,28,1,4
21/11/2011,23,9,2,1
21/11/2011,24,17,2,4
22/11/2011,8,6,0,1
22/11/2011,5,2,5,0
22/11/2011,4,12,2,4
22/11/2011,25,22,4,1
22/11/2011,13,1,4,3
22/11/2011,15,27,4,3
22/11/2011,29,20,4,1
23/11/2011,14,10,1,7
23/11/2011,18,22,2,6
23/11/2011,19,26,2,3
24/11/2011,25,26,3,2
24/11/2011,1,29,2,1
24/11/2011,2,4,3,4
24/11/2011,21,23,0,3
24/11/2011,12,8,3,4
24/11/2011,13,3,2,1
24/11/2011,15,52,4,3
24/11/2011,5,19,2,3
24/11/2011,27,24,4,2
24/11/2011,17,20,5,3
24/11/2011,30,18,3,2
24/11/2011,7,6,3,4
24/11/2011,28,16,1,0
25/11/2011,15,3,3,6
25/11/2011,4,8,3,1
25/11/2011,6,17,2,3
25/11/2011,2,1,0,1
25/11/2011,24,16,5,6
25/11/2011,30,22,2,5
26/11/2011,13,14,1,2
26/11/2011,19,20,2,0
26/11/2011,29,7,5,1
26/11/2011,27,23,0,5
26/11/2011,12,52,1,3
26/11/2011,5,9,6,3
26/11/2011,3,4,2,0
26/11/2011,25,10,3,4
26/11/2011,1,2,2,3
27/11/2011,29,19,1,2
27/11/2011,14,13,5,1
27/11/2011,21,22,5,2
27/11/2011,6,52,4,2
27/11/2011,28,23,2,3
27/11/2011,9,12,4,3
27/11/2011,17,18,4,1
27/11/2011,27,25,3,0
27/11/2011,7,15,5,1
27/11/2011,8,5,3,4
27/11/2011,30,20,2,5
27/11/2011,26,16,1,2
28/11/2011,24,10,2,5
29/11/2011,26,28,2,0
29/11/2011,22,18,1,2
29/11/2011,21,25,1,3
29/11/2011,30,14,3,1
30/11/2011,52,9,4,6
30/11/2011,12,13,1,3
30/11/2011,7,2,1,2
30/11/2011,15,19,1,2
30/11/2011,16,27,1,4
30/11/2011,23,29,4,1
30/11/2011,3,5,4,3
30/11/2011,20,18,1,0
01/12/2011,21,1,6,1
01/12/2011,24,8,4,1
01/12/2011,10,6,3,6
01/12/2011,22,30,2,3
01/12/2011,17,14,4,2
02/12/2011,28,8,4,3
02/12/2011,52,27,1,0
02/12/2011,20,29,3,4
02/12/2011,15,5,1,2
02/12/2011,25,9,3,2
02/12/2011,23,18,5,6
02/12/2011,26,13,2,1
02/12/2011,12,3,3,5
03/12/2011,21,19,3,2
03/12/2011,24,4,3,4
03/12/2011,22,29,6,3
03/12/2011,30,1,4,2
03/12/2011,7,17,1,4
03/12/2011,16,2,5,4
03/12/2011,26,8,1,2
04/12/2011,22,20,3,5
04/12/2011,19,16,2,5
04/12/2011,15,9,3,2
04/12/2011,6,10,4,1
04/12/2011,12,5,2,3
04/12/2011,14,3,2,4
04/12/2011,18,7,2,3
04/12/2011,52,1,4,2
04/12/2011,28,13,3,5
04/12/2011,27,4,2,4
04/12/2011,25,2,4,5
05/12/2011,23,20,5,1
05/12/2011,24,30,3,5
05/12/2011,21,17,4,2
06/12/2011,13,15,5,4
06/12/2011,9,14,4,2
06/12/2011,16,27,3,4
06/12/2011,3,10,2,4
06/12/2011,5,6,1,3
07/12/2011,24,26,3,2
07/12/2011,19,17,3,2
07/12/2011,10,1,2,3
07/12/2011,23,21,6,0
07/12/2011,52,6,2,1
07/12/2011,20,12,7,6
07/12/2011,18,27,2,3
07/12/2011,28,30,1,2
07/12/2011,2,14,5,1
07/12/2011,8,29,2,3
08/12/2011,22,12,3,5
08/12/2011,9,15,3,5
08/12/2011,7,4,4,5
09/12/2011,1,9,5,4
09/12/2011,20,21,3,2
09/12/2011,3,14,2,3
09/12/2011,8,23,3,4
09/12/2011,6,13,0,2
09/12/2011,2,16,2,3
09/12/2011,4,5,3,2
09/12/2011,26,30,2,4
09/12/2011,29,18,3,4
09/12/2011,17,27,5,2
09/12/2011,28,25,5,2
09/12/2011,19,24,4,2
10/12/2011,15,10,4,2
10/12/2011,1,8,1,2
10/12/2011,22,21,4,1
10/12/2011,7,13,2,1
10/12/2011,52,12,4,2
11/12/2011,26,25,1,2
11/12/2011,20,22,3,0
11/12/2011,18,24,3,2
11/12/2011,4,14,5,2
11/12/2011,19,28,1,0
11/12/2011,27,30,1,4
11/12/2011,17,52,7,1
11/12/2011,29,6,3,5
11/12/2011,7,3,1,4
11/12/2011,9,23,1,4
11/12/2011,2,5,3,6
12/12/2011,16,28,3,2
12/12/2011,3,13,6,1
13/12/2011,14,1,4,5
14/12/2011,5,17,1,4
14/12/2011,18,20,2,1
14/12/2011,3,25,0,1
14/12/2011,29,23,2,1
14/12/2011,21,28,4,3
14/12/2011,7,9,2,3
14/12/2011,8,2,5,3
14/12/2011,10,12,2,1
14/12/2011,52,30,2,1
14/12/2011,13,1,2,3
14/12/2011,6,26,3,0
14/12/2011,15,4,1,5
15/12/2011,30,16,3,4
15/12/2011,24,27,4,1
15/12/2011,9,6,2,5
16/12/2011,14,20,5,4
16/12/2011,27,22,4,2
16/12/2011,19,3,4,1
16/12/2011,8,4,3,4
16/12/2011,12,23,4,3
16/12/2011,2,25,2,3
16/12/2011,52,15,0,1
16/12/2011,29,26,1,2
16/12/2011,28,21,5,4
16/12/2011,18,17,4,3
17/12/2011,13,20,3,2
17/12/2011,7,10,5,4
17/12/2011,9,5,6,4
17/12/2011,16,24,4,1
17/12/2011,4,6,0,6
17/12/2011,1,25,6,3
18/12/2011,28,22,3,2
18/12/2011,21,15,2,1
18/12/2011,10,23,3,5
18/12/2011,52,24,5,3
18/12/2011,17,26,8,2
18/12/2011,29,14,2,3
18/12/2011,5,7,8,3
18/12/2011,30,2,1,2
18/12/2011,18,19,2,1
18/12/2011,13,12,3,2
18/12/2011,27,3,2,3
18/12/2011,8,1,3,5
19/12/2011,16,20,4,2
19/12/2011,19,29,6,4
20/12/2011,25,24,5,3
20/12/2011,22,17,2,3
20/12/2011,23,30,4,0
20/12/2011,10,26,2,3
20/12/2011,21,4,3,2
20/12/2011,6,8,3,2
21/12/2011,15,18,4,1
21/12/2011,20,30,2,1
21/12/2011,1,3,1,4
21/12/2011,52,2,2,3
21/12/2011,9,7,4,1
21/12/2011,13,27,1,2
21/12/2011,5,16,3,2
22/12/2011,25,4,1,4
22/12/2011,16,8,5,1
22/12/2011,21,19,3,2
22/12/2011,12,27,3,4
22/12/2011,28,14,7,2
22/12/2011,23,17,4,2
23/12/2011,9,13,4,3
23/12/2011,26,24,3,2
23/12/2011,52,8,4,0
23/12/2011,18,29,6,5
23/12/2011,22,30,4,1
23/12/2011,10,7,3,2
23/12/2011,20,17,3,2
23/12/2011,3,2,4,2
24/12/2011,1,15,4,3
24/12/2011,28,26,2,1
24/12/2011,21,14,2,1
24/12/2011,52,5,1,4
24/12/2011,12,9,2,1
24/12/2011,3,4,4,2
24/12/2011,25,18,6,3
24/12/2011,23,20,1,3
24/12/2011,2,10,3,5
24/12/2011,27,19,2,3
24/12/2011,6,13,8,0
26/12/2011,30,21,2,4
27/12/2011,3,2,3,0
27/12/2011,28,24,2,3
27/12/2011,12,1,4,2
27/12/2011,26,27,4,3
27/12/2011,19,25,5,3
27/12/2011,7,15,4,2
27/12/2011,18,17,1,4
27/12/2011,23,22,5,3
27/12/2011,16,29,4,1
28/12/2011,5,12,4,2
28/12/2011,14,4,5,1
28/12/2011,9,8,2,6
28/12/2011,17,19,3,2
28/12/2011,29,20,1,2
28/12/2011,21,52,1,4
28/12/2011,13,10,5,3
29/12/2011,1,7,3,1
29/12/2011,28,23,2,3
29/12/2011,27,6,1,2
29/12/2011,16,26,0,2
29/12/2011,18,30,2,1
29/12/2011,15,3,4,1
30/12/2011,21,27,3,2
30/12/2011,12,10,4,3
30/12/2011,14,8,4,3
30/12/2011,24,23,2,5
30/12/2011,25,29,1,4
30/12/2011,52,26,1,0
30/12/2011,2,20,3,1
30/12/2011,30,22,4,3
30/12/2011,5,4,2,4
31/12/2011,14,12,5,2
31/12/2011,15,7,3,1
31/12/2011,2,22,4,1
31/12/2011,9,20,4,3
31/12/2011,1,5,3,1
31/12/2011,19,18,1,2
31/12/2011,13,3,1,4
31/12/2011,30,27,2,4
31/12/2011,16,17,3,2
01/01/2012,26,23,4,1
01/01/2012,17,19,3,0
01/01/2012,52,10,3,2
01/01/2012,13,8,3,2
01/01/2012,25,6,4,2
01/01/2012,24,21,2,4
01/01/2012,18,20,5,3
01/01/2012,7,9,2,3
01/01/2012,29,15,2,4
02/01/2012,4,3,2,3
03/01/2012,23,28,2,3
03/01/2012,9,1,3,2
03/01/2012,16,22,3,4
03/01/2012,26,21,1,2
04/01/2012,15,20,3,1
04/01/2012,12,2,3,4
04/01/2012,10,14,7,3
04/01/2012,25,17,4,5
04/01/2012,19,27,4,1
04/01/2012,7,22,4,3
05/01/2012,23,30,3,0
05/01/2012,24,28,1,3
05/01/2012,8,52,7,3
05/01/2012,1,6,1,6
06/01/2012,28,29,2,1
06/01/2012,3,13,3,2
06/01/2012,26,27,1,0
06/01/2012,10,52,4,0
06/01/2012,9,14,4,1
06/01/2012,19,22,4,3
06/01/2012,4,16,5,4
06/01/2012,18,25,1,4
06/01/2012,6,20,9,0
07/01/2012,5,3,1,3
07/01/2012,6,23,3,4
07/01/2012,4,9,3,2
07/01/2012,12,7,4,2
07/01/2012,24,2,4,2
07/01/2012,1,13,5,2
07/01/2012,26,29,0,1
07/01/2012,25,22,4,1
07/01/2012,16,21,0,4
08/01/2012,10,17,4,3
08/01/2012,8,14,3,1
08/01/2012,19,21,4,0
08/01/2012,27,2,5,1
08/01/2012,18,12,5,2
08/01/2012,5,1,1,3
08/01/2012,28,15,5,2
08/01/2012,9,4,6,4
08/01/2012,7,52,1,2
08/01/2012,20,30,3,1
09/01/2012,24,29,7,4
09/01/2012,16,17,2,3
10/01/2012,13,23,2,1
10/01/2012,26,15,5,2
11/01/2012,24,25,5,2
11/01/2012,14,23,4,5
11/01/2012,8,19,0,3
11/01/2012,30,28,5,4
11/01/2012,21,18,1,4
11/01/2012,10,7,2,0
11/01/2012,3,27,2,1
11/01/2012,5,9,1,5
11/01/2012,6,52,5,3
11/01/2012,12,4,1,2
11/01/2012,20,1,6,3
11/01/2012,2,17,5,1
11/01/2012,16,29,5,2
12/01/2012,22,1,1,2
12/01/2012,15,5,1,0
13/01/2012,14,12,2,5
13/01/2012,17,27,3,2
13/01/2012,6,8,2,1
13/01/2012,16,30,5,2
13/01/2012,26,25,4,5
13/01/2012,18,21,3,2
13/01/2012,3,9,0,3
13/01/2012,2,4,2,3
13/01/2012,19,23,2,3
13/01/2012,20,24,1,0
13/01/2012,52,28,0,2
14/01/2012,17,16,3,2
14/01/2012,25,21,1,2
14/01/2012,15,14,4,3
14/01/2012,13,5,1,4
14/01/2012,52,1,1,2
14/01/2012,29,27,4,3
14/01/2012,7,10,3,2
14/01/2012,22,24,0,5
15/01/2012,12,6,4,2
15/01/2012,19,30,3,2
15/01/2012,18,4,4,2
15/01/2012,2,7,4,2
15/01/2012,10,3,0,3
15/01/2012,29,28,1,2
15/01/2012,8,9,2,3
15/01/2012,14,5,3,6
15/01/2012,15,12,2,1
15/01/2012,20,26,1,4
16/01/2012,27,21,6,1
16/01/2012,22,26,2,1
16/01/2012,2,18,1,3
16/01/2012,8,3,4,1
16/01/2012,16,28,4,3
16/01/2012,23,24,2,4
17/01/2012,13,6,2,3
17/01/2012,17,7,5,0
17/01/2012,19,25,1,0
17/01/2012,9,52,0,2
18/01/2012,28,20,2,1
18/01/2012,5,12,2,1
18/01/2012,15,2,0,3
18/01/2012,10,9,2,3
18/01/2012,14,6,5,3
18/01/2012,25,17,2,3
18/01/2012,3,18,3,0
18/01/2012,23,26,2,3
18/01/2012,1,52,5,1
18/01/2012,29,22,4,2
18/01/2012,4,30,5,1
19/01/2012,8,15,0,3
19/01/2012,21,13,4,3
19/01/2012,24,27,6,2
19/01/2012,16,7,6,2
20/01/2012,27,17,2,3
20/01/2012,26,20,1,2
20/01/2012,10,30,4,1
20/01/2012,28,9,1,4
20/01/2012,29,18,0,3
20/01/2012,52,7,4,1
20/01/2012,1,6,1,4
20/01/2012,19,22,1,0
20/01/2012,4,2,1,4
20/01/2012,3,5,1,4
21/01/2012,12,15,3,0
21/01/2012,5,8,5,4
21/01/2012,23,28,4,3
21/01/2012,1,4,1,4
21/01/2012,6,3,2,3
21/01/2012,16,13,3,1
21/01/2012,25,14,1,2
21/01/2012,24,9,2,1
22/01/2012,18,16,5,2
22/01/2012,2,12,2,1
22/01/2012,52,13,3,4
22/01/2012,5,15,4,3
22/01/2012,19,7,4,2
22/01/2012,27,14,3,4
22/01/2012,10,8,1,3
22/01/2012,22,20,2,6
22/01/2012,17,29,3,2
22/01/2012,26,21,1,3
22/01/2012,30,25,5,2
22/01/2012,4,6,5,6
23/01/2012,24,21,3,2
24/01/2012,10,2,3,0
24/01/2012,18,29,4,1
24/01/2012,22,28,2,1
24/01/2012,26,9,4,1
24/01/2012,17,19,3,1
24/01/2012,12,52,2,1
25/01/2012,14,29,4,2
25/01/2012,21,30,2,3
25/01/2012,27,9,3,2
25/01/2012,2,10,3,4
25/01/2012,3,52,3,0
25/01/2012,20,28,0,1
25/01/2012,15,6,5,3
25/01/2012,25,24,1,0
25/01/2012,13,4,2,3
25/01/2012,16,18,1,3
25/01/2012,23,22,3,2
25/01/2012,1,7,1,2
25/01/2012,19,5,2,3
26/01/2012,8,17,7,2
01/02/2012,1,3,4,3
01/02/2012,12,2,2,5
01/02/2012,20,17,1,3
01/02/2012,6,9,4,3
01/02/2012,5,10,5,4
01/02/2012,8,7,1,3
01/02/2012,27,24,1,4
01/02/2012,22,21,3,2
01/02/2012,30,18,4,5
01/02/2012,28,29,6,0
01/02/2012,4,52,1,2
01/02/2012,14,15,4,3
01/02/2012,23,16,3,2
02/02/2012,24,25,2,6
02/02/2012,7,3,0,1
02/02/2012,13,15,4,2
02/02/2012,26,29,3,2
02/02/2012,10,5,1,0
03/02/2012,1,8,5,3
03/02/2012,14,52,1,2
03/02/2012,4,18,4,1
03/02/2012,23,17,3,4
03/02/2012,28,25,5,2
03/02/2012,21,30,0,1
03/02/2012,22,16,8,4
03/02/2012,6,12,0,3
04/02/2012,8,15,0,3
04/02/2012,20,16,3,1
04/02/2012,9,2,1,2
04/02/2012,4,1,4,6
04/02/2012,19,26,1,0
04/02/2012,21,23,2,3
04/02/2012,6,5,1,2
04/02/2012,24,29,2,3
04/02/2012,13,52,2,1
05/02/2012,8,52,3,0
05/02/2012,27,28,5,3
05/02/2012,9,10,0,5
05/02/2012,25,30,2,1
05/02/2012,14,13,6,3
05/02/2012,15,6,1,4
05/02/2012,3,4,5,2
05/02/2012,2,7,3,4
05/02/2012,18,19,3,1
05/02/2012,12,26,2,1
05/02/2012,1,5,5,2
05/02/2012,22,17,5,4
07/02/2012,27,17,3,1
07/02/2012,24,20,3,2
07/02/2012,10,22,6,3
08/02/2012,15,13,4,0
08/02/2012,25,27,1,4
08/02/2012,18,23,3,4
08/02/2012,8,5,3,2
08/02/2012,21,16,5,2
08/02/2012,9,19,1,3
08/02/2012,14,26,1,3
08/02/2012,29,30,3,1
08/02/2012,4,2,0,1
08/02/2012,3,1,0,1
08/02/2012,52,10,2,1
09/02/2012,28,20,3,4
09/02/2012,24,12,3,2
09/02/2012,17,22,4,2
09/02/2012,7,6,6,0
10/02/2012,13,26,3,1
10/02/2012,1,19,3,4
10/02/2012,15,52,2,3
10/02/2012,27,20,2,1
10/02/2012,3,14,4,3
10/02/2012,30,23,2,5
10/02/2012,9,18,4,3
10/02/2012,4,10,4,3
10/02/2012,2,8,2,4
10/02/2012,29,25,2,4
11/02/2012,6,18,4,3
11/02/2012,9,22,3,4
11/02/2012,17,24,2,1
11/02/2012,7,25,3,2
11/02/2012,5,52,8,5
11/02/2012,1,13,1,3
11/02/2012,2,26,2,1
11/02/2012,28,16,5,3
11/02/2012,21,12,4,3
11/02/2012,4,3,2,5
12/02/2012,3,15,3,2
12/02/2012,25,26,2,4
12/02/2012,27,16,3,0
12/02/2012,20,23,3,2
12/02/2012,29,24,3,5
12/02/2012,30,29,1,3
12/02/2012,19,21,3,2
12/02/2012,10,8,0,5
12/02/2012,7,14,1,2
12/02/2012,2,13,1,4
13/02/2012,19,28,3,0
13/02/2012,5,14,4,2
13/02/2012,17,4,4,3
14/02/2012,23,27,2,1
14/02/2012,8,12,3,5
14/02/2012,15,28,3,5
15/02/2012,18,16,3,2
15/02/2012,6,3,0,3
15/02/2012,29,19,2,1
15/02/2012,17,25,3,1
15/02/2012,52,2,1,3
15/02/2012,14,9,0,4
15/02/2012,20,10,5,1
15/02/2012,30,24,1,2
15/02/2012,7,1,1,4
16/02/2012,22,10,3,4
16/02/2012,23,21,3,1
16/02/2012,5,24,1,2
16/02/2012,13,9,2,6
16/02/2012,8,6,3,4
17/02/2012,30,52,3,4
17/02/2012,19,2,5,1
17/02/2012,14,28,6,5
17/02/2012,26,27,0,1
17/02/2012,25,20,3,2
17/02/2012,3,16,2,4
17/02/2012,4,7,7,2
18/02/2012,1,24,3,2
18/02/2012,29,16,1,6
18/02/2012,13,15,1,2
18/02/2012,52,6,4,2
18/02/2012,19,30,4,0
18/02/2012,12,28,3,2
18/02/2012,22,21,1,3
18/02/2012,17,18,2,1
18/02/2012,4,5,4,6
18/02/2012,7,8,3,4
19/02/2012,27,25,2,1
19/02/2012,8,1,1,3
19/02/2012,13,24,0,2
19/02/2012,17,28,3,2
19/02/2012,14,15,2,1
19/02/2012,30,6,2,0
19/02/2012,2,12,4,3
19/02/2012,26,20,0,1
19/02/2012,16,19,3,1
19/02/2012,7,5,6,2
19/02/2012,23,10,6,2
20/02/2012,22,23,2,5
20/02/2012,3,29,3,2
20/02/2012,25,18,2,3
20/02/2012,52,21,5,1
20/02/2012,2,9,0,6
21/02/2012,12,15,5,0
22/02/2012,27,26,5,4
22/02/2012,52,4,4,5
22/02/2012,5,3,2,0
22/02/2012,8,25,0,3
22/02/2012,7,2,2,1
22/02/2012,18,23,3,1
22/02/2012,16,17,2,1
22/02/2012,29,28,6,3
22/02/2012,14,24,3,2
22/02/2012,10,1,3,4
22/02/2012,20,22,1,6
23/02/2012,9,15,5,2
23/02/2012,21,26,4,1
23/02/2012,19,6,2,4
24/02/2012,17,23,3,4
24/02/2012,20,27,3,4
24/02/2012,16,25,1,3
24/02/2012,12,24,2,3
24/02/2012,13,30,2,3
24/02/2012,52,14,4,3
24/02/2012,18,19,2,3
24/02/2012,22,4,2,0
24/02/2012,10,28,1,2
25/02/2012,25,30,4,1
25/02/2012,5,14,8,1
25/02/2012,29,21,0,5
25/02/2012,1,23,1,2
25/02/2012,52,19,2,3
25/02/2012,7,6,2,1
25/02/2012,2,3,4,3
25/02/2012,22,27,1,3
25/02/2012,15,8,4,1
26/02/2012,9,2,5,2
26/02/2012,9,6,3,5
26/02/2012,10,15,2,4
26/02/2012,13,8,4,2
26/02/2012,1,14,3,4
26/02/2012,17,21,3,4
26/02/2012,5,29,4,2
26/02/2012,25,23,3,2
26/02/2012,3,7,3,2
26/02/2012,18,28,6,2
26/02/2012,30,28,4,3
26/02/2012,20,4,4,5
26/02/2012,12,13,2,3
26/02/2012,26,16,4,0
27/02/2012,24,16,3,1
28/02/2012,3,1,2,0
28/02/2012,18,26,2,1
28/02/2012,21,24,4,1
28/02/2012,20,19,1,3
28/02/2012,52,22,3,5
29/02/2012,27,23,2,1
29/02/2012,10,13,3,5
29/02/2012,6,9,0,1
29/02/2012,15,2,3,2
29/02/2012,29,17,2,5
29/02/2012,28,4,1,0
29/02/2012,30,26,0,4
29/02/2012,14,8,2,1
29/02/2012,12,18,4,3
01/03/2012,24,7,0,2
01/03/2012,16,10,5,4
01/03/2012,25,5,3,4
01/03/2012,22,19,2,5
02/03/2012,8,30,5,4
02/03/2012,27,20,2,4
02/03/2012,6,1,4,3
02/03/2012,52,13,7,0
02/03/2012,23,19,2,0
02/03/2012,12,3,2,3
02/03/2012,4,2,6,3
02/03/2012,28,7,0,1
02/03/2012,21,29,0,2
03/03/2012,17,30,6,0
03/03/2012,24,20,3,2
03/03/2012,6,2,2,3
03/03/2012,15,1,0,5
03/03/2012,9,16,1,2
03/03/2012,14,3,4,3
03/03/2012,22,25,1,3
04/03/2012,3,6,4,3
04/03/2012,12,14,3,4
04/03/2012,2,1,1,0
04/03/2012,8,10,1,3
04/03/2012,13,18,1,3
04/03/2012,13,9,4,2
04/03/2012,17,16,1,2
04/03/2012,28,19,1,3
04/03/2012,26,24,4,2
04/03/2012,23,7,3,5
04/03/2012,27,29,2,5
04/03/2012,20,25,2,3
04/03/2012,21,5,1,5
05/03/2012,30,21,0,2
05/03/2012,15,4,0,1
06/03/2012,5,27,2,1
06/03/2012,52,7,3,1
06/03/2012,24,22,4,2
07/03/2012,4,17,3,2
07/03/2012,15,12,3,4
07/03/2012,14,9,3,7
07/03/2012,10,6,4,5
07/03/2012,20,8,5,4
07/03/2012,29,27,3,2
07/03/2012,19,16,5,1
07/03/2012,21,30,7,1
07/03/2012,23,25,2,5
07/03/2012,18,26,4,5
07/03/2012,28,22,2,3
07/03/2012,1,3,4,1
08/03/2012,7,12,3,2
08/03/2012,5,10,3,2
09/03/2012,18,21,4,2
09/03/2012,27,30,2,3
09/03/2012,4,13,5,0
09/03/2012,22,8,3,5
09/03/2012,15,14,3,2
09/03/2012,1,2,5,1
09/03/2012,6,7,3,1
09/03/2012,23,52,3,2
09/03/2012,29,26,3,1
09/03/2012,25,28,4,3
09/03/2012,9,3,4,1
09/03/2012,19,24,3,1
10/03/2012,16,3,4,3
10/03/2012,20,52,5,3
10/03/2012,21,22,3,2
10/03/2012,17,26,4,3
10/03/2012,6,15,3,4
10/03/2012,5,13,2,1
11/03/2012,15,10,2,0
11/03/2012,27,28,3,0
11/03/2012,13,12,2,0
11/03/2012,29,19,1,2
11/03/2012,19,29,4,1
11/03/2012,1,4,4,1
11/03/2012,10,4,0,1
11/03/2012,14,12,2,4
11/03/2012,5,6,5,2
11/03/2012,2,1,1,2
11/03/2012,18,17,3,2
11/03/2012,23,8,1,4
11/03/2012,30,20,3,4
11/03/2012,25,24,2,0
11/03/2012,3,2,4,3
11/03/2012,9,7,3,4
12/03/2012,7,8,3,2
12/03/2012,16,26,2,3
13/03/2012,4,1,3,0
13/03/2012,2,15,4,5
13/03/2012,21,24,3,2
13/03/2012,22,28,2,3
13/03/2012,27,18,4,5
13/03/2012,14,6,6,1
13/03/2012,13,10,5,2
13/03/2012,3,12,4,2
14/03/2012,7,21,4,5
14/03/2012,16,19,4,3
14/03/2012,20,28,3,2
14/03/2012,26,17,5,2
14/03/2012,8,9,3,2
14/03/2012,30,25,0,1
15/03/2012,13,6,6,2
15/03/2012,1,21,1,0
15/03/2012,2,4,2,3
15/03/2012,3,5,2,5
15/03/2012,14,10,1,3
15/03/2012,52,25,5,2
15/03/2012,23,27,4,5
15/03/2012,12,19,2,0
15/03/2012,24,17,4,0
15/03/2012,22,29,3,0
16/03/2012,20,27,4,1
16/03/2012,28,18,2,1
16/03/2012,9,8,2,1
17/03/2012,25,16,1,4
17/03/2012,13,7,3,2
17/03/2012,24,26,2,4
17/03/2012,8,2,2,3
17/03/2012,1,5,2,5
17/03/2012,22,20,3,1
17/03/2012,52,15,3,2
17/03/2012,30,12,3,5
17/03/2012,6,4,3,2
17/03/2012,9,10,1,3
17/03/2012,14,19,1,3
17/03/2012,3,21,1,3
18/03/2012,16,15,5,2
18/03/2012,23,29,4,3
18/03/2012,4,5,3,2
18/03/2012,26,18,4,2
18/03/2012,28,17,3,2
19/03/2012,20,29,1,2
19/03/2012,3,1,4,2
19/03/2012,52,12,3,4
19/03/2012,24,18,1,3
19/03/2012,14,7,3,7
19/03/2012,6,10,8,0
19/03/2012,22,27,2,3
19/03/2012,17,15,3,5
20/03/2012,28,24,3,5
20/03/2012,4,13,1,2
20/03/2012,9,1,0,1
20/03/2012,5,52,8,4
20/03/2012,30,23,2,0
20/03/2012,29,16,1,5
20/03/2012,10,2,2,5
21/03/2012,3,17,2,1
21/03/2012,21,20,2,1
21/03/2012,7,8,3,0
21/03/2012,12,13,3,1
21/03/2012,26,28,5,2
21/03/2012,25,27,4,3
21/03/2012,18,22,3,6
22/03/2012,4,15,2,1
22/03/2012,5,18,5,1
22/03/2012,16,23,2,1
22/03/2012,14,22,3,2
22/03/2012,24,19,4,3
23/03/2012,25,23,1,2
23/03/2012,30,20,3,2
23/03/2012,13,22,1,2
23/03/2012,1,10,3,4
23/03/2012,27,21,3,2
23/03/2012,3,7,1,4
23/03/2012,29,12,5,1
23/03/2012,26,19,1,0
23/03/2012,28,6,2,1
23/03/2012,8,9,5,1
23/03/2012,15,52,3,4
24/03/2012,7,30,3,1
24/03/2012,18,52,3,1
24/03/2012,9,5,8,4
24/03/2012,25,20,4,1
24/03/2012,17,12,5,4
24/03/2012,10,3,3,4
24/03/2012,4,8,4,1
24/03/2012,14,2,4,3
25/03/2012,13,2,2,3
25/03/2012,5,1,5,2
25/03/2012,16,18,1,6
25/03/2012,28,27,4,3
25/03/2012,29,22,3,6
25/03/2012,26,6,2,4
25/03/2012,15,30,3,0
25/03/2012,21,23,2,3
26/03/2012,17,29,7,2
26/03/2012,24,6,2,3
26/03/2012,4,14,3,5
26/03/2012,27,19,0,4
27/03/2012,20,25,5,4
27/03/2012,10,12,0,3
27/03/2012,5,2,3,5
27/03/2012,8,13,2,3
27/03/2012,15,7,1,5
27/03/2012,28,21,5,1
27/03/2012,1,16,2,1
27/03/2012,52,9,4,6
27/03/2012,6,14,5,2
27/03/2012,23,26,1,0
28/03/2012,19,18,3,0
28/03/2012,29,17,4,2
28/03/2012,30,3,2,3
28/03/2012,52,3,2,4
29/03/2012,22,25,1,3
29/03/2012,24,28,3,1
29/03/2012,6,15,2,3
29/03/2012,10,4,1,7
29/03/2012,23,21,1,0
29/03/2012,20,26,0,3
29/03/2012,2,5,5,3
29/03/2012,1,14,6,4
30/03/2012,7,5,3,5
30/03/2012,3,8,4,1
30/03/2012,27,28,2,0
30/03/2012,29,13,4,1
30/03/2012,17,18,1,4
30/03/2012,30,13,3,2
30/03/2012,12,52,3,4
30/03/2012,16,19,4,3
31/03/2012,14,52,3,2
31/03/2012,10,7,4,3
31/03/2012,22,26,1,4
31/03/2012,20,21,1,4
31/03/2012,12,1,0,5
31/03/2012,23,25,5,2
31/03/2012,2,6,3,6
31/03/2012,15,8,3,2
31/03/2012,4,9,3,4
01/04/2012,18,16,4,5
01/04/2012,19,29,2,5
01/04/2012,17,13,2,1
01/04/2012,27,24,4,0
01/04/2012,3,6,1,2
01/04/2012,16,30,4,5
01/04/2012,28,25,3,0
01/04/2012,5,4,4,6
01/04/2012,30,26,4,3
01/04/2012,23,20,3,2
01/04/2012,2,9,1,5
02/04/2012,14,15,4,2
02/04/2012,24,22,1,2
03/04/2012,9,12,1,2
03/04/2012,26,22,2,0
03/04/2012,7,10,6,5
03/04/2012,1,2,3,1
03/04/2012,6,5,3,5
03/04/2012,4,3,3,5
03/04/2012,13,52,4,5
04/04/2012,8,14,5,2
04/04/2012,18,30,2,1
04/04/2012,25,28,2,5
04/04/2012,27,29,2,0
04/04/2012,23,24,5,4
04/04/2012,19,17,2,3
05/04/2012,5,3,5,2
05/04/2012,4,7,2,1
05/04/2012,12,8,2,1
05/04/2012,10,14,3,2
05/04/2012,15,13,4,2
05/04/2012,9,6,1,3
05/04/2012,17,1,1,2
05/04/2012,2,52,5,4
06/04/2012,19,27,1,4
06/04/2012,26,28,5,6
06/04/2012,21,29,2,5
06/04/2012,30,16,2,1
06/04/2012,20,23,3,2
06/04/2012,18,25,2,0
06/04/2012,22,24,2,3
07/04/2012,17,16,2,3
07/04/2012,13,12,4,1
07/04/2012,52,14,3,4
07/04/2012,29,2,7,3
07/04/2012,3,15,1,4
07/04/2012,20,24,5,2
07/04/2012,8,10,4,1
07/04/2012,6,7,4,3
07/04/2012,1,9,4,2
07/04/2012,5,4,4,2
08/04/2012,30,27,1,4
08/04/2012,25,19,2,3
08/04/2012,21,18,1,6
08/04/2012,23,22,3,0
08/04/2012,28,26,3,2
11/04/2012,5,4,3,4
12/04/2012,19,28,2,3
12/04/2012,18,17,3,2
12/04/2012,23,26,2,4
12/04/2012,3,9,4,2
12/04/2012,6,15,1,0
13/04/2012,18,17,2,3
13/04/2012,27,16,3,2
13/04/2012,13,1,2,3
13/04/2012,5,4,5,8
14/04/2012,19,28,3,0
14/04/2012,23,26,2,4
14/04/2012,3,9,2,3
14/04/2012,6,15,1,2
15/04/2012,17,18,2,3
15/04/2012,27,16,3,4
15/04/2012,13,1,4,2
15/04/2012,4,5,8,4
16/04/2012,26,23,1,0
16/04/2012,9,3,0,1
16/04/2012,15,6,3,4
17/04/2012,28,19,3,4
17/04/2012,17,18,1,3
17/04/2012,1,13,3,4
18/04/2012,16,27,2,3
18/04/2012,9,3,3,2
18/04/2012,4,5,3,10
19/04/2012,26,23,1,3
19/04/2012,1,13,4,0
19/04/2012,15,6,2,1
20/04/2012,28,19,1,2
20/04/2012,16,27,2,3
20/04/2012,5,4,3,2
21/04/2012,19,28,3,1
21/04/2012,18,17,2,1
21/04/2012,3,9,0,2
21/04/2012,13,1,3,0
21/04/2012,6,15,3,4
22/04/2012,27,16,1,2
22/04/2012,4,5,5,1
22/04/2012,15,6,3,4
23/04/2012,23,26,1,2
23/04/2012,9,3,2,3
24/04/2012,16,27,0,4
24/04/2012,1,13,3,2
25/04/2012,6,15,1,2
26/04/2012,3,9,2,1
27/04/2012,13,1,2,3
28/04/2012,27,18,4,3
28/04/2012,3,15,3,1
28/04/2012,19,26,1,3
29/04/2012,4,1,4,3
30/04/2012,27,18,5,3
30/04/2012,3,15,2,3
01/05/2012,4,1,1,4
01/05/2012,19,26,2,5
02/05/2012,15,3,1,2
03/05/2012,1,4,4,3
03/05/2012,18,27,2,0
04/05/2012,18,27,0,1
04/05/2012,26,19,4,2
05/05/2012,15,3,3,2
06/05/2012,1,4,4,2
06/05/2012,26,19,3,1
07/05/2012,3,15,3,2
08/05/2012,4,1,1,3
08/05/2012,27,18,2,1
09/05/2012,15,3,2,1
12/05/2012,3,15,2,1
14/05/2012,27,26,2,4
15/05/2012,3,1,3,0
16/05/2012,27,26,0,4
17/05/2012,3,1,2,3
18/05/2012,26,27,2,1
19/05/2012,1,3,0,3
20/05/2012,26,27,0,2
22/05/2012,1,3,4,1
23/05/2012,27,26,3,4
24/05/2012,3,1,3,5
26/05/2012,1,3,3,2
31/05/2012,1,26,1,2
03/06/2012,1,26,1,2
05/06/2012,26,1,4,0
07/06/2012,26,1,1,3
10/06/2012,1,26,2,1
12/06/2012,26,1,6,1
19/01/2013,26,16,2,5
19/01/2013,52,9,1,4
19/01/2013,4,5,1,3
20/01/2013,19,17,6,0
20/01/2013,18,29,2,3
20/01/2013,2,1,1,2
20/01/2013,8,10,1,2
20/01/2013,20,28,1,4
20/01/2013,7,4,5,2
20/01/2013,23,24,3,7
20/01/2013,6,3,3,1
20/01/2013,14,15,6,3
20/01/2013,25,27,4,3
20/01/2013,13,12,5,1
20/01/2013,30,21,4,2
21/01/2013,23,22,2,3
21/01/2013,18,19,3,4
21/01/2013,3,5,3,6
21/01/2013,6,52,2,1
21/01/2013,2,14,4,3
21/01/2013,27,16,4,6
21/01/2013,30,25,1,0
22/01/2013,9,13,4,0
22/01/2013,20,24,4,5
22/01/2013,10,7,1,2
22/01/2013,29,17,3,4
23/01/2013,16,19,3,2
23/01/2013,15,52,2,4
23/01/2013,21,26,3,1
23/01/2013,8,13,4,1
23/01/2013,22,28,3,6
23/01/2013,12,14,1,4
23/01/2013,17,25,1,2
23/01/2013,1,4,3,0
23/01/2013,30,18,1,3
24/01/2013,23,20,3,2
24/01/2013,5,10,2,5
24/01/2013,3,6,4,3
24/01/2013,27,29,5,1
25/01/2013,21,29,4,0
25/01/2013,4,3,2,1
25/01/2013,22,26,2,1
25/01/2013,12,7,6,3
25/01/2013,10,2,4,7
25/01/2013,25,16,2,3
25/01/2013,15,8,1,4
25/01/2013,13,9,1,3
25/01/2013,28,27,5,3
25/01/2013,19,18,3,0
26/01/2013,6,2,4,2
26/01/2013,7,12,1,3
26/01/2013,17,30,5,3
26/01/2013,52,5,4,2
26/01/2013,1,15,3,2
26/01/2013,24,23,0,5
26/01/2013,28,21,4,0
26/01/2013,14,9,6,4
27/01/2013,29,16,2,3
27/01/2013,15,7,3,2
27/01/2013,24,18,3,2
27/01/2013,13,4,1,7
27/01/2013,8,1,4,3
27/01/2013,20,22,4,3
27/01/2013,3,10,5,2
27/01/2013,27,26,2,4
27/01/2013,9,5,1,2
27/01/2013,14,4,5,1
27/01/2013,25,19,3,4
28/01/2013,19,30,5,4
28/01/2013,16,17,2,1
28/01/2013,52,2,5,4
28/01/2013,28,23,4,1
29/01/2013,22,21,4,1
29/01/2013,12,6,3,5
29/01/2013,26,23,3,2
29/01/2013,29,25,2,1
29/01/2013,27,18,4,0
30/01/2013,30,29,3,2
30/01/2013,8,52,4,3
30/01/2013,7,10,3,4
30/01/2013,3,4,2,1
30/01/2013,28,24,3,2
30/01/2013,17,25,4,1
30/01/2013,6,1,2,1
30/01/2013,5,2,1,4
30/01/2013,9,15,3,2
30/01/2013,14,13,5,2
31/01/2013,27,22,1,2
31/01/2013,23,21,3,0
31/01/2013,9,8,5,1
31/01/2013,30,16,3,2
01/02/2013,3,5,0,3
01/02/2013,1,2,4,5
01/02/2013,20,21,3,6
01/02/2013,13,52,6,3
01/02/2013,26,18,1,2
01/02/2013,28,22,3,2
01/02/2013,29,19,1,4
01/02/2013,6,7,4,7
01/02/2013,10,15,3,2
02/02/2013,5,1,5,1
02/02/2013,17,19,5,3
02/02/2013,25,27,4,3
02/02/2013,12,9,1,0
02/02/2013,21,22,3,1
02/02/2013,14,52,8,3
02/02/2013,8,7,6,1
02/02/2013,24,30,3,1
02/02/2013,23,16,2,1
02/02/2013,15,4,3,2
03/02/2013,2,1,0,3
03/02/2013,20,16,2,3
03/02/2013,7,13,3,4
03/02/2013,15,5,3,6
03/02/2013,10,6,0,1
03/02/2013,28,18,1,2
03/02/2013,29,17,4,2
03/02/2013,24,26,7,4
03/02/2013,8,9,2,1
03/02/2013,4,12,5,3
03/02/2013,14,3,2,3
03/02/2013,27,25,2,0
05/02/2013,24,28,2,1
05/02/2013,21,25,2,3
05/02/2013,27,30,2,1
05/02/2013,10,12,1,4
05/02/2013,22,23,2,3
06/02/2013,1,3,3,1
06/02/2013,29,26,2,4
06/02/2013,15,10,2,3
06/02/2013,52,13,3,2
06/02/2013,17,20,1,4
06/02/2013,9,7,4,3
06/02/2013,19,18,1,6
06/02/2013,4,14,2,1
06/02/2013,2,5,2,4
06/02/2013,28,16,3,5
07/02/2013,21,24,0,3
07/02/2013,8,6,1,2
07/02/2013,22,25,2,3
08/02/2013,7,8,5,4
08/02/2013,1,14,4,2
08/02/2013,19,17,1,5
08/02/2013,27,16,2,6
08/02/2013,5,15,5,2
08/02/2013,52,10,2,3
08/02/2013,3,2,4,1
08/02/2013,18,26,3,0
08/02/2013,9,12,2,3
08/02/2013,4,13,2,3
08/02/2013,29,20,3,4
08/02/2013,30,23,1,4
09/02/2013,9,52,0,1
09/02/2013,17,22,2,1
09/02/2013,4,12,4,3
09/02/2013,25,24,3,1
09/02/2013,1,5,3,1
09/02/2013,28,27,0,1
10/02/2013,2,7,2,3
10/02/2013,29,22,1,3
10/02/2013,17,26,3,2
10/02/2013,23,20,5,1
10/02/2013,8,10,0,6
10/02/2013,15,13,5,0
10/02/2013,30,18,2,1
10/02/2013,19,24,5,6
11/02/2013,7,6,1,3
11/02/2013,3,14,5,1
11/02/2013,18,16,0,3
11/02/2013,5,1,1,3
12/02/2013,2,12,4,6
12/02/2013,29,28,6,2
12/02/2013,20,30,1,2
12/02/2013,10,4,5,2
12/02/2013,19,26,1,4
12/02/2013,21,27,2,3
13/02/2013,13,15,5,6
13/02/2013,1,12,2,4
13/02/2013,9,7,2,0
13/02/2013,22,25,1,4
13/02/2013,14,8,3,4
13/02/2013,23,30,2,1
13/02/2013,18,28,1,0
13/02/2013,6,3,3,4
13/02/2013,16,24,2,3
13/02/2013,52,4,2,3
14/02/2013,17,19,3,4
14/02/2013,20,25,7,4
14/02/2013,5,9,4,2
15/02/2013,3,2,3,4
15/02/2013,18,27,3,0
15/02/2013,30,21,3,4
15/02/2013,13,8,0,1
15/02/2013,12,10,3,1
15/02/2013,14,15,3,4
16/02/2013,26,29,2,1
16/02/2013,16,28,4,1
16/02/2013,20,19,2,5
16/02/2013,7,6,4,2
16/02/2013,23,25,3,4
16/02/2013,13,14,5,6
16/02/2013,52,5,1,3
16/02/2013,1,4,5,3
16/02/2013,17,24,2,5
17/02/2013,10,9,3,0
17/02/2013,7,5,3,4
17/02/2013,22,21,6,4
17/02/2013,27,29,5,3
17/02/2013,30,17,3,2
17/02/2013,25,20,3,4
17/02/2013,3,15,2,1
17/02/2013,2,1,5,1
17/02/2013,18,24,2,3
17/02/2013,8,4,4,1
17/02/2013,52,6,2,3
17/02/2013,16,26,3,2
18/02/2013,21,18,6,5
18/02/2013,1,9,1,2
18/02/2013,23,19,3,4
18/02/2013,2,4,0,7
19/02/2013,24,29,3,2
19/02/2013,8,12,3,0
19/02/2013,13,10,0,3
19/02/2013,27,20,4,0
20/02/2013,18,17,4,3
20/02/2013,19,28,1,2
20/02/2013,14,10,4,2
20/02/2013,7,52,1,2
20/02/2013,3,8,1,3
20/02/2013,22,26,1,3
20/02/2013,9,2,3,1
20/02/2013,16,23,4,3
21/02/2013,20,26,1,3
21/02/2013,5,4,5,6
21/02/2013,21,19,1,0
22/02/2013,15,1,2,3
22/02/2013,25,23,3,4
22/02/2013,17,29,2,3
22/02/2013,9,3,3,2
22/02/2013,4,13,2,5
22/02/2013,14,6,2,4
22/02/2013,22,30,1,3
22/02/2013,12,52,3,4
22/02/2013,8,2,3,4
22/02/2013,10,7,3,1
23/02/2013,4,52,5,3
23/02/2013,5,13,3,1
23/02/2013,16,28,2,1
23/02/2013,18,23,0,1
23/02/2013,15,1,5,1
23/02/2013,22,27,3,2
23/02/2013,26,21,4,1
24/02/2013,13,6,1,4
24/02/2013,1,52,2,4
24/02/2013,17,18,4,0
24/02/2013,20,30,3,1
24/02/2013,9,10,3,2
24/02/2013,19,29,2,1
24/02/2013,25,28,3,1
24/02/2013,12,14,2,5
24/02/2013,8,3,3,0
24/02/2013,7,2,0,4
24/02/2013,17,23,8,3
25/02/2013,5,14,5,3
25/02/2013,20,27,5,4
25/02/2013,16,29,1,0
25/02/2013,24,21,4,3
25/02/2013,2,12,2,4
26/02/2013,16,22,3,2
26/02/2013,18,25,5,4
26/02/2013,26,24,5,2
26/02/2013,9,8,2,1
26/02/2013,4,10,2,4
27/02/2013,13,5,6,4
27/02/2013,29,25,4,5
27/02/2013,28,21,3,2
27/02/2013,14,7,1,2
27/02/2013,3,52,3,4
27/02/2013,23,27,2,4
27/02/2013,2,6,1,4
27/02/2013,15,12,3,0
27/02/2013,30,20,2,1
28/02/2013,4,15,4,1
28/02/2013,24,18,5,1
28/02/2013,26,17,2,1
28/02/2013,10,8,2,5
01/03/2013,28,17,1,2
01/03/2013,52,1,3,1
01/03/2013,13,7,3,4
01/03/2013,21,20,5,4
01/03/2013,12,5,4,1
01/03/2013,6,9,2,1
01/03/2013,27,30,3,4
01/03/2013,19,16,0,3
01/03/2013,25,22,1,5
01/03/2013,2,10,4,5
01/03/2013,3,14,4,1
02/03/2013,52,15,0,3
02/03/2013,7,1,4,3
02/03/2013,4,9,2,1
02/03/2013,16,29,4,3
02/03/2013,19,22,4,2
02/03/2013,24,30,3,2
02/03/2013,6,14,3,2
03/03/2013,28,18,2,1
03/03/2013,13,12,2,3
03/03/2013,27,24,5,4
03/03/2013,8,5,6,7
03/03/2013,2,9,3,2
03/03/2013,17,16,1,2
03/03/2013,25,19,4,1
03/03/2013,29,21,2,1
03/03/2013,23,26,5,2
03/03/2013,12,13,6,2
04/03/2013,30,22,4,2
04/03/2013,3,7,3,2
04/03/2013,6,8,3,4
04/03/2013,20,23,4,2
05/03/2013,10,1,4,2
05/03/2013,27,24,5,4
05/03/2013,26,18,5,1
05/03/2013,5,14,4,3
06/03/2013,1,14,2,5
06/03/2013,3,4,4,2
06/03/2013,13,52,4,1
06/03/2013,17,21,2,1
06/03/2013,15,6,4,3
06/03/2013,16,30,5,3
06/03/2013,12,7,4,3
06/03/2013,26,19,6,4
06/03/2013,29,22,4,3
06/03/2013,2,8,6,3
06/03/2013,23,28,2,3
07/03/2013,20,28,4,1
07/03/2013,24,27,2,0
07/03/2013,16,21,3,2
07/03/2013,10,9,5,4
08/03/2013,17,22,3,0
08/03/2013,4,5,4,5
08/03/2013,29,23,2,1
08/03/2013,26,25,2,5
08/03/2013,15,13,7,1
08/03/2013,6,10,4,2
08/03/2013,1,7,3,2
08/03/2013,14,52,1,2
08/03/2013,12,8,2,4
08/03/2013,2,3,1,2
08/03/2013,27,19,3,6
09/03/2013,28,19,3,4
09/03/2013,29,17,3,0
09/03/2013,18,22,6,0
09/03/2013,6,4,3,0
09/03/2013,2,15,5,2
09/03/2013,24,20,4,0
09/03/2013,13,52,2,3
09/03/2013,3,9,2,3
09/03/2013,21,16,6,2
10/03/2013,26,20,6,2
10/03/2013,27,25,2,1
10/03/2013,17,29,2,3
10/03/2013,10,5,4,5
10/03/2013,14,8,3,4
10/03/2013,18,30,1,2
10/03/2013,5,2,6,1
10/03/2013,15,3,1,4
10/03/2013,16,22,5,6
10/03/2013,12,1,6,3
10/03/2013,13,8,2,5
10/03/2013,4,7,3,2
10/03/2013,1,52,3,2
11/03/2013,30,23,4,2
11/03/2013,24,19,4,2
11/03/2013,21,28,3,2
11/03/2013,9,6,2,3
12/03/2013,29,23,1,2
12/03/2013,13,14,2,3
12/03/2013,26,20,3,1
12/03/2013,5,6,3,2
12/03/2013,15,12,0,4
12/03/2013,7,3,3,1
13/03/2013,27,26,5,2
13/03/2013,52,10,5,2
13/03/2013,19,28,4,2
13/03/2013,30,24,1,2
13/03/2013,8,9,4,3
13/03/2013,25,18,0,4
13/03/2013,21,22,0,4
13/03/2013,1,4,5,2
14/03/2013,6,13,4,1
14/03/2013,10,5,1,3
14/03/2013,12,15,2,3
14/03/2013,20,17,5,2
14/03/2013,14,2,0,2
14/03/2013,29,16,1,2
15/03/2013,52,3,3,1
15/03/2013,30,21,5,3
15/03/2013,23,18,7,4
15/03/2013,4,1,2,1
15/03/2013,19,27,3,0
15/03/2013,28,26,4,3
15/03/2013,25,24,1,2
16/03/2013,1,8,1,2
16/03/2013,7,9,3,4
16/03/2013,22,17,2,3
16/03/2013,6,15,4,1
16/03/2013,10,52,4,5
16/03/2013,29,27,1,0
16/03/2013,20,18,6,3
16/03/2013,13,2,3,4
16/03/2013,14,12,4,1
16/03/2013,21,30,4,6
16/03/2013,5,3,3,0
17/03/2013,26,28,5,2
17/03/2013,23,17,2,5
17/03/2013,5,6,2,1
17/03/2013,9,52,4,1
17/03/2013,15,7,5,3
17/03/2013,19,24,2,1
17/03/2013,25,16,1,8
18/03/2013,3,12,2,1
18/03/2013,22,18,3,2
18/03/2013,14,4,4,2
19/03/2013,26,27,4,0
19/03/2013,29,18,4,3
19/03/2013,21,16,2,5
19/03/2013,2,9,3,5
19/03/2013,25,20,4,3
19/03/2013,24,28,5,3
19/03/2013,8,7,2,3
19/03/2013,5,15,2,1
19/03/2013,12,13,1,4
19/03/2013,1,3,2,3
19/03/2013,23,30,1,3
20/03/2013,17,30,2,4
20/03/2013,52,6,3,1
20/03/2013,26,27,3,2
20/03/2013,10,14,4,2
20/03/2013,23,19,3,2
21/03/2013,22,28,3,4
21/03/2013,3,13,1,3
21/03/2013,7,10,5,4
21/03/2013,9,6,1,2
21/03/2013,12,1,1,4
21/03/2013,2,8,2,5
21/03/2013,21,25,4,3
21/03/2013,24,16,4,2
22/03/2013,27,23,1,2
22/03/2013,52,15,0,4
22/03/2013,18,20,5,3
22/03/2013,26,25,0,2
22/03/2013,52,15,1,6
22/03/2013,2,5,2,4
22/03/2013,29,20,5,1
23/03/2013,1,13,2,1
23/03/2013,26,23,0,1
23/03/2013,9,14,5,3
23/03/2013,10,6,3,2
23/03/2013,30,28,2,0
23/03/2013,24,17,1,5
23/03/2013,8,7,1,2
24/03/2013,18,29,5,2
24/03/2013,25,21,5,2
24/03/2013,22,19,0,3
24/03/2013,5,4,2,1
24/03/2013,2,13,3,0
24/03/2013,3,15,2,3
25/03/2013,52,14,3,2
25/03/2013,24,17,1,2
25/03/2013,21,23,2,3
25/03/2013,20,19,3,2
25/03/2013,6,10,3,2
25/03/2013,9,1,3,2
26/03/2013,25,30,4,7
26/03/2013,15,2,2,3
26/03/2013,5,8,1,0
26/03/2013,27,17,2,3
26/03/2013,18,22,3,2
26/03/2013,14,7,2,1
26/03/2013,24,28,3,5
26/03/2013,4,3,2,5
26/03/2013,16,26,4,5
26/03/2013,10,13,3,2
26/03/2013,12,52,1,4
27/03/2013,19,22,0,3
27/03/2013,16,20,2,0
27/03/2013,6,8,5,6
27/03/2013,23,29,1,0
28/03/2013,30,27,4,3
28/03/2013,9,3,3,0
28/03/2013,13,7,5,4
28/03/2013,28,24,4,0
28/03/2013,10,12,6,3
28/03/2013,5,52,4,0
28/03/2013,20,21,4,3
28/03/2013,4,2,3,4
29/03/2013,23,21,4,1
29/03/2013,22,29,6,4
29/03/2013,19,26,2,4
29/03/2013,18,27,4,7
29/03/2013,14,1,5,4
29/03/2013,28,17,2,0
30/03/2013,7,15,3,4
30/03/2013,8,3,3,0
30/03/2013,25,30,5,3
30/03/2013,5,2,2,0
30/03/2013,16,24,1,2
30/03/2013,21,18,1,0
30/03/2013,20,29,4,6
30/03/2013,4,6,3,1
30/03/2013,13,1,3,2
30/03/2013,52,12,1,3
30/03/2013,9,10,0,4
31/03/2013,30,26,4,3
31/03/2013,4,15,5,4
31/03/2013,29,24,2,1
31/03/2013,22,23,4,0
31/03/2013,7,6,0,2
31/03/2013,17,16,1,7
31/03/2013,28,27,3,2
31/03/2013,25,26,2,3
01/04/2013,17,21,3,2
01/04/2013,8,12,4,1
01/04/2013,1,2,1,3
01/04/2013,3,52,4,2
02/04/2013,25,24,0,4
02/04/2013,28,23,3,2
02/04/2013,16,18,3,2
02/04/2013,5,7,1,4
02/04/2013,30,19,1,4
02/04/2013,2,52,5,2
02/04/2013,14,13,2,3
02/04/2013,6,9,3,2
02/04/2013,12,15,3,5
02/04/2013,22,20,4,1
03/04/2013,3,5,6,1
03/04/2013,4,8,5,3
03/04/2013,27,26,3,1
03/04/2013,18,21,3,1
04/04/2013,12,14,0,5
04/04/2013,15,2,2,1
04/04/2013,10,4,3,5
04/04/2013,8,52,4,1
04/04/2013,24,25,5,2
04/04/2013,28,30,4,2
04/04/2013,6,1,1,0
04/04/2013,20,22,2,8
05/04/2013,26,30,3,0
05/04/2013,18,29,1,3
05/04/2013,23,22,4,0
05/04/2013,7,9,4,2
05/04/2013,27,17,4,2
05/04/2013,5,3,2,1
05/04/2013,16,19,3,4
06/04/2013,18,16,0,1
06/04/2013,24,25,1,3
06/04/2013,2,14,4,2
06/04/2013,8,6,2,1
06/04/2013,12,3,1,4
06/04/2013,28,20,2,1
06/04/2013,1,10,1,2
06/04/2013,21,17,2,3
06/04/2013,19,29,3,1
06/04/2013,26,22,4,1
06/04/2013,13,15,3,4
06/04/2013,52,4,4,1
07/04/2013,13,9,2,1
07/04/2013,15,14,4,2
07/04/2013,23,20,5,2
07/04/2013,16,18,5,3
07/04/2013,7,1,3,2
07/04/2013,29,30,0,3
07/04/2013,17,19,0,1
07/04/2013,27,21,4,0
07/04/2013,28,25,4,5
08/04/2013,6,12,6,2
08/04/2013,10,3,4,3
08/04/2013,24,26,4,3
09/04/2013,29,28,4,0
09/04/2013,2,4,4,1
09/04/2013,23,27,2,0
09/04/2013,12,5,3,5
09/04/2013,14,9,3,2
09/04/2013,21,20,1,3
09/04/2013,8,15,2,3
09/04/2013,24,22,2,1
10/04/2013,52,7,4,1
10/04/2013,25,26,5,1
10/04/2013,3,10,3,2
10/04/2013,18,19,0,1
10/04/2013,1,6,4,5
10/04/2013,30,16,0,1
11/04/2013,4,9,1,3
11/04/2013,6,2,1,2
11/04/2013,15,12,3,1
11/04/2013,22,27,1,3
11/04/2013,7,8,1,5
11/04/2013,20,23,1,4
11/04/2013,17,28,2,3
11/04/2013,14,5,3,6
11/04/2013,24,21,1,4
12/04/2013,29,19,4,1
12/04/2013,26,21,3,2
12/04/2013,1,9,0,2
12/04/2013,30,19,0,2
12/04/2013,52,13,7,2
13/04/2013,10,8,5,1
13/04/2013,21,23,4,3
13/04/2013,7,4,1,0
13/04/2013,13,5,1,3
13/04/2013,16,17,3,2
13/04/2013,20,27,3,2
13/04/2013,18,25,2,5
13/04/2013,15,14,6,5
13/04/2013,12,6,4,2
13/04/2013,2,3,0,1
14/04/2013,19,16,0,2
14/04/2013,7,14,3,1
14/04/2013,26,24,2,1
14/04/2013,22,20,1,4
14/04/2013,18,17,0,3
14/04/2013,25,28,2,1
14/04/2013,30,29,2,3
15/04/2013,10,1,2,0
15/04/2013,8,4,3,7
16/04/2013,2,13,5,2
16/04/2013,4,3,4,2
16/04/2013,20,30,3,4
16/04/2013,18,23,2,5
16/04/2013,15,10,5,1
16/04/2013,9,12,3,2
16/04/2013,27,28,0,4
16/04/2013,21,29,3,4
16/04/2013,16,25,5,2
17/04/2013,6,7,2,3
17/04/2013,52,14,4,3
17/04/2013,22,30,3,5
17/04/2013,28,26,3,2
17/04/2013,5,8,6,4
17/04/2013,19,23,2,1
18/04/2013,24,29,2,3
18/04/2013,8,14,3,2
18/04/2013,10,2,3,5
18/04/2013,4,1,0,3
18/04/2013,9,15,3,1
18/04/2013,3,13,6,1
18/04/2013,20,17,3,2
19/04/2013,25,23,5,1
19/04/2013,7,3,4,8
19/04/2013,28,30,6,1
19/04/2013,26,29,2,1
19/04/2013,19,27,2,1
19/04/2013,52,12,4,3
20/04/2013,9,10,1,4
20/04/2013,52,2,4,5
20/04/2013,20,24,3,1
20/04/2013,12,4,3,5
20/04/2013,16,18,5,4
20/04/2013,21,22,1,4
20/04/2013,8,15,1,5
20/04/2013,19,25,2,1
20/04/2013,6,5,2,3
20/04/2013,1,13,6,2
21/04/2013,6,13,3,0
21/04/2013,3,1,4,1
21/04/2013,30,20,1,4
21/04/2013,16,27,2,3
21/04/2013,23,17,2,1
21/04/2013,14,12,2,3
22/04/2013,17,27,4,0
22/04/2013,9,5,1,3
22/04/2013,26,25,4,3
22/04/2013,7,52,1,2
22/04/2013,22,24,1,3
22/04/2013,21,19,5,3
22/04/2013,28,29,3,4
23/04/2013,1,8,3,2
23/04/2013,23,16,3,1
23/04/2013,4,6,5,2
23/04/2013,5,7,2,4
23/04/2013,12,2,4,3
23/04/2013,13,3,3,2
23/04/2013,15,52,5,3
23/04/2013,22,24,0,3
24/04/2013,17,26,3,1
24/04/2013,18,20,4,3
24/04/2013,30,26,2,1
24/04/2013,28,25,3,2
24/04/2013,14,10,5,2
24/04/2013,19,21,3,1
25/04/2013,1,5,3,2
25/04/2013,6,14,2,0
25/04/2013,13,10,0,4
25/04/2013,27,28,2,1
25/04/2013,22,16,1,4
25/04/2013,17,18,5,2
25/04/2013,12,3,3,4
25/04/2013,4,2,2,1
25/04/2013,15,9,1,2
26/04/2013,19,20,4,1
26/04/2013,25,29,1,3
26/04/2013,7,2,2,1
26/04/2013,23,24,1,3
26/04/2013,52,8,2,4
27/04/2013,30,22,1,6
27/04/2013,10,8,1,4
27/04/2013,25,17,0,3
27/04/2013,21,30,1,3
27/04/2013,3,1,4,0
27/04/2013,27,21,4,5
27/04/2013,29,18,3,1
27/04/2013,9,4,1,2
27/04/2013,5,12,8,3
27/04/2013,15,6,3,2
27/04/2013,14,13,3,5
27/04/2013,16,20,3,1
28/04/2013,22,23,7,2
28/04/2013,19,16,3,1
28/04/2013,26,28,3,2
28/04/2013,6,9,2,4
28/04/2013,24,27,3,5
01/05/2013,16,30,2,1
01/05/2013,19,26,2,1
01/05/2013,24,17,3,1
01/05/2013,5,2,5,0
01/05/2013,6,10,4,1
02/05/2013,8,9,2,4
02/05/2013,15,3,3,1
02/05/2013,23,28,1,3
03/05/2013,8,9,3,1
03/05/2013,19,26,2,1
03/05/2013,24,17,4,5
03/05/2013,5,2,3,4
04/05/2013,16,30,5,2
04/05/2013,17,24,0,4
04/05/2013,15,3,1,0
04/05/2013,6,10,2,4
04/05/2013,23,28,2,3
05/05/2013,9,8,6,1
05/05/2013,30,16,3,2
05/05/2013,26,19,1,0
05/05/2013,2,5,4,5
06/05/2013,3,15,4,3
06/05/2013,10,6,2,5
06/05/2013,28,23,5,2
07/05/2013,9,8,3,2
07/05/2013,26,19,4,3
07/05/2013,17,24,3,2
07/05/2013,2,5,6,4
08/05/2013,30,16,0,3
08/05/2013,3,15,4,3
08/05/2013,10,6,3,4
08/05/2013,28,23,4,3
09/05/2013,8,9,1,6
09/05/2013,19,26,2,3
09/05/2013,24,17,3,2
09/05/2013,5,2,4,0
10/05/2013,16,30,5,1
10/05/2013,15,3,2,1
10/05/2013,6,10,1,2
11/05/2013,26,19,2,1
11/05/2013,17,24,4,3
11/05/2013,2,5,3,4
12/05/2013,3,15,1,0
12/05/2013,10,6,2,1
13/05/2013,24,17,2,3
13/05/2013,6,10,5,4
14/05/2013,15,3,0,5
14/05/2013,5,9,4,1
15/05/2013,26,28,2,0
16/05/2013,6,3,3,2
16/05/2013,16,17,4,1
17/05/2013,5,9,4,3
17/05/2013,26,28,4,3
18/05/2013,16,17,1,4
19/05/2013,6,3,5,2
19/05/2013,9,5,2,1
19/05/2013,28,26,2,1
20/05/2013,17,16,3,1
21/05/2013,3,6,1,2
22/05/2013,9,5,3,7
22/05/2013,28,26,2,1
23/05/2013,3,6,4,3
24/05/2013,17,16,2,0
24/05/2013,5,9,6,2
24/05/2013,26,28,3,0
25/05/2013,6,3,3,1
26/05/2013,16,17,4,1
27/05/2013,28,26,2,1
28/05/2013,17,16,3,4
29/05/2013,26,28,2,1
30/05/2013,16,17,2,1
01/06/2013,16,26,2,1
02/06/2013,5,6,0,3
03/06/2013,16,26,4,2
04/06/2013,5,6,1,6
05/06/2013,26,16,3,1
06/06/2013,6,5,2,1
07/06/2013,26,16,2,3
08/06/2013,6,5,1,0
09/06/2013,16,26,4,3
13/06/2013,16,6,4,3
16/06/2013,16,6,1,2
18/06/2013,6,16,2,0
20/06/2013,6,16,5,6
23/06/2013,16,6,3,1
25/06/2013,6,16,2,3
01/10/2013,8,10,3,4
02/10/2013,4,10,1,3
02/10/2013,16,15,6,4
02/10/2013,22,52,4,5
03/10/2013,6,14,3,1
03/10/2013,5,1,3,0
03/10/2013,17,7,2,1
03/10/2013,21,24,6,1
03/10/2013,15,20,5,4
04/10/2013,19,18,4,2
04/10/2013,28,23,4,1
04/10/2013,12,17,2,3
04/10/2013,7,9,0,1
04/10/2013,1,2,3,4
04/10/2013,29,20,3,4
04/10/2013,25,13,2,4
04/10/2013,27,3,4,1
04/10/2013,30,26,2,3
05/10/2013,6,17,4,1
05/10/2013,52,26,5,3
05/10/2013,5,7,4,1
05/10/2013,10,9,5,4
05/10/2013,8,4,4,1
05/10/2013,21,18,3,1
05/10/2013,2,29,2,3
06/10/2013,12,4,2,1
06/10/2013,16,14,2,3
06/10/2013,19,13,7,0
06/10/2013,23,22,6,2
06/10/2013,30,24,3,4
06/10/2013,25,15,2,1
06/10/2013,28,27,4,1
07/10/2013,52,24,2,3
07/10/2013,20,23,4,5
08/10/2013,2,27,6,1
08/10/2013,26,3,1,3
08/10/2013,10,21,1,2
08/10/2013,4,13,2,1
08/10/2013,22,1,5,4
08/10/2013,5,12,5,2
08/10/2013,7,14,2,3
09/10/2013,18,30,3,2
09/10/2013,23,1,3,2
09/10/2013,28,3,9,2
10/10/2013,19,16,3,2
10/10/2013,7,29,1,4
10/10/2013,15,12,2,3
10/10/2013,17,27,2,4
10/10/2013,26,9,4,3
10/10/2013,6,21,0,2
10/10/2013,14,13,7,2
10/10/2013,20,8,3,2
11/10/2013,4,27,1,2
11/10/2013,22,8,1,4
11/10/2013,13,5,6,3
11/10/2013,24,3,6,0
11/10/2013,18,10,0,4
11/10/2013,30,52,2,1
11/10/2013,12,26,1,2
11/10/2013,23,28,1,4
12/10/2013,20,1,3,2
12/10/2013,16,2,3,2
12/10/2013,15,21,1,5
12/10/2013,52,25,1,4
12/10/2013,29,6,1,3
12/10/2013,14,5,4,5
12/10/2013,17,4,5,2
12/10/2013,10,22,6,5
13/10/2013,18,2,3,2
13/10/2013,19,3,5,3
13/10/2013,30,25,5,1
13/10/2013,13,26,0,3
13/10/2013,28,9,3,2
13/10/2013,12,27,3,5
13/10/2013,16,7,2,1
13/10/2013,23,8,1,4
14/10/2013,15,22,4,2
14/10/2013,6,17,2,3
14/10/2013,24,9,4,1
14/10/2013,52,1,3,0
14/10/2013,7,30,1,2
15/10/2013,5,22,3,2
15/10/2013,4,23,2,3
15/10/2013,10,30,4,1
15/10/2013,2,7,3,4
15/10/2013,14,26,5,1
15/10/2013,12,16,2,3
16/10/2013,19,28,2,6
16/10/2013,17,29,2,1
16/10/2013,27,9,3,4
16/10/2013,21,25,3,2
16/10/2013,18,13,4,3
16/10/2013,52,8,0,3
17/10/2013,7,23,0,3
17/10/2013,9,1,5,2
17/10/2013,15,3,0,2
17/10/2013,24,20,3,2
17/10/2013,10,12,2,3
17/10/2013,4,5,1,4
17/10/2013,13,6,2,3
17/10/2013,8,29,5,3
17/10/2013,14,30,3,1
17/10/2013,2,22,3,2
18/10/2013,16,19,2,3
18/10/2013,21,17,2,4
18/10/2013,18,26,1,2
18/10/2013,25,28,4,3
19/10/2013,8,18,1,2
19/10/2013,1,3,4,0
19/10/2013,5,23,4,3
19/10/2013,7,21,2,4
19/10/2013,52,19,4,3
19/10/2013,16,10,3,1
19/10/2013,2,12,3,4
19/10/2013,13,30,2,1
19/10/2013,15,29,4,1
19/10/2013,24,27,3,2
19/10/2013,9,22,1,3
19/10/2013,14,6,0,5
20/10/2013,27,17,5,2
20/10/2013,28,20,6,3
20/10/2013,26,25,5,2
20/10/2013,29,23,3,1
21/10/2013,24,25,6,3
21/10/2013,17,28,0,1
21/10/2013,5,21,0,1
21/10/2013,52,18,1,3
22/10/2013,8,22,3,4
22/10/2013,26,20,2,3
22/10/2013,2,23,4,5
22/10/2013,10,24,4,2
22/10/2013,29,1,4,1
22/10/2013,13,16,2,3
23/10/2013,30,18,2,0
23/10/2013,17,9,1,6
23/10/2013,52,15,4,5
23/10/2013,27,20,4,2
24/10/2013,7,6,2,5
24/10/2013,6,28,2,1
24/10/2013,4,3,2,1
24/10/2013,14,16,6,5
24/10/2013,8,24,4,1
24/10/2013,1,23,2,3
25/10/2013,26,27,7,4
25/10/2013,13,7,1,3
25/10/2013,22,15,1,4
25/10/2013,5,2,3,4
25/10/2013,18,52,3,2
25/10/2013,30,12,3,1
25/10/2013,25,20,5,1
25/10/2013,29,10,5,2
25/10/2013,9,24,1,2
26/10/2013,19,23,2,3
26/10/2013,2,4,2,5
26/10/2013,8,28,0,2
26/10/2013,25,52,1,2
26/10/2013,14,7,3,2
26/10/2013,17,3,2,3
26/10/2013,10,5,4,1
26/10/2013,6,1,3,4
26/10/2013,21,12,4,2
26/10/2013,27,22,5,4
27/10/2013,18,19,1,6
27/10/2013,20,15,5,2
27/10/2013,29,24,3,4
27/10/2013,9,28,2,5
27/10/2013,16,30,3,5
27/10/2013,13,14,3,4
28/10/2013,21,52,3,2
28/10/2013,12,5,1,3
28/10/2013,26,22,2,1
28/10/2013,7,25,3,4
28/10/2013,3,8,0,2
29/10/2013,4,24,2,3
29/10/2013,8,25,2,1
29/10/2013,1,14,2,1
29/10/2013,23,15,3,2
29/10/2013,2,3,2,3
29/10/2013,30,16,1,5
30/10/2013,27,26,3,1
30/10/2013,19,52,3,2
30/10/2013,16,9,6,5
30/10/2013,22,10,0,4
31/10/2013,20,10,2,4
31/10/2013,6,24,3,2
31/10/2013,5,6,3,2
31/10/2013,26,28,4,3
31/10/2013,23,17,1,2
31/10/2013,3,7,2,0
01/11/2013,5,29,4,2
01/11/2013,27,18,5,4
01/11/2013,9,2,4,5
01/11/2013,12,14,0,3
01/11/2013,4,15,0,7
01/11/2013,13,19,0,4
02/11/2013,23,10,4,0
02/11/2013,25,21,2,3
02/11/2013,30,8,4,3
02/11/2013,1,4,0,1
02/11/2013,15,13,3,2
02/11/2013,7,24,3,6
02/11/2013,3,12,5,1
02/11/2013,2,6,3,1
02/11/2013,52,16,1,5
02/11/2013,29,5,0,3
02/11/2013,20,17,3,4
02/11/2013,14,19,4,2
03/11/2013,26,18,3,4
03/11/2013,22,17,0,5
03/11/2013,28,27,2,3
03/11/2013,9,25,3,4
03/11/2013,21,8,4,1
04/11/2013,16,20,2,3
04/11/2013,30,1,4,0
05/11/2013,52,17,4,2
05/11/2013,3,24,1,2
06/11/2013,13,22,3,4
06/11/2013,28,7,4,5
06/11/2013,27,23,3,2
06/11/2013,15,2,6,2
06/11/2013,29,9,1,4
06/11/2013,12,4,2,1
06/11/2013,30,20,5,1
06/11/2013,6,25,2,3
06/11/2013,8,19,2,3
07/11/2013,16,52,4,1
07/11/2013,21,18,4,6
07/11/2013,3,5,5,1
07/11/2013,24,27,5,2
08/11/2013,6,13,4,1
08/11/2013,19,20,3,2
08/11/2013,17,25,3,4
08/11/2013,26,7,2,0
08/11/2013,9,8,4,1
08/11/2013,28,23,2,4
08/11/2013,12,2,1,0
08/11/2013,15,30,3,2
08/11/2013,29,3,2,4
08/11/2013,4,1,0,3
08/11/2013,14,22,4,2
09/11/2013,24,7,6,2
09/11/2013,9,13,3,2
09/11/2013,52,18,5,0
09/11/2013,21,20,4,2
09/11/2013,10,1,2,1
09/11/2013,4,22,4,2
10/11/2013,25,16,2,5
10/11/2013,29,2,5,2
10/11/2013,19,5,2,1
10/11/2013,12,30,2,3
10/11/2013,17,14,2,3
10/11/2013,6,10,3,1
10/11/2013,26,23,5,1
10/11/2013,8,2,4,2
10/11/2013,27,15,4,3
11/11/2013,3,13,4,3
11/11/2013,24,23,3,1
11/11/2013,6,14,3,0
11/11/2013,52,28,5,4
11/11/2013,16,22,5,4
11/11/2013,1,18,5,0
11/11/2013,21,15,4,1
13/11/2013,20,28,2,3
13/11/2013,13,24,3,2
13/11/2013,9,4,0,5
13/11/2013,2,18,3,1
13/11/2013,7,26,3,2
13/11/2013,12,21,2,1
13/11/2013,15,29,4,3
13/11/2013,8,14,1,2
13/11/2013,17,52,2,3
13/11/2013,19,27,2,3
13/11/2013,3,1,2,3
14/11/2013,5,4,1,2
14/11/2013,22,25,0,3
14/11/2013,30,10,2,1
15/11/2013,16,27,5,4
15/11/2013,20,25,3,7
15/11/2013,19,21,7,3
15/11/2013,6,29,3,2
15/11/2013,14,24,5,1
15/11/2013,2,26,2,3
15/11/2013,23,28,1,2
16/11/2013,22,28,1,3
16/11/2013,1,26,0,2
16/11/2013,52,4,3,2
16/11/2013,30,13,3,2
16/11/2013,17,15,3,4
16/11/2013,12,24,3,2
16/11/2013,7,10,3,1
16/11/2013,5,18,4,1
16/11/2013,29,8,2,3
16/11/2013,9,6,4,2
17/11/2013,18,16,7,2
17/11/2013,8,3,0,1
17/11/2013,19,12,4,2
17/11/2013,27,14,6,3
17/11/2013,10,7,4,2
17/11/2013,2,17,5,4
17/11/2013,20,22,2,4
17/11/2013,1,5,4,1
17/11/2013,15,19,4,1
17/11/2013,21,13,1,4
17/11/2013,9,29,1,4
18/11/2013,30,52,2,1
18/11/2013,23,25,1,2
18/11/2013,16,28,5,1
18/11/2013,3,26,0,1
19/11/2013,5,24,3,1
19/11/2013,12,6,1,4
19/11/2013,52,20,4,5
20/11/2013,7,19,1,4
20/11/2013,22,29,7,0
20/11/2013,8,30,6,2
20/11/2013,17,18,0,2
20/11/2013,26,14,5,2
20/11/2013,23,13,2,3
20/11/2013,21,16,5,1
20/11/2013,4,9,5,2
20/11/2013,3,6,1,2
20/11/2013,10,2,5,2
21/11/2013,24,1,3,4
21/11/2013,20,29,1,2
21/11/2013,9,30,3,4
21/11/2013,15,5,0,4
22/11/2013,28,14,5,1
22/11/2013,22,13,4,1
22/11/2013,6,19,2,3
22/11/2013,10,18,2,4
22/11/2013,25,3,2,3
22/11/2013,52,16,3,6
22/11/2013,26,1,1,2
22/11/2013,17,12,4,3
22/11/2013,27,21,3,4
22/11/2013,4,7,4,1
23/11/2013,5,2,4,3
23/11/2013,23,29,6,2
23/11/2013,20,13,4,3
23/11/2013,6,12,3,2
23/11/2013,15,8,2,3
23/11/2013,24,14,1,0
23/11/2013,52,30,2,3
24/11/2013,10,15,2,1
24/11/2013,8,5,3,2
24/11/2013,7,17,1,3
24/11/2013,17,9,2,4
24/11/2013,28,1,2,1
24/11/2013,19,25,6,1
24/11/2013,12,9,4,1
24/11/2013,4,2,5,2
24/11/2013,23,16,1,2
24/11/2013,27,24,2,4
24/11/2013,18,3,0,2
24/11/2013,26,21,0,1
26/11/2013,10,29,0,6
26/11/2013,1,52,1,3
26/11/2013,22,16,1,5
26/11/2013,13,4,3,1
26/11/2013,14,3,5,0
26/11/2013,23,26,2,3
26/11/2013,6,5,4,3
26/11/2013,19,30,3,0
26/11/2013,18,27,4,2
27/11/2013,25,24,6,3
28/11/2013,30,27,1,3
28/11/2013,28,26,3,2
28/11/2013,14,4,4,2
28/11/2013,17,6,6,1
28/11/2013,5,10,6,5
28/11/2013,29,18,0,4
28/11/2013,1,12,3,4
28/11/2013,2,52,2,3
28/11/2013,20,16,2,3
28/11/2013,15,9,4,6
28/11/2013,7,8,1,3
28/11/2013,13,3,2,5
28/11/2013,21,19,1,4
29/11/2013,2,17,0,5
29/11/2013,30,21,1,3
29/11/2013,24,20,5,2
29/11/2013,9,23,2,5
29/11/2013,6,3,3,2
29/11/2013,14,5,0,3
29/11/2013,15,8,3,2
29/11/2013,18,22,0,3
29/11/2013,4,52,2,1
29/11/2013,28,19,6,3
30/11/2013,3,23,5,2
30/11/2013,7,10,3,2
30/11/2013,12,1,2,5
30/11/2013,29,22,4,2
30/11/2013,25,16,1,2
01/12/2013,12,23,2,3
01/12/2013,21,30,3,2
01/12/2013,1,7,1,0
01/12/2013,18,4,2,3
01/12/2013,13,5,1,5
01/12/2013,8,10,4,2
01/12/2013,25,22,2,3
01/12/2013,9,17,2,4
01/12/2013,2,15,2,3
01/12/2013,6,29,3,1
01/12/2013,27,16,2,5
01/12/2013,28,24,4,3
01/12/2013,26,20,1,2
03/12/2013,30,4,2,0
03/12/2013,26,19,3,2
03/12/2013,3,52,2,5
03/12/2013,8,1,3,2
04/12/2013,2,5,2,3
04/12/2013,24,26,2,3
04/12/2013,10,28,2,4
04/12/2013,18,23,1,3
04/12/2013,13,9,2,4
04/12/2013,22,27,2,6
04/12/2013,15,12,1,4
04/12/2013,29,14,1,0
04/12/2013,16,25,3,4
05/12/2013,1,8,3,4
05/12/2013,20,27,4,1
05/12/2013,17,4,3,6
06/12/2013,14,9,3,1
06/12/2013,5,28,5,1
06/12/2013,10,25,3,2
06/12/2013,22,21,8,2
06/12/2013,13,52,5,2
06/12/2013,19,2,5,1
06/12/2013,18,12,2,5
06/12/2013,8,6,2,1
06/12/2013,7,3,1,3
06/12/2013,30,16,4,3
07/12/2013,25,4,5,1
07/12/2013,29,30,4,0
07/12/2013,20,21,2,3
07/12/2013,12,28,5,3
07/12/2013,16,24,2,3
07/12/2013,23,27,3,2
07/12/2013,1,17,1,3
08/12/2013,14,52,1,2
08/12/2013,30,28,3,1
08/12/2013,3,1,3,4
08/12/2013,19,24,2,5
08/12/2013,15,18,5,2
08/12/2013,8,7,3,2
08/12/2013,6,5,3,2
08/12/2013,17,13,1,2
08/12/2013,9,10,3,4
08/12/2013,26,2,3,0
08/12/2013,22,20,1,2
09/12/2013,23,21,3,1
09/12/2013,16,13,6,2
09/12/2013,10,6,2,5
09/12/2013,3,15,1,4
10/12/2013,23,12,2,0
10/12/2013,9,4,5,4
10/12/2013,24,2,5,2
10/12/2013,5,29,2,1
11/12/2013,13,17,3,2
11/12/2013,21,27,1,3
11/12/2013,52,19,1,2
11/12/2013,29,1,5,4
11/12/2013,28,2,2,3
11/12/2013,15,14,6,5
11/12/2013,3,18,1,4
11/12/2013,8,26,0,6
11/12/2013,22,12,5,4
11/12/2013,20,6,1,2
11/12/2013,25,16,2,6
11/12/2013,7,9,2,1
12/12/2013,24,30,2,1
12/12/2013,16,4,7,2
12/12/2013,10,26,1,3
13/12/2013,52,21,3,4
13/12/2013,14,17,2,1
13/12/2013,4,8,2,1
13/12/2013,28,30,3,1
13/12/2013,19,10,6,3
13/12/2013,27,2,6,3
13/12/2013,22,6,2,4
13/12/2013,20,12,2,1
13/12/2013,18,25,3,1
13/12/2013,9,7,2,1
13/12/2013,3,29,2,4
14/12/2013,7,20,1,2
14/12/2013,13,15,3,2
14/12/2013,52,25,4,6
14/12/2013,23,22,4,0
14/12/2013,5,1,3,2
14/12/2013,9,26,2,5
15/12/2013,21,30,1,2
15/12/2013,23,6,6,2
15/12/2013,10,16,7,3
15/12/2013,15,4,5,4
15/12/2013,18,28,3,2
15/12/2013,17,14,0,3
15/12/2013,17,5,1,4
15/12/2013,1,14,3,0
15/12/2013,2,8,0,1
15/12/2013,8,13,1,2
15/12/2013,29,19,3,4
15/12/2013,27,12,1,3
16/12/2013,16,26,3,1
16/12/2013,3,20,4,3
16/12/2013,24,22,3,2
17/12/2013,29,52,2,3
17/12/2013,5,10,3,1
17/12/2013,21,25,6,2
17/12/2013,9,19,3,2
18/12/2013,2,14,2,3
18/12/2013,6,20,2,0
18/12/2013,18,16,1,3
18/12/2013,10,13,1,3
18/12/2013,4,15,5,2
18/12/2013,7,52,4,2
18/12/2013,26,22,3,0
18/12/2013,17,24,2,5
18/12/2013,25,21,3,2
18/12/2013,8,27,3,1
18/12/2013,19,28,2,4
18/12/2013,30,23,3,2
19/12/2013,1,9,5,2
19/12/2013,3,5,3,4
20/12/2013,21,22,4,2
20/12/2013,7,6,4,2
20/12/2013,14,18,4,2
20/12/2013,10,27,2,1
20/12/2013,5,30,5,2
20/12/2013,19,8,5,1
20/12/2013,26,28,4,1
20/12/2013,9,13,2,4
20/12/2013,25,23,4,1
20/12/2013,4,29,5,4
20/12/2013,17,20,3,2
21/12/2013,3,2,3,5
21/12/2013,12,15,2,4
21/12/2013,1,24,2,3
21/12/2013,52,13,5,2
21/12/2013,9,27,3,4
21/12/2013,5,20,4,3
21/12/2013,26,21,3,2
21/12/2013,16,23,2,3
22/12/2013,22,19,0,6
22/12/2013,6,7,4,1
22/12/2013,2,24,3,5
22/12/2013,10,17,4,5
22/12/2013,18,8,3,4
22/12/2013,14,12,3,2
22/12/2013,29,4,6,3
22/12/2013,28,25,3,2
22/12/2013,15,1,4,5
23/12/2013,3,30,4,1
23/12/2013,23,52,2,1
24/12/2013,20,19,4,3
24/12/2013,9,5,5,0
24/12/2013,22,52,6,2
24/12/2013,26,25,2,5
24/12/2013,7,27,2,1
24/12/2013,15,24,2,3
24/12/2013,16,1,5,2
24/12/2013,4,30,4,1
24/12/2013,12,29,3,4
24/12/2013,3,10,2,1
24/12/2013,18,6,2,6
24/12/2013,13,14,1,6
24/12/2013,28,21,5,4
24/12/2013,17,2,0,3
28/12/2013,6,9,5,0
28/12/2013,12,5,3,4
28/12/2013,16,21,7,2
28/12/2013,25,18,4,1
28/12/2013,1,29,1,2
28/12/2013,52,30,6,4
28/12/2013,27,28,3,4
28/12/2013,20,22,0,2
28/12/2013,15,3,3,2
28/12/2013,10,7,4,3
29/12/2013,7,15,2,1
29/12/2013,2,1,1,2
29/12/2013,13,17,3,4
29/12/2013,19,16,6,5
29/12/2013,24,27,3,2
29/12/2013,25,19,2,3
29/12/2013,14,8,1,2
29/12/2013,22,4,3,4
29/12/2013,13,8,4,1
29/12/2013,9,6,4,3
29/12/2013,29,5,3,5
29/12/2013,18,26,3,2
30/12/2013,30,2,4,5
30/12/2013,10,12,5,2
30/12/2013,28,24,3,1
30/12/2013,14,3,3,4
30/12/2013,20,23,0,2
30/12/2013,21,52,1,2
31/12/2013,23,4,3,4
31/12/2013,1,5,2,1
31/12/2013,18,17,6,4
31/12/2013,13,3,1,2
31/12/2013,30,19,1,2
31/12/2013,9,15,3,1
31/12/2013,16,26,1,0
01/01/2014,20,4,1,4
01/01/2014,27,22,4,3
01/01/2014,52,7,3,0
01/01/2014,6,2,3,5
01/01/2014,24,28,6,3
01/01/2014,25,26,3,2
01/01/2014,17,10,2,3
01/01/2014,21,29,5,3
01/01/2014,12,8,5,4
02/01/2014,23,14,2,4
03/01/2014,25,8,4,6
03/01/2014,28,22,5,1
03/01/2014,6,18,3,2
03/01/2014,21,4,2,1
03/01/2014,27,29,0,2
03/01/2014,9,52,4,3
03/01/2014,15,12,3,4
03/01/2014,2,16,3,2
03/01/2014,30,7,4,1
03/01/2014,19,26,5,0
04/01/2014,20,14,0,2
04/01/2014,24,22,5,2
04/01/2014,21,28,4,3
04/01/2014,5,3,5,2
04/01/2014,1,16,3,5
04/01/2014,6,52,4,1
05/01/2014,7,1,2,1
05/01/2014,27,4,3,5
05/01/2014,30,15,5,3
05/01/2014,10,3,1,7
05/01/2014,26,23,3,1
05/01/2014,8,9,3,4
05/01/2014,2,12,2,3
05/01/2014,19,29,6,2
05/01/2014,5,52,6,5
05/01/2014,13,18,5,4
05/01/2014,25,17,1,5
06/01/2014,22,14,5,3
06/01/2014,16,28,2,3
06/01/2014,24,23,4,3
06/01/2014,12,18,2,1
07/01/2014,8,13,2,1
07/01/2014,3,29,3,4
07/01/2014,21,20,3,4
07/01/2014,2,25,7,3
08/01/2014,27,20,6,0
08/01/2014,24,6,5,2
08/01/2014,10,2,3,5
08/01/2014,26,30,1,2
08/01/2014,1,4,2,3
08/01/2014,52,14,2,4
08/01/2014,23,5,4,5
08/01/2014,22,19,2,5
08/01/2014,18,28,3,2
09/01/2014,21,9,4,3
09/01/2014,16,3,2,3
09/01/2014,4,8,3,1
10/01/2014,1,25,1,0
10/01/2014,12,10,6,1
10/01/2014,14,15,3,4
10/01/2014,27,30,1,4
10/01/2014,18,24,3,4
10/01/2014,7,13,1,2
10/01/2014,28,17,4,1
10/01/2014,26,6,4,2
10/01/2014,20,19,0,5
11/01/2014,23,19,2,1
11/01/2014,3,25,3,2
11/01/2014,29,12,3,0
11/01/2014,22,5,4,3
11/01/2014,15,10,3,2
11/01/2014,21,2,1,2
11/01/2014,4,14,3,6
12/01/2014,20,5,1,2
12/01/2014,52,29,3,6
12/01/2014,28,6,0,1
12/01/2014,15,7,1,2
12/01/2014,18,9,1,2
12/01/2014,26,17,1,3
12/01/2014,1,13,2,1
12/01/2014,8,16,2,1
12/01/2014,27,24,3,5
12/01/2014,30,21,2,4
12/01/2014,25,2,2,4
13/01/2014,18,30,0,4
13/01/2014,10,1,3,2
13/01/2014,24,17,1,0
13/01/2014,16,22,5,3
13/01/2014,3,4,4,1
14/01/2014,12,20,0,2
14/01/2014,29,14,3,2
14/01/2014,26,23,1,0
14/01/2014,52,27,5,1
15/01/2014,18,20,4,2
15/01/2014,19,27,2,1
15/01/2014,7,4,3,4
15/01/2014,15,28,1,2
15/01/2014,16,21,2,3
15/01/2014,30,9,0,3
15/01/2014,8,1,1,4
15/01/2014,3,14,1,2
15/01/2014,25,22,5,2
15/01/2014,13,2,4,2
15/01/2014,6,10,3,4
16/01/2014,10,7,4,3
16/01/2014,5,15,4,3
16/01/2014,24,23,9,1
17/01/2014,14,2,1,2
17/01/2014,25,6,2,4
17/01/2014,4,18,3,4
17/01/2014,9,8,4,5
17/01/2014,27,23,1,0
17/01/2014,19,26,1,4
17/01/2014,21,1,2,1
17/01/2014,3,17,1,0
17/01/2014,30,22,4,1
17/01/2014,13,28,0,3
17/01/2014,20,52,2,5
18/01/2014,9,3,1,4
18/01/2014,14,28,4,5
18/01/2014,16,24,4,2
18/01/2014,52,22,3,2
18/01/2014,29,15,5,1
19/01/2014,10,8,5,3
19/01/2014,4,2,6,4
19/01/2014,23,20,3,2
19/01/2014,30,25,3,2
19/01/2014,12,13,3,2
19/01/2014,19,24,2,3
19/01/2014,16,6,3,2
19/01/2014,27,1,3,2
19/01/2014,12,14,3,5
19/01/2014,17,26,3,2
19/01/2014,7,29,3,4
19/01/2014,18,21,4,5
20/01/2014,2,4,4,3
20/01/2014,6,26,3,2
20/01/2014,3,15,4,1
21/01/2014,28,20,3,2
21/01/2014,5,13,1,5
21/01/2014,17,19,1,4
21/01/2014,27,10,2,4
21/01/2014,18,25,4,1
22/01/2014,4,12,2,3
22/01/2014,3,2,3,5
22/01/2014,22,23,1,2
22/01/2014,24,52,2,3
22/01/2014,21,10,2,5
22/01/2014,25,30,4,0
22/01/2014,29,26,5,3
22/01/2014,1,19,7,1
22/01/2014,7,13,3,4
22/01/2014,15,9,0,2
23/01/2014,17,16,5,4
23/01/2014,20,27,3,2
23/01/2014,5,8,5,1
24/01/2014,2,5,4,6
24/01/2014,3,19,1,2
24/01/2014,30,16,2,1
24/01/2014,7,12,3,5
24/01/2014,24,26,2,1
24/01/2014,14,9,4,3
24/01/2014,28,52,1,0
24/01/2014,23,18,1,2
24/01/2014,29,4,5,2
24/01/2014,25,10,7,1
25/01/2014,20,18,5,4
25/01/2014,22,27,3,4
25/01/2014,12,9,6,3
25/01/2014,2,19,3,4
25/01/2014,4,6,1,6
25/01/2014,17,8,4,1
25/01/2014,13,21,2,3
25/01/2014,1,15,2,1
26/01/2014,25,5,3,0
26/01/2014,26,24,0,3
26/01/2014,28,30,3,2
26/01/2014,52,10,5,4
26/01/2014,29,7,2,5
26/01/2014,17,13,4,5
26/01/2014,8,15,0,5
26/01/2014,14,21,5,2
26/01/2014,1,3,3,7
27/01/2014,22,18,5,1
27/01/2014,16,52,1,3
27/01/2014,23,27,5,4
28/01/2014,28,26,0,1
28/01/2014,23,22,2,4
28/01/2014,25,21,3,4
28/01/2014,12,29,3,2
28/01/2014,2,6,3,6
28/01/2014,5,7,3,0
29/01/2014,24,30,2,4
29/01/2014,6,13,6,2
29/01/2014,29,9,2,3
29/01/2014,10,14,3,2
29/01/2014,19,1,3,0
29/01/2014,7,15,4,5
29/01/2014,52,18,3,4
29/01/2014,20,16,5,4
29/01/2014,27,26,3,0
29/01/2014,4,17,5,0
29/01/2014,8,12,3,0
30/01/2014,23,16,2,5
30/01/2014,22,28,3,0
30/01/2014,2,3,1,2
31/01/2014,21,30,5,4
31/01/2014,24,4,5,3
31/01/2014,9,14,5,3
31/01/2014,25,1,2,3
31/01/2014,10,13,6,3
31/01/2014,26,5,1,4
31/01/2014,6,8,1,4
31/01/2014,27,7,2,3
31/01/2014,29,15,5,2
31/01/2014,20,28,4,1
01/02/2014,12,19,3,1
01/02/2014,17,15,4,3
01/02/2014,18,1,3,2
01/02/2014,52,23,4,3
01/02/2014,21,7,7,1
01/02/2014,3,2,4,1
01/02/2014,8,14,1,2
01/02/2014,26,4,0,2
01/02/2014,6,22,4,0
02/02/2014,15,17,6,5
02/02/2014,27,5,3,1
02/02/2014,28,16,2,1
02/02/2014,19,18,4,3
02/02/2014,8,52,1,2
02/02/2014,20,30,4,3
02/02/2014,24,25,0,2
02/02/2014,10,9,6,3
02/02/2014,29,13,4,1
04/02/2014,5,9,2,1
04/02/2014,24,29,2,4
04/02/2014,26,16,3,5
04/02/2014,28,4,2,5
04/02/2014,17,23,2,0
04/02/2014,1,21,1,2
04/02/2014,7,22,2,3
05/02/2014,13,10,4,1
05/02/2014,15,2,0,1
05/02/2014,27,25,1,3
05/02/2014,8,20,2,0
05/02/2014,6,23,3,1
05/02/2014,30,14,2,1
05/02/2014,3,21,5,1
05/02/2014,19,9,4,5
05/02/2014,12,52,1,2
06/02/2014,7,5,1,5
06/02/2014,28,25,2,1
06/02/2014,24,16,0,2
07/02/2014,15,52,4,2
07/02/2014,4,21,3,1
07/02/2014,14,10,1,4
07/02/2014,26,29,2,1
07/02/2014,2,20,2,4
07/02/2014,8,23,5,2
07/02/2014,9,7,3,2
07/02/2014,30,18,3,2
07/02/2014,19,6,3,2
07/02/2014,13,17,1,3
07/02/2014,3,22,1,2
08/02/2014,10,23,3,1
08/02/2014,6,9,7,2
08/02/2014,5,3,3,4
08/02/2014,12,8,1,4
08/02/2014,27,16,2,0
08/02/2014,19,52,4,3
08/02/2014,12,13,5,1
08/02/2014,28,29,3,2
08/02/2014,4,20,2,1
08/02/2014,1,22,2,1
09/02/2014,18,24,2,5
09/02/2014,25,27,2,1
09/02/2014,15,1,3,0
09/02/2014,14,17,4,2
09/02/2014,2,21,2,5
26/02/2014,7,12,3,2
27/02/2014,23,19,1,0
27/02/2014,7,6,5,4
27/02/2014,21,26,4,6
27/02/2014,8,17,1,2
28/02/2014,2,10,5,4
28/02/2014,1,29,5,2
28/02/2014,20,26,0,2
28/02/2014,4,28,3,7
28/02/2014,18,14,3,2
28/02/2014,9,17,1,6
28/02/2014,13,15,4,5
28/02/2014,25,12,4,1
28/02/2014,52,27,3,2
28/02/2014,22,30,0,3
28/02/2014,5,8,5,6
28/02/2014,3,16,2,1
01/03/2014,7,28,4,2
01/03/2014,6,15,2,4
01/03/2014,23,30,1,2
01/03/2014,29,13,6,3
01/03/2014,4,3,4,2
01/03/2014,18,52,1,3
01/03/2014,26,12,3,1
01/03/2014,25,14,2,4
01/03/2014,24,19,1,0
01/03/2014,21,27,4,2
01/03/2014,2,1,1,6
02/03/2014,23,9,2,4
02/03/2014,1,28,2,4
02/03/2014,15,4,4,5
02/03/2014,8,10,4,3
02/03/2014,16,5,5,1
02/03/2014,22,20,1,2
02/03/2014,2,13,3,5
03/03/2014,27,19,2,4
03/03/2014,21,14,6,3
03/03/2014,3,6,3,6
03/03/2014,24,12,5,3
04/03/2014,10,29,1,2
04/03/2014,26,8,2,1
04/03/2014,30,20,3,2
04/03/2014,25,7,3,2
05/03/2014,6,13,4,1
05/03/2014,18,5,1,3
05/03/2014,29,25,4,2
05/03/2014,52,2,2,3
05/03/2014,22,9,3,2
05/03/2014,1,17,4,3
05/03/2014,16,21,2,4
05/03/2014,27,23,1,0
05/03/2014,28,12,2,3
05/03/2014,19,14,4,2
06/03/2014,24,8,3,4
06/03/2014,4,15,6,4
06/03/2014,20,9,4,1
06/03/2014,3,10,2,3
07/03/2014,14,7,1,3
07/03/2014,28,5,5,3
07/03/2014,18,19,1,2
07/03/2014,27,8,5,2
07/03/2014,17,21,2,3
07/03/2014,6,15,3,0
07/03/2014,52,26,1,3
07/03/2014,22,2,3,2
07/03/2014,25,23,6,1
07/03/2014,16,29,6,1
08/03/2014,21,19,1,2
08/03/2014,24,5,2,3
08/03/2014,20,2,4,3
08/03/2014,13,7,2,0
08/03/2014,17,1,7,4
08/03/2014,52,9,3,5
08/03/2014,12,3,2,4
09/03/2014,18,29,0,1
09/03/2014,14,6,3,4
09/03/2014,10,4,4,3
09/03/2014,13,6,2,5
09/03/2014,7,16,1,2
09/03/2014,28,8,4,0
09/03/2014,15,27,3,2
09/03/2014,3,17,3,0
09/03/2014,1,12,5,4
09/03/2014,25,30,4,3
09/03/2014,23,20,2,1
10/03/2014,14,27,3,4
10/03/2014,30,19,2,3
10/03/2014,15,5,2,3
10/03/2014,9,18,3,4
10/03/2014,22,26,2,4
11/03/2014,21,52,3,2
11/03/2014,12,3,3,1
11/03/2014,24,10,1,3
11/03/2014,7,18,1,4
11/03/2014,20,26,2,3
11/03/2014,4,1,1,2
11/03/2014,13,27,1,3
11/03/2014,23,2,4,7
11/03/2014,5,15,2,0
11/03/2014,29,17,4,1
12/03/2014,30,22,3,4
12/03/2014,8,6,1,4
12/03/2014,28,10,6,2
12/03/2014,19,25,2,3
12/03/2014,52,23,2,3
13/03/2014,21,16,3,2
13/03/2014,6,27,2,1
13/03/2014,12,7,4,2
13/03/2014,14,13,5,4
13/03/2014,29,28,3,4
13/03/2014,20,24,7,2
14/03/2014,13,1,5,3
14/03/2014,15,23,4,3
14/03/2014,19,22,6,2
14/03/2014,17,22,2,1
14/03/2014,2,28,3,4
14/03/2014,26,10,2,3
14/03/2014,30,3,2,1
15/03/2014,14,1,3,0
15/03/2014,6,12,5,1
15/03/2014,8,9,5,4
15/03/2014,25,20,3,4
15/03/2014,52,3,2,4
15/03/2014,16,18,2,3
15/03/2014,2,7,4,1
15/03/2014,21,24,4,6
15/03/2014,4,5,4,0
16/03/2014,9,21,1,3
16/03/2014,3,28,0,1
16/03/2014,5,4,3,4
16/03/2014,12,22,1,2
16/03/2014,30,29,1,2
16/03/2014,27,20,3,2
16/03/2014,13,23,3,4
16/03/2014,7,8,0,2
16/03/2014,16,17,4,1
16/03/2014,26,24,1,2
16/03/2014,15,10,4,2
16/03/2014,18,19,1,4
17/03/2014,14,23,4,3
17/03/2014,6,30,4,1
17/03/2014,52,25,7,2
18/03/2014,2,30,0,6
18/03/2014,17,10,3,2
18/03/2014,19,52,3,1
18/03/2014,5,25,5,1
18/03/2014,1,6,2,4
18/03/2014,26,27,3,4
18/03/2014,8,21,6,3
18/03/2014,9,3,4,8
18/03/2014,29,12,1,3
18/03/2014,4,16,3,2
19/03/2014,24,15,2,3
19/03/2014,10,14,3,5
19/03/2014,28,13,2,3
19/03/2014,22,18,5,1
19/03/2014,20,7,3,1
20/03/2014,1,30,4,3
20/03/2014,17,5,5,4
20/03/2014,4,25,4,2
20/03/2014,16,19,4,0
20/03/2014,8,29,2,3
20/03/2014,9,14,4,5
20/03/2014,23,18,2,0
20/03/2014,52,21,5,4
21/03/2014,26,15,2,1
21/03/2014,29,3,1,3
21/03/2014,28,24,3,2
21/03/2014,22,7,1,3
21/03/2014,27,13,2,1
22/03/2014,1,3,0,2
22/03/2014,52,12,2,3
22/03/2014,16,12,3,2
22/03/2014,25,9,3,1
22/03/2014,26,13,4,0
22/03/2014,20,18,5,6
22/03/2014,30,17,2,3
22/03/2014,21,6,0,2
22/03/2014,4,19,4,1
22/03/2014,10,8,3,4
22/03/2014,5,14,4,3
23/03/2014,16,18,0,2
23/03/2014,2,29,2,0
23/03/2014,1,10,3,2
23/03/2014,22,20,1,8
23/03/2014,5,19,0,1
23/03/2014,27,6,2,4
23/03/2014,17,30,3,4
23/03/2014,28,15,2,3
24/03/2014,24,13,6,2
24/03/2014,4,26,2,3
24/03/2014,23,7,4,2
24/03/2014,14,9,3,4
24/03/2014,6,8,1,2
24/03/2014,3,27,4,3
25/03/2014,29,17,4,2
25/03/2014,10,19,3,5
25/03/2014,8,7,2,0
25/03/2014,15,26,4,5
25/03/2014,25,52,2,1
25/03/2014,13,9,3,2
25/03/2014,20,28,2,1
25/03/2014,5,27,2,3
25/03/2014,12,2,4,5
26/03/2014,18,21,4,5
26/03/2014,22,28,2,5
26/03/2014,16,25,4,2
26/03/2014,30,23,2,5
27/03/2014,14,2,3,2
27/03/2014,17,8,4,5
27/03/2014,13,12,0,3
27/03/2014,3,4,3,1
27/03/2014,20,24,2,3
27/03/2014,1,27,2,3
27/03/2014,6,16,3,0
27/03/2014,5,26,2,3
28/03/2014,18,7,6,1
28/03/2014,9,16,5,3
28/03/2014,21,23,3,2
28/03/2014,4,10,4,2
28/03/2014,19,30,5,1
28/03/2014,28,52,3,4
28/03/2014,29,5,1,2
29/03/2014,25,18,7,3
29/03/2014,2,1,2,1
29/03/2014,12,29,2,3
29/03/2014,7,14,3,4
29/03/2014,10,17,2,4
29/03/2014,20,3,4,3
29/03/2014,13,8,1,4
29/03/2014,15,6,2,4
29/03/2014,21,28,3,2
29/03/2014,22,24,4,3
30/03/2014,9,20,6,3
30/03/2014,5,16,4,1
30/03/2014,17,14,3,2
30/03/2014,4,6,3,4
30/03/2014,23,24,1,5
30/03/2014,27,30,1,3
30/03/2014,19,25,2,4
30/03/2014,26,52,4,2
31/03/2014,9,12,2,1
31/03/2014,1,13,6,3
31/03/2014,18,15,4,3
31/03/2014,22,3,0,5
01/04/2014,26,30,2,3
01/04/2014,15,25,0,5
01/04/2014,5,12,1,4
01/04/2014,29,21,2,3
01/04/2014,2,13,4,2
01/04/2014,10,20,3,2
01/04/2014,24,52,5,4
01/04/2014,7,1,3,2
01/04/2014,14,8,3,1
02/04/2014,23,3,1,3
02/04/2014,9,2,1,2
02/04/2014,19,4,1,0
02/04/2014,27,52,1,2
02/04/2014,28,22,5,4
03/04/2014,17,6,3,2
03/04/2014,14,20,1,4
03/04/2014,4,29,0,2
03/04/2014,10,6,4,3
03/04/2014,26,27,4,0
03/04/2014,12,25,4,1
03/04/2014,24,22,3,2
04/04/2014,17,7,3,2
04/04/2014,9,8,4,7
04/04/2014,29,16,3,4
04/04/2014,1,15,2,1
04/04/2014,16,30,3,2
04/04/2014,28,26,2,1
04/04/2014,19,7,2,1
04/04/2014,21,3,3,2
04/04/2014,13,20,1,2
04/04/2014,52,5,2,4
05/04/2014,2,15,3,4
05/04/2014,6,4,5,2
05/04/2014,8,17,5,3
05/04/2014,10,52,2,4
05/04/2014,3,9,2,3
05/04/2014,12,1,1,3
05/04/2014,19,21,0,4
05/04/2014,24,18,2,5
05/04/2014,14,25,2,5
05/04/2014,27,22,2,3
06/04/2014,13,25,3,2
06/04/2014,29,2,4,0
06/04/2014,23,26,2,1
06/04/2014,28,18,0,3
06/04/2014,16,19,4,2
06/04/2014,30,5,4,0
06/04/2014,4,7,5,2
07/04/2014,21,5,2,3
07/04/2014,1,20,0,1
07/04/2014,22,24,4,2
08/04/2014,29,27,4,3
08/04/2014,23,24,0,3
08/04/2014,3,12,4,1
08/04/2014,2,9,1,4
08/04/2014,14,10,3,0
08/04/2014,13,4,2,5
08/04/2014,52,30,0,1
08/04/2014,7,17,2,4
09/04/2014,30,6,4,3
09/04/2014,22,21,1,4
09/04/2014,16,8,3,2
09/04/2014,19,15,1,4
09/04/2014,25,18,3,2
10/04/2014,3,7,2,1
10/04/2014,14,4,4,2
10/04/2014,20,26,4,3
10/04/2014,13,10,4,2
10/04/2014,9,1,2,1
10/04/2014,25,29,1,3
10/04/2014,24,28,5,2
10/04/2014,5,17,4,3
10/04/2014,12,15,2,5
10/04/2014,8,2,0,2
11/04/2014,17,12,1,2
11/04/2014,23,21,2,4
11/04/2014,15,16,4,0
11/04/2014,52,6,2,1
11/04/2014,18,27,2,0
11/04/2014,14,29,3,2
11/04/2014,30,19,4,2
11/04/2014,22,26,0,3
11/04/2014,1,2,2,3
12/04/2014,5,4,3,4
12/04/2014,13,29,2,3
12/04/2014,20,52,3,5
12/04/2014,9,10,1,0
12/04/2014,25,19,3,0
12/04/2014,8,3,1,0
12/04/2014,6,7,4,1
12/04/2014,28,21,5,1
13/04/2014,18,16,7,5
13/04/2014,27,28,2,3
13/04/2014,15,14,0,1
13/04/2014,4,12,5,6
13/04/2014,26,24,3,4
13/04/2014,22,23,5,2
13/04/2014,19,17,0,3
13/04/2014,7,2,3,4
13/04/2014,5,9,2,3
13/04/2014,1,6,3,2
14/04/2014,27,25,2,1
14/04/2014,23,20,5,1
14/04/2014,30,18,3,7
14/04/2014,24,21,3,2
16/04/2014,5,29,4,3
16/04/2014,14,8,4,5
17/04/2014,24,25,4,3
17/04/2014,3,4,4,1
18/04/2014,19,16,4,3
18/04/2014,21,30,5,4
18/04/2014,28,26,6,3
18/04/2014,6,17,0,1
18/04/2014,14,8,1,4
19/04/2014,19,16,4,3
19/04/2014,24,25,3,2
19/04/2014,5,29,3,4
20/04/2014,21,30,4,2
20/04/2014,3,4,2,4
20/04/2014,6,17,4,1
20/04/2014,8,14,3,2
21/04/2014,30,21,1,0
21/04/2014,29,5,3,4
21/04/2014,28,26,7,2
22/04/2014,16,19,2,0
22/04/2014,25,24,3,0
22/04/2014,17,6,0,3
22/04/2014,8,14,4,3
23/04/2014,4,3,1,4
23/04/2014,29,5,4,3
23/04/2014,26,28,3,4
24/04/2014,16,19,4,3
24/04/2014,25,24,4,2
25/04/2014,30,21,2,1
25/04/2014,4,3,2,1
25/04/2014,26,28,6,3
25/04/2014,17,6,2,3
26/04/2014,19,16,2,3
26/04/2014,24,25,6,2
26/04/2014,5,29,3,1
26/04/2014,6,17,4,2
27/04/2014,16,19,5,1
27/04/2014,21,30,4,3
27/04/2014,3,4,4,2
27/04/2014,28,26,0,3
28/04/2014,25,24,4,5
28/04/2014,29,5,3,4
29/04/2014,30,21,5,2
29/04/2014,4,3,5,2
29/04/2014,26,28,4,1
30/04/2014,3,4,2,1
01/05/2014,21,30,4,5
01/05/2014,28,26,1,5
01/05/2014,6,8,3,4
02/05/2014,5,3,2,3
03/05/2014,16,30,5,2
03/05/2014,6,8,5,3
04/05/2014,24,26,2,3
04/05/2014,16,30,4,1
04/05/2014,5,3,3,0
05/05/2014,3,5,0,2
06/05/2014,24,26,1,3
06/05/2014,8,6,4,2
07/05/2014,30,16,4,0
07/05/2014,3,5,2,4
08/05/2014,8,6,0,1
09/05/2014,26,24,2,3
09/05/2014,5,3,1,5
10/05/2014,30,16,4,2
10/05/2014,6,8,4,2
11/05/2014,26,24,0,2
11/05/2014,3,5,3,1
12/05/2014,16,30,2,1
12/05/2014,8,6,4,0
13/05/2014,24,26,4,3
13/05/2014,5,3,1,2
14/05/2014,30,16,1,2
14/05/2014,6,8,1,3
15/05/2014,26,24,2,1
17/05/2014,24,26,2,6
17/05/2014,8,3,2,7
18/05/2014,16,26,3,1
20/05/2014,8,3,1,3
22/05/2014,16,26,2,6
23/05/2014,3,8,2,3
25/05/2014,26,16,4,3
26/05/2014,3,8,3,2
27/05/2014,26,16,5,2
28/05/2014,8,3,7,4
29/05/2014,16,26,5,4
30/05/2014,3,8,1,0
31/05/2014,26,16,3,4
02/06/2014,16,26,4,5
05/06/2014,26,3,3,2
07/06/2014,26,3,5,4
10/06/2014,3,26,0,3
12/06/2014,3,26,2,1
14/06/2014,26,3,3,2
08/10/2014,10,8,3,4
08/10/2014,6,4,2,1
09/10/2014,14,13,3,2
09/10/2014,4,1,4,6
09/10/2014,26,28,0,4
09/10/2014,7,29,1,3
09/10/2014,15,8,1,2
09/10/2014,5,24,6,4
09/10/2014,20,23,2,4
09/10/2014,17,6,2,1
10/10/2014,53,52,2,6
10/10/2014,18,9,3,2
10/10/2014,12,2,3,5
10/10/2014,25,16,2,3
10/10/2014,22,20,2,5
10/10/2014,19,3,2,3
10/10/2014,30,21,5,0
11/10/2014,29,3,5,2
11/10/2014,4,8,3,4
11/10/2014,14,9,2,3
11/10/2014,19,20,4,1
11/10/2014,10,5,2,5
11/10/2014,17,24,2,3
11/10/2014,13,1,1,5
11/10/2014,2,12,4,3
11/10/2014,6,15,0,4
12/10/2014,21,30,0,3
12/10/2014,28,52,3,0
12/10/2014,16,7,6,2
12/10/2014,53,26,3,2
12/10/2014,23,22,5,4
12/10/2014,3,10,3,6
12/10/2014,18,25,4,1
13/10/2014,26,52,4,1
13/10/2014,6,21,1,2
13/10/2014,13,9,0,1
13/10/2014,14,8,7,1
13/10/2014,7,24,1,5
14/10/2014,29,25,2,4
14/10/2014,10,21,3,2
14/10/2014,4,24,3,4
14/10/2014,15,28,5,6
14/10/2014,3,2,3,6
14/10/2014,14,1,1,2
14/10/2014,12,7,3,4
15/10/2014,26,22,6,1
15/10/2014,18,20,2,3
16/10/2014,15,1,6,2
16/10/2014,9,21,5,3
16/10/2014,17,6,2,3
16/10/2014,2,28,4,3
16/10/2014,5,25,2,3
16/10/2014,16,20,1,2
16/10/2014,3,12,2,1
16/10/2014,53,22,7,4
16/10/2014,8,6,6,4
17/10/2014,7,13,0,1
17/10/2014,29,20,3,2
17/10/2014,26,19,1,0
17/10/2014,10,17,1,4
18/10/2014,7,6,0,4
18/10/2014,24,30,2,1
18/10/2014,22,23,0,2
18/10/2014,17,10,1,0
18/10/2014,15,13,2,1
18/10/2014,5,2,3,1
18/10/2014,8,21,3,2
18/10/2014,52,18,0,2
18/10/2014,1,28,2,4
18/10/2014,9,29,3,2
19/10/2014,16,18,2,1
19/10/2014,25,4,5,6
19/10/2014,26,30,2,1
19/10/2014,52,20,1,4
19/10/2014,3,28,4,0
19/10/2014,23,14,2,4
19/10/2014,53,19,1,6
20/10/2014,24,19,3,0
21/10/2014,6,28,5,3
21/10/2014,22,14,3,2
21/10/2014,1,3,3,4
21/10/2014,2,10,2,5
21/10/2014,8,17,2,1
22/10/2014,21,13,3,4
22/10/2014,52,12,3,1
22/10/2014,16,4,4,0
22/10/2014,25,23,6,3
22/10/2014,18,53,4,3
22/10/2014,20,14,1,2
23/10/2014,22,15,3,2
23/10/2014,17,5,4,3
23/10/2014,24,7,4,1
23/10/2014,5,4,3,5
23/10/2014,6,2,2,3
24/10/2014,26,7,2,0
24/10/2014,30,53,2,0
24/10/2014,20,12,5,0
24/10/2014,18,16,3,2
24/10/2014,28,29,4,5
24/10/2014,19,23,1,4
24/10/2014,1,25,2,3
25/10/2014,4,17,4,2
25/10/2014,28,7,1,2
25/10/2014,52,14,2,4
25/10/2014,2,25,7,5
25/10/2014,21,23,7,3
25/10/2014,10,6,1,4
25/10/2014,24,29,4,1
25/10/2014,22,12,6,3
25/10/2014,8,3,3,1
25/10/2014,9,1,2,3
26/10/2014,53,13,2,1
26/10/2014,16,9,2,1
26/10/2014,52,21,2,1
26/10/2014,19,16,3,2
26/10/2014,30,14,7,2
26/10/2014,26,29,5,2
26/10/2014,18,5,0,3
26/10/2014,20,15,1,3
27/10/2014,3,30,5,4
27/10/2014,23,15,4,2
27/10/2014,24,28,1,4
28/10/2014,6,30,3,4
28/10/2014,10,7,4,0
28/10/2014,4,26,3,2
28/10/2014,22,8,3,0
28/10/2014,29,9,2,5
28/10/2014,14,53,7,3
28/10/2014,5,1,8,3
28/10/2014,2,52,3,4
29/10/2014,21,28,2,3
29/10/2014,23,12,4,1
29/10/2014,25,19,3,4
29/10/2014,16,24,0,1
29/10/2014,20,8,1,2
29/10/2014,15,17,2,4
30/10/2014,14,4,4,3
30/10/2014,7,6,2,3
30/10/2014,5,26,3,0
30/10/2014,1,52,2,1
30/10/2014,13,53,2,1
30/10/2014,9,16,4,5
30/10/2014,22,18,1,4
31/10/2014,29,10,1,4
31/10/2014,21,2,5,0
31/10/2014,19,24,2,0
31/10/2014,30,28,4,3
31/10/2014,17,26,5,2
31/10/2014,23,8,3,2
01/11/2014,12,53,3,0
01/11/2014,25,24,1,2
01/11/2014,5,7,5,0
01/11/2014,20,18,4,3
01/11/2014,6,9,4,2
01/11/2014,14,15,4,3
01/11/2014,3,52,0,1
01/11/2014,10,16,3,2
01/11/2014,1,29,3,2
01/11/2014,13,4,2,1
02/11/2014,7,17,3,2
02/11/2014,28,2,3,1
02/11/2014,19,21,3,2
02/11/2014,22,23,2,3
02/11/2014,12,26,3,2
02/11/2014,30,25,4,1
03/11/2014,15,53,5,6
03/11/2014,21,24,2,3
03/11/2014,16,52,0,1
03/11/2014,8,20,2,6
03/11/2014,23,18,1,3
04/11/2014,3,19,3,4
05/11/2014,1,19,0,1
05/11/2014,6,13,2,1
05/11/2014,15,20,3,4
05/11/2014,30,5,1,4
05/11/2014,9,17,3,1
05/11/2014,29,12,2,4
05/11/2014,53,10,3,2
05/11/2014,8,16,0,5
05/11/2014,52,18,3,1
05/11/2014,25,26,1,3
05/11/2014,4,22,4,1
05/11/2014,21,23,2,5
06/11/2014,7,8,1,2
06/11/2014,3,17,4,3
06/11/2014,24,2,2,3
07/11/2014,21,10,4,3
07/11/2014,14,20,5,2
07/11/2014,6,22,5,2
07/11/2014,9,30,3,0
07/11/2014,26,2,1,2
07/11/2014,19,1,4,3
07/11/2014,4,13,4,1
07/11/2014,28,23,2,3
07/11/2014,52,5,3,4
07/11/2014,25,18,2,3
08/11/2014,24,53,2,3
08/11/2014,12,29,3,2
08/11/2014,7,22,2,3
08/11/2014,13,20,4,6
08/11/2014,16,15,2,3
08/11/2014,17,1,4,2
09/11/2014,8,30,4,1
09/11/2014,25,28,3,5
09/11/2014,29,14,4,7
09/11/2014,53,2,0,1
09/11/2014,9,52,1,2
09/11/2014,19,18,1,2
09/11/2014,9,10,3,5
09/11/2014,4,21,4,3
09/11/2014,17,14,3,4
09/11/2014,26,23,5,1
09/11/2014,3,22,1,3
09/11/2014,10,3,5,4
09/11/2014,7,5,1,6
09/11/2014,15,12,4,3
10/11/2014,24,23,1,2
10/11/2014,16,28,5,2
11/11/2014,6,1,4,2
11/11/2014,12,20,4,1
12/11/2014,19,7,6,1
12/11/2014,15,29,4,2
12/11/2014,2,21,6,0
12/11/2014,3,5,5,0
12/11/2014,13,28,4,1
12/11/2014,23,9,4,3
12/11/2014,1,30,3,1
12/11/2014,53,25,3,4
12/11/2014,8,52,3,0
12/11/2014,18,22,3,2
12/11/2014,16,14,3,2
13/11/2014,24,26,6,5
13/11/2014,10,6,6,1
14/11/2014,14,28,1,2
14/11/2014,19,18,4,3
14/11/2014,30,7,6,3
14/11/2014,12,52,1,3
14/11/2014,8,6,5,1
14/11/2014,26,25,0,2
14/11/2014,3,21,3,4
14/11/2014,20,53,5,3
14/11/2014,22,9,3,4
15/11/2014,4,29,3,4
15/11/2014,15,1,0,1
15/11/2014,23,53,0,5
15/11/2014,26,24,3,2
15/11/2014,6,12,2,1
15/11/2014,25,30,1,2
15/11/2014,13,2,3,4
15/11/2014,17,16,4,1
15/11/2014,10,5,1,2
16/11/2014,30,52,4,3
16/11/2014,14,2,5,2
16/11/2014,19,15,4,1
16/11/2014,12,28,0,2
16/11/2014,18,52,2,1
16/11/2014,8,4,6,3
16/11/2014,5,3,3,2
16/11/2014,7,10,6,2
16/11/2014,29,28,2,1
16/11/2014,20,9,4,2
16/11/2014,1,21,2,3
17/11/2014,22,53,1,2
17/11/2014,16,25,6,2
17/11/2014,24,13,2,6
17/11/2014,17,8,1,4
18/11/2014,3,14,1,5
19/11/2014,29,17,0,5
19/11/2014,7,28,4,1
19/11/2014,26,13,5,2
19/11/2014,25,12,4,6
19/11/2014,10,18,2,9
19/11/2014,52,1,3,1
19/11/2014,8,5,0,4
19/11/2014,2,14,5,2
19/11/2014,20,24,4,3
19/11/2014,53,15,1,2
19/11/2014,6,19,2,0
20/11/2014,3,4,2,0
20/11/2014,22,23,4,5
21/11/2014,20,16,3,4
21/11/2014,52,17,3,4
21/11/2014,23,24,3,4
21/11/2014,26,12,3,2
21/11/2014,25,53,3,1
21/11/2014,8,19,4,1
21/11/2014,21,15,2,3
21/11/2014,9,18,3,2
21/11/2014,28,13,2,3
21/11/2014,4,30,2,3
21/11/2014,10,14,5,2
22/11/2014,5,2,4,5
22/11/2014,29,6,3,4
22/11/2014,22,1,0,2
22/11/2014,9,19,2,3
23/11/2014,28,53,3,4
23/11/2014,21,12,4,3
23/11/2014,4,29,4,2
23/11/2014,25,26,5,4
23/11/2014,10,17,4,1
23/11/2014,2,5,4,1
23/11/2014,15,7,1,2
23/11/2014,20,1,5,4
23/11/2014,52,19,2,4
23/11/2014,22,16,1,7
23/11/2014,14,30,2,1
23/11/2014,18,13,3,2
23/11/2014,6,8,0,2
24/11/2014,3,8,5,0
24/11/2014,24,53,2,1
24/11/2014,23,16,4,1
25/11/2014,17,9,4,3
25/11/2014,13,30,1,4
25/11/2014,6,5,2,3
25/11/2014,2,4,1,0
26/11/2014,19,9,2,3
26/11/2014,29,52,2,4
26/11/2014,25,22,3,2
26/11/2014,23,1,2,0
26/11/2014,24,20,3,2
26/11/2014,18,26,4,3
26/11/2014,53,21,3,4
27/11/2014,28,20,0,2
27/11/2014,13,12,1,0
27/11/2014,14,3,4,3
27/11/2014,21,16,2,3
27/11/2014,7,52,1,2
27/11/2014,30,26,0,4
27/11/2014,2,15,3,2
27/11/2014,17,4,5,2
27/11/2014,5,10,4,3
28/11/2014,24,16,1,4
28/11/2014,18,22,1,0
28/11/2014,15,2,5,2
28/11/2014,4,3,0,3
29/11/2014,3,4,5,2
29/11/2014,1,17,4,5
29/11/2014,25,30,4,5
29/11/2014,29,23,0,5
29/11/2014,6,52,2,1
29/11/2014,5,12,2,4
29/11/2014,7,8,2,1
29/11/2014,19,22,4,3
29/11/2014,13,9,3,2
30/11/2014,18,29,2,1
30/11/2014,53,20,0,3
30/11/2014,26,16,1,4
30/11/2014,21,25,5,2
30/11/2014,8,7,3,4
30/11/2014,17,23,5,3
30/11/2014,28,24,6,4
30/11/2014,10,15,6,2
30/11/2014,30,19,2,3
30/11/2014,2,1,3,1
30/11/2014,12,5,2,3
30/11/2014,14,9,4,1
02/12/2014,24,6,3,2
02/12/2014,29,13,2,1
02/12/2014,3,14,3,6
02/12/2014,21,8,3,4
02/12/2014,22,53,2,5
03/12/2014,20,53,5,2
03/12/2014,2,9,3,2
03/12/2014,15,23,3,4
03/12/2014,10,25,5,3
03/12/2014,7,14,2,1
03/12/2014,26,6,2,0
03/12/2014,5,1,1,0
03/12/2014,28,4,2,1
03/12/2014,12,18,2,1
03/12/2014,17,13,3,4
04/12/2014,16,19,4,1
04/12/2014,24,4,5,4
04/12/2014,52,22,3,2
04/12/2014,30,8,2,1
05/12/2014,18,19,4,3
05/12/2014,17,25,5,2
05/12/2014,53,26,0,4
05/12/2014,12,15,1,2
05/12/2014,10,1,3,5
05/12/2014,5,23,0,3
05/12/2014,14,7,5,0
05/12/2014,28,6,7,4
05/12/2014,20,21,4,3
05/12/2014,9,2,1,2
05/12/2014,13,29,3,4
06/12/2014,26,4,1,2
06/12/2014,30,24,4,5
06/12/2014,5,9,3,2
06/12/2014,52,21,6,2
06/12/2014,2,19,4,6
06/12/2014,16,8,4,3
07/12/2014,14,29,1,3
07/12/2014,13,7,3,2
07/12/2014,18,16,1,3
07/12/2014,25,8,4,1
07/12/2014,1,15,1,4
07/12/2014,10,23,5,2
07/12/2014,20,28,2,3
07/12/2014,53,6,2,5
07/12/2014,12,17,1,3
07/12/2014,52,24,3,4
07/12/2014,17,3,3,2
08/12/2014,9,23,4,3
08/12/2014,22,28,2,1
09/12/2014,3,5,4,3
09/12/2014,19,13,4,2
09/12/2014,12,1,1,2
10/12/2014,29,4,3,2
10/12/2014,10,20,4,1
10/12/2014,25,52,2,5
10/12/2014,14,15,3,5
10/12/2014,30,2,5,4
10/12/2014,8,23,3,1
10/12/2014,1,16,2,3
10/12/2014,28,22,5,2
10/12/2014,21,18,0,3
10/12/2014,7,26,1,0
11/12/2014,24,22,2,1
11/12/2014,17,10,1,2
12/12/2014,19,2,6,3
12/12/2014,9,26,3,5
12/12/2014,21,52,4,3
12/12/2014,6,16,2,3
12/12/2014,15,29,2,3
12/12/2014,14,12,2,1
12/12/2014,53,18,1,5
12/12/2014,28,30,2,1
12/12/2014,4,1,4,1
12/12/2014,7,20,4,3
13/12/2014,22,24,2,4
13/12/2014,4,12,5,1
13/12/2014,8,26,6,2
13/12/2014,5,20,3,1
13/12/2014,6,9,2,3
13/12/2014,17,13,2,3
14/12/2014,53,30,3,4
14/12/2014,2,16,3,2
14/12/2014,10,26,4,3
14/12/2014,52,24,1,4
14/12/2014,28,18,2,0
14/12/2014,29,5,4,3
14/12/2014,23,3,1,5
14/12/2014,10,17,4,1
14/12/2014,7,13,4,3
14/12/2014,21,19,2,3
14/12/2014,25,1,4,3
14/12/2014,15,14,4,2
15/12/2014,16,20,2,1
15/12/2014,22,3,0,2
16/12/2014,2,1,3,2
16/12/2014,5,14,4,2
16/12/2014,7,9,5,4
17/12/2014,18,6,3,2
17/12/2014,52,7,5,1
17/12/2014,19,26,5,2
17/12/2014,17,29,0,1
17/12/2014,16,30,5,3
17/12/2014,8,12,4,1
17/12/2014,20,3,2,5
17/12/2014,4,14,1,3
17/12/2014,10,24,6,2
17/12/2014,53,22,2,1
17/12/2014,13,15,2,1
18/12/2014,30,6,2,3
18/12/2014,23,25,0,2
18/12/2014,1,9,0,2
19/12/2014,12,10,4,1
19/12/2014,26,19,6,4
19/12/2014,5,21,1,0
19/12/2014,29,15,4,5
19/12/2014,28,22,4,3
19/12/2014,8,24,1,2
19/12/2014,4,13,1,2
20/12/2014,9,24,6,2
20/12/2014,52,6,2,1
20/12/2014,1,14,3,2
20/12/2014,17,2,1,2
20/12/2014,26,53,4,2
20/12/2014,20,25,1,2
21/12/2014,12,3,2,3
21/12/2014,29,16,3,2
21/12/2014,10,4,4,7
21/12/2014,22,25,5,6
21/12/2014,1,15,0,4
21/12/2014,17,21,1,2
21/12/2014,7,21,1,5
21/12/2014,28,19,3,2
21/12/2014,2,14,3,1
21/12/2014,8,9,4,1
21/12/2014,5,13,3,1
21/12/2014,30,18,5,6
21/12/2014,23,20,3,2
22/12/2014,16,10,4,0
22/12/2014,52,4,3,4
22/12/2014,6,7,4,3
22/12/2014,3,12,1,0
23/12/2014,13,5,4,3
23/12/2014,26,20,3,4
23/12/2014,23,53,7,1
23/12/2014,29,18,1,5
23/12/2014,15,9,2,1
23/12/2014,24,28,3,2
24/12/2014,17,7,6,3
24/12/2014,25,10,0,4
24/12/2014,2,8,1,3
24/12/2014,6,18,5,3
24/12/2014,22,53,1,5
24/12/2014,30,4,2,5
24/12/2014,3,15,4,2
24/12/2014,1,12,1,2
24/12/2014,14,5,4,3
24/12/2014,16,52,1,5
24/12/2014,21,19,5,0
28/12/2014,26,28,3,1
28/12/2014,21,16,2,5
28/12/2014,7,2,4,3
28/12/2014,29,6,6,2
28/12/2014,30,52,3,4
28/12/2014,13,10,6,4
28/12/2014,53,24,2,1
28/12/2014,20,22,4,1
28/12/2014,19,25,3,4
28/12/2014,3,1,3,1
28/12/2014,5,15,0,3
28/12/2014,14,12,2,1
28/12/2014,18,4,4,1
28/12/2014,9,17,2,3
29/12/2014,24,23,2,1
30/12/2014,16,18,5,4
30/12/2014,6,17,5,2
30/12/2014,53,4,4,2
30/12/2014,9,7,5,2
30/12/2014,12,8,1,3
30/12/2014,1,5,3,1
30/12/2014,14,10,3,2
30/12/2014,52,30,2,3
30/12/2014,19,21,3,0
30/12/2014,20,26,2,1
30/12/2014,25,3,3,2
30/12/2014,2,15,4,3
31/12/2014,7,14,1,5
31/12/2014,13,3,2,5
31/12/2014,13,8,1,2
31/12/2014,18,19,3,2
31/12/2014,22,26,3,2
31/12/2014,52,2,2,5
31/12/2014,28,23,1,3
01/01/2015,5,12,2,1
01/01/2015,24,28,0,3
01/01/2015,17,1,3,1
01/01/2015,25,53,6,0
01/01/2015,20,22,4,3
01/01/2015,21,4,4,3
01/01/2015,15,16,3,2
01/01/2015,29,30,3,1
01/01/2015,6,10,3,4
02/01/2015,23,26,2,3
03/01/2015,5,14,6,3
03/01/2015,24,19,4,3
03/01/2015,7,13,0,2
03/01/2015,12,4,2,1
03/01/2015,1,8,2,4
03/01/2015,26,18,6,7
03/01/2015,20,2,1,2
03/01/2015,30,10,3,1
03/01/2015,6,9,2,3
03/01/2015,21,22,2,1
04/01/2015,12,6,2,1
04/01/2015,28,19,2,7
04/01/2015,53,29,6,3
04/01/2015,52,10,5,1
04/01/2015,15,13,4,3
04/01/2015,3,7,6,1
04/01/2015,25,30,7,1
04/01/2015,23,17,4,1
04/01/2015,1,4,5,2
04/01/2015,5,8,1,4
05/01/2015,9,14,2,4
05/01/2015,22,2,5,2
05/01/2015,16,25,5,4
05/01/2015,21,29,3,4
05/01/2015,24,18,4,3
06/01/2015,52,28,2,3
07/01/2015,25,29,2,4
07/01/2015,16,21,0,2
07/01/2015,53,19,0,6
07/01/2015,1,7,4,1
07/01/2015,4,9,2,1
07/01/2015,22,17,2,4
07/01/2015,30,28,3,4
07/01/2015,18,12,3,2
07/01/2015,8,14,2,4
07/01/2015,23,2,3,2
08/01/2015,5,6,2,3
08/01/2015,20,17,2,3
08/01/2015,10,15,2,6
08/01/2015,24,3,1,4
09/01/2015,53,52,4,1
09/01/2015,18,25,3,2
09/01/2015,6,1,3,0
09/01/2015,30,16,2,4
09/01/2015,21,9,5,2
09/01/2015,23,13,1,3
09/01/2015,12,7,5,2
09/01/2015,4,15,3,2
09/01/2015,26,3,3,4
09/01/2015,19,28,7,2
10/01/2015,4,6,1,3
10/01/2015,20,13,5,6
10/01/2015,1,2,2,3
10/01/2015,21,25,4,3
10/01/2015,30,18,1,3
10/01/2015,14,7,2,1
10/01/2015,22,16,5,2
10/01/2015,10,29,5,2
11/01/2015,26,52,4,5
11/01/2015,29,2,2,5
11/01/2015,23,20,0,1
11/01/2015,15,17,3,1
11/01/2015,19,12,5,4
11/01/2015,28,3,1,3
11/01/2015,8,5,1,2
11/01/2015,53,9,1,5
12/01/2015,16,30,4,1
12/01/2015,24,52,5,4
12/01/2015,22,13,2,4
13/01/2015,15,21,2,1
13/01/2015,26,10,2,0
13/01/2015,4,14,7,3
14/01/2015,18,23,5,1
14/01/2015,12,21,3,2
14/01/2015,19,22,4,2
14/01/2015,25,9,5,4
14/01/2015,6,14,4,3
14/01/2015,5,30,7,2
14/01/2015,7,17,1,3
14/01/2015,3,2,0,3
14/01/2015,53,28,2,3
14/01/2015,52,13,8,2
15/01/2015,26,1,3,5
15/01/2015,29,8,2,3
15/01/2015,24,10,4,0
15/01/2015,15,4,1,0
16/01/2015,19,17,2,3
16/01/2015,4,23,0,4
16/01/2015,14,22,3,2
16/01/2015,13,21,2,4
16/01/2015,9,8,4,1
16/01/2015,25,52,1,2
16/01/2015,28,10,3,1
16/01/2015,7,30,0,7
16/01/2015,6,3,3,0
16/01/2015,53,20,1,4
17/01/2015,24,1,5,1
17/01/2015,2,5,6,3
17/01/2015,29,3,1,2
17/01/2015,16,52,2,4
17/01/2015,12,23,0,3
17/01/2015,18,15,4,3
18/01/2015,28,20,3,4
18/01/2015,26,24,2,3
18/01/2015,14,21,3,2
18/01/2015,25,15,5,4
18/01/2015,19,10,3,0
18/01/2015,17,18,5,2
18/01/2015,6,29,1,3
18/01/2015,7,4,3,4
18/01/2015,30,53,3,1
18/01/2015,5,3,2,5
18/01/2015,16,25,3,6
18/01/2015,9,12,2,3
18/01/2015,13,22,2,3
18/01/2015,8,2,6,4
19/01/2015,2,4,7,4
19/01/2015,17,7,6,4
19/01/2015,52,53,4,3
20/01/2015,10,12,1,4
20/01/2015,19,21,3,1
20/01/2015,28,1,2,5
20/01/2015,26,20,1,2
20/01/2015,13,23,1,2
20/01/2015,30,29,1,3
21/01/2015,3,9,3,2
21/01/2015,8,18,2,1
21/01/2015,16,53,6,1
21/01/2015,25,6,1,3
21/01/2015,4,5,3,2
21/01/2015,14,23,4,1
21/01/2015,15,22,4,5
21/01/2015,17,30,5,4
22/01/2015,52,29,4,0
22/01/2015,21,6,3,2
22/01/2015,24,20,6,3
22/01/2015,5,16,2,3
22/01/2015,28,26,4,2
22/01/2015,9,10,4,3
28/01/2015,12,14,4,2
28/01/2015,2,3,4,1
28/01/2015,23,24,0,4
28/01/2015,20,7,4,1
28/01/2015,5,52,5,3
28/01/2015,13,17,4,5
28/01/2015,22,30,1,2
28/01/2015,29,15,4,3
28/01/2015,8,25,3,2
28/01/2015,18,21,4,3
28/01/2015,4,53,4,3
29/01/2015,1,10,2,1
29/01/2015,26,16,4,3
29/01/2015,15,5,4,0
30/01/2015,14,17,5,1
30/01/2015,9,25,3,6
30/01/2015,2,6,2,5
30/01/2015,4,52,5,2
30/01/2015,28,24,6,3
30/01/2015,10,53,1,3
30/01/2015,13,29,3,2
30/01/2015,19,18,5,4
30/01/2015,3,8,0,1
30/01/2015,20,30,0,1
30/01/2015,22,7,3,2
31/01/2015,17,2,4,1
31/01/2015,9,53,7,2
31/01/2015,1,5,1,2
31/01/2015,12,19,2,3
31/01/2015,8,15,1,0
31/01/2015,24,16,1,4
31/01/2015,21,18,3,0
31/01/2015,23,7,5,2
01/02/2015,52,25,2,5
01/02/2015,23,30,2,4
01/02/2015,15,19,3,4
01/02/2015,1,13,3,1
01/02/2015,8,53,2,3
01/02/2015,3,12,4,1
01/02/2015,20,22,4,2
01/02/2015,28,16,2,0
01/02/2015,6,26,3,1
01/02/2015,5,18,0,4
01/02/2015,14,29,3,1
01/02/2015,4,10,1,0
03/02/2015,20,52,5,2
03/02/2015,28,22,4,5
03/02/2015,3,13,6,3
04/02/2015,23,52,3,2
04/02/2015,18,10,4,3
04/02/2015,1,9,2,1
04/02/2015,8,7,2,3
04/02/2015,25,21,2,3
04/02/2015,24,12,5,4
04/02/2015,30,16,3,0
04/02/2015,19,14,2,1
04/02/2015,29,53,1,4
04/02/2015,15,26,4,0
04/02/2015,2,13,2,4
05/02/2015,3,6,3,2
05/02/2015,20,28,3,1
05/02/2015,22,5,0,2
06/02/2015,53,12,1,2
06/02/2015,9,15,1,2
06/02/2015,23,28,1,5
06/02/2015,21,17,0,3
06/02/2015,18,24,2,5
06/02/2015,13,26,3,2
06/02/2015,4,2,2,3
06/02/2015,25,14,3,5
06/02/2015,7,19,0,3
07/02/2015,52,16,1,2
07/02/2015,29,19,7,1
07/02/2015,1,10,4,1
07/02/2015,18,3,3,2
07/02/2015,14,26,2,4
07/02/2015,15,24,3,2
07/02/2015,20,5,0,4
08/02/2015,53,17,1,3
08/02/2015,13,18,2,3
08/02/2015,28,12,4,5
08/02/2015,7,2,2,3
08/02/2015,9,29,1,4
08/02/2015,7,25,3,2
08/02/2015,14,24,5,3
08/02/2015,3,25,2,3
08/02/2015,10,22,5,1
08/02/2015,30,21,1,0
08/02/2015,52,21,5,3
08/02/2015,19,16,2,4
08/02/2015,23,5,5,0
08/02/2015,8,1,6,2
08/02/2015,15,4,1,3
08/02/2015,6,2,2,1
09/02/2015,6,8,1,3
10/02/2015,29,26,3,4
10/02/2015,30,23,5,3
10/02/2015,1,22,1,2
10/02/2015,16,53,2,3
10/02/2015,28,20,1,4
11/02/2015,2,22,3,2
11/02/2015,19,53,2,1
11/02/2015,10,3,4,5
11/02/2015,18,14,3,2
11/02/2015,52,30,2,1
11/02/2015,7,9,1,2
11/02/2015,8,4,2,1
11/02/2015,6,25,3,5
11/02/2015,13,24,6,2
12/02/2015,5,17,4,1
12/02/2015,16,23,4,5
12/02/2015,28,15,4,5
13/02/2015,26,20,5,3
13/02/2015,9,5,4,5
13/02/2015,30,13,2,1
13/02/2015,2,10,3,2
13/02/2015,14,19,3,6
13/02/2015,12,24,1,2
13/02/2015,21,3,3,6
13/02/2015,18,52,3,1
13/02/2015,8,22,3,4
14/02/2015,9,22,7,2
14/02/2015,23,6,5,2
14/02/2015,29,4,4,3
14/02/2015,16,1,3,1
14/02/2015,25,13,2,0
14/02/2015,53,28,2,4
15/02/2015,18,1,3,1
15/02/2015,20,23,3,2
15/02/2015,26,15,3,1
15/02/2015,21,25,4,1
15/02/2015,17,52,4,5
15/02/2015,53,3,1,5
15/02/2015,30,12,6,3
15/02/2015,13,19,1,2
15/02/2015,2,29,6,3
15/02/2015,8,10,2,1
15/02/2015,16,5,2,1
16/02/2015,24,15,3,5
16/02/2015,28,14,2,5
16/02/2015,7,4,1,2
17/02/2015,2,3,5,6
17/02/2015,9,12,3,6
17/02/2015,52,22,5,4
17/02/2015,26,14,3,2
17/02/2015,20,6,4,3
17/02/2015,21,53,5,2
17/02/2015,23,30,3,2
17/02/2015,17,8,0,2
18/02/2015,19,25,1,4
18/02/2015,1,7,2,1
18/02/2015,4,29,2,5
18/02/2015,18,28,5,1
18/02/2015,5,15,1,3
18/02/2015,10,13,2,3
18/02/2015,12,2,1,4
19/02/2015,21,26,1,4
19/02/2015,9,8,4,2
19/02/2015,20,30,2,3
19/02/2015,16,17,2,3
19/02/2015,22,6,4,3
19/02/2015,24,14,1,4
20/02/2015,4,7,2,3
20/02/2015,25,28,2,5
20/02/2015,5,29,1,2
20/02/2015,3,23,4,5
20/02/2015,15,52,5,1
20/02/2015,8,13,2,3
20/02/2015,2,18,5,2
21/02/2015,16,21,1,4
21/02/2015,15,2,3,2
21/02/2015,12,10,2,1
21/02/2015,19,6,5,1
21/02/2015,1,23,4,2
21/02/2015,20,24,3,6
21/02/2015,22,30,0,4
21/02/2015,7,3,1,3
21/02/2015,4,18,3,2
22/02/2015,19,5,2,4
22/02/2015,1,12,3,1
22/02/2015,10,52,4,3
22/02/2015,4,15,3,2
22/02/2015,9,13,4,1
22/02/2015,53,14,2,4
22/02/2015,22,24,1,2
22/02/2015,5,13,5,1
22/02/2015,8,29,3,1
22/02/2015,2,23,0,4
22/02/2015,7,18,1,2
22/02/2015,16,6,2,6
22/02/2015,25,17,6,7
22/02/2015,28,26,1,2
23/02/2015,21,14,5,4
23/02/2015,3,29,4,3
23/02/2015,30,25,6,2
24/02/2015,1,53,3,0
24/02/2015,24,17,4,3
25/02/2015,16,13,3,2
25/02/2015,52,25,4,2
25/02/2015,6,23,1,2
25/02/2015,29,7,2,4
25/02/2015,3,20,1,0
25/02/2015,30,22,1,2
25/02/2015,18,21,5,2
25/02/2015,26,17,1,0
25/02/2015,19,8,2,5
25/02/2015,12,4,4,1
25/02/2015,2,53,5,1
26/02/2015,15,5,3,4
26/02/2015,1,20,1,3
26/02/2015,24,9,0,3
27/02/2015,52,19,1,2
27/02/2015,3,53,4,3
27/02/2015,18,30,2,4
27/02/2015,26,9,0,1
27/02/2015,10,4,3,2
27/02/2015,7,23,6,3
27/02/2015,29,8,2,5
27/02/2015,28,17,2,3
27/02/2015,13,16,0,3
28/02/2015,29,1,0,2
28/02/2015,25,21,4,5
28/02/2015,6,53,4,1
28/02/2015,12,15,3,0
28/02/2015,2,12,3,5
28/02/2015,2,20,2,1
28/02/2015,1,6,2,3
28/02/2015,18,17,3,4
28/02/2015,24,26,4,2
28/02/2015,14,16,4,0
28/02/2015,13,7,5,3
01/03/2015,28,9,2,4
01/03/2015,52,26,5,2
01/03/2015,5,29,5,3
01/03/2015,4,3,4,2
01/03/2015,13,14,4,3
01/03/2015,8,10,4,0
01/03/2015,21,30,1,3
01/03/2015,22,19,1,2
02/03/2015,25,24,1,3
02/03/2015,23,19,6,5
02/03/2015,15,10,4,0
03/03/2015,3,18,4,1
03/03/2015,28,8,4,0
03/03/2015,16,12,5,2
04/03/2015,13,10,2,3
04/03/2015,30,9,3,2
04/03/2015,25,2,3,2
04/03/2015,1,18,3,1
04/03/2015,22,26,2,5
04/03/2015,23,28,2,6
04/03/2015,53,24,1,4
04/03/2015,29,15,3,5
04/03/2015,14,7,3,0
04/03/2015,4,20,2,3
05/03/2015,24,8,3,1
05/03/2015,52,9,1,3
05/03/2015,21,5,3,1
05/03/2015,17,3,2,1
06/03/2015,26,8,4,3
06/03/2015,13,25,3,4
06/03/2015,18,2,3,4
06/03/2015,15,30,1,2
06/03/2015,6,20,3,4
06/03/2015,53,23,3,2
06/03/2015,14,10,4,2
06/03/2015,4,19,3,1
07/03/2015,24,5,2,5
07/03/2015,6,4,3,2
07/03/2015,1,29,2,3
07/03/2015,17,20,2,5
07/03/2015,9,7,3,2
07/03/2015,12,30,1,3
07/03/2015,16,22,2,1
08/03/2015,13,2,4,3
08/03/2015,16,3,0,1
08/03/2015,12,22,7,4
08/03/2015,26,5,0,1
08/03/2015,10,19,1,6
08/03/2015,29,21,0,4
08/03/2015,53,8,0,2
08/03/2015,1,4,5,2
08/03/2015,6,17,5,3
08/03/2015,30,21,2,3
08/03/2015,9,20,5,4
08/03/2015,14,25,5,4
08/03/2015,18,52,1,3
08/03/2015,15,7,6,1
08/03/2015,28,23,2,3
09/03/2015,10,2,3,4
09/03/2015,17,22,5,2
10/03/2015,23,24,2,1
10/03/2015,8,14,0,1
10/03/2015,12,29,3,4
10/03/2015,9,6,1,3
10/03/2015,4,25,1,2
10/03/2015,28,5,2,1
10/03/2015,53,18,1,2
10/03/2015,2,3,1,2
11/03/2015,10,7,4,3
11/03/2015,21,26,2,5
11/03/2015,30,1,6,2
11/03/2015,19,52,5,4
12/03/2015,12,25,3,5
12/03/2015,6,14,3,2
12/03/2015,8,9,2,5
12/03/2015,5,22,6,4
12/03/2015,20,24,6,3
12/03/2015,17,29,1,3
12/03/2015,15,3,1,3
12/03/2015,13,52,4,2
13/03/2015,15,25,2,4
13/03/2015,53,16,1,2
13/03/2015,29,22,5,4
13/03/2015,21,1,2,1
13/03/2015,28,18,2,0
13/03/2015,23,26,0,4
13/03/2015,19,4,1,0
13/03/2015,2,9,1,2
14/03/2015,5,6,0,2
14/03/2015,30,24,1,2
14/03/2015,28,16,2,6
14/03/2015,2,8,1,3
14/03/2015,20,10,6,3
14/03/2015,4,17,7,2
14/03/2015,12,13,0,2
14/03/2015,14,52,1,2
14/03/2015,23,10,4,1
14/03/2015,7,3,0,2
15/03/2015,25,19,0,3
15/03/2015,53,1,1,4
15/03/2015,26,18,1,2
15/03/2015,3,13,2,1
15/03/2015,29,12,2,3
15/03/2015,9,4,2,1
15/03/2015,21,20,3,2
15/03/2015,15,6,2,0
15/03/2015,19,30,1,3
15/03/2015,5,17,1,5
16/03/2015,7,15,3,4
16/03/2015,14,8,4,2
16/03/2015,24,18,4,2
17/03/2015,22,10,4,1
17/03/2015,13,8,2,3
17/03/2015,12,9,1,2
17/03/2015,1,5,2,0
17/03/2015,26,53,1,0
17/03/2015,6,7,1,2
18/03/2015,18,30,2,3
18/03/2015,16,2,4,1
18/03/2015,52,28,5,2
18/03/2015,20,19,0,4
18/03/2015,23,4,4,1
19/03/2015,9,6,6,4
19/03/2015,10,28,1,4
19/03/2015,24,26,3,2
19/03/2015,13,17,3,1
19/03/2015,22,29,3,4
19/03/2015,8,12,4,0
19/03/2015,3,16,0,1
20/03/2015,7,1,1,3
20/03/2015,25,5,2,1
20/03/2015,20,4,4,1
20/03/2015,23,29,2,6
20/03/2015,14,17,3,1
20/03/2015,52,19,2,1
20/03/2015,30,15,2,3
20/03/2015,53,21,2,5
21/03/2015,1,2,0,3
21/03/2015,13,6,2,1
21/03/2015,9,10,5,3
21/03/2015,52,15,3,0
21/03/2015,20,29,2,3
21/03/2015,26,23,1,4
21/03/2015,8,28,2,0
21/03/2015,30,19,6,3
21/03/2015,24,21,3,2
21/03/2015,12,3,2,3
22/03/2015,53,5,1,3
22/03/2015,18,7,3,0
22/03/2015,22,4,5,4
22/03/2015,14,6,5,3
22/03/2015,3,24,7,2
22/03/2015,17,19,2,1
22/03/2015,25,16,4,0
23/03/2015,10,30,1,2
23/03/2015,12,16,1,3
23/03/2015,1,26,1,3
23/03/2015,9,28,5,2
23/03/2015,53,23,1,3
24/03/2015,5,19,2,3
24/03/2015,20,21,3,2
24/03/2015,3,26,2,4
24/03/2015,2,30,1,2
24/03/2015,22,52,1,4
24/03/2015,29,24,5,3
24/03/2015,14,13,4,3
24/03/2015,17,53,4,5
24/03/2015,25,7,4,3
25/03/2015,18,8,3,2
25/03/2015,23,52,5,2
26/03/2015,12,5,5,2
26/03/2015,9,3,1,5
26/03/2015,15,1,3,2
26/03/2015,7,53,3,4
26/03/2015,17,28,4,6
26/03/2015,10,13,1,4
26/03/2015,20,25,3,4
26/03/2015,14,18,2,3
26/03/2015,4,16,4,1
26/03/2015,6,24,2,3
26/03/2015,2,26,2,3
26/03/2015,22,21,4,3
27/03/2015,23,21,1,4
27/03/2015,52,8,5,2
28/03/2015,8,13,3,2
28/03/2015,16,29,2,5
28/03/2015,4,28,2,3
28/03/2015,17,14,4,0
28/03/2015,22,25,4,0
28/03/2015,2,24,2,3
28/03/2015,5,53,3,2
28/03/2015,15,18,3,4
28/03/2015,30,20,4,2
28/03/2015,10,9,4,3
28/03/2015,12,1,3,1
28/03/2015,6,3,4,2
29/03/2015,21,7,5,3
29/03/2015,23,25,3,4
29/03/2015,9,13,2,4
29/03/2015,1,24,1,2
29/03/2015,30,26,4,1
29/03/2015,3,15,2,5
29/03/2015,12,6,1,2
29/03/2015,52,16,3,4
29/03/2015,5,28,3,2
29/03/2015,19,29,2,4
29/03/2015,18,20,2,5
29/03/2015,2,17,5,4
30/03/2015,8,14,3,5
31/03/2015,29,1,3,2
31/03/2015,10,14,3,1
31/03/2015,6,13,3,2
31/03/2015,16,26,4,1
31/03/2015,19,23,1,4
31/03/2015,21,22,1,4
31/03/2015,25,20,3,5
31/03/2015,53,7,1,4
31/03/2015,15,12,4,2
31/03/2015,17,9,1,2
01/04/2015,18,23,4,5
01/04/2015,52,3,2,3
01/04/2015,7,10,4,3
02/04/2015,8,15,4,5
02/04/2015,9,14,2,1
02/04/2015,5,4,1,4
02/04/2015,17,6,2,3
02/04/2015,29,2,4,3
02/04/2015,24,22,5,1
02/04/2015,28,21,5,1
02/04/2015,13,12,6,1
03/04/2015,1,8,3,2
03/04/2015,16,23,3,1
03/04/2015,7,16,3,4
03/04/2015,30,3,2,3
03/04/2015,26,22,8,2
03/04/2015,19,20,4,1
04/04/2015,6,10,2,1
04/04/2015,13,14,0,4
04/04/2015,28,53,3,1
04/04/2015,3,1,6,1
04/04/2015,24,21,2,4
04/04/2015,52,23,5,4
04/04/2015,25,19,5,7
04/04/2015,2,7,3,0
04/04/2015,9,15,4,3
04/04/2015,30,17,2,3
04/04/2015,29,5,5,3
04/04/2015,12,4,3,2
05/04/2015,4,5,4,1
05/04/2015,18,25,3,4
05/04/2015,10,9,3,2
05/04/2015,13,8,1,4
05/04/2015,26,21,3,1
05/04/2015,22,20,0,4
05/04/2015,53,28,5,3
05/04/2015,17,15,1,2
05/04/2015,16,19,1,2
06/04/2015,7,12,4,3
06/04/2015,3,29,4,3
07/04/2015,28,25,1,5
07/04/2015,17,12,3,2
07/04/2015,9,5,4,3
07/04/2015,4,2,5,4
07/04/2015,23,26,2,1
07/04/2015,30,52,0,2
07/04/2015,1,3,2,4
08/04/2015,22,26,4,2
08/04/2015,20,53,3,2
08/04/2015,19,52,0,1
08/04/2015,29,10,5,0
08/04/2015,21,18,3,2
08/04/2015,16,30,1,2
09/04/2015,4,12,1,3
09/04/2015,8,17,4,3
09/04/2015,13,6,4,2
09/04/2015,3,9,0,3
09/04/2015,14,1,4,3
09/04/2015,24,25,0,4
09/04/2015,15,6,3,0
10/04/2015,29,7,4,2
10/04/2015,22,28,1,3
10/04/2015,19,16,2,1
10/04/2015,21,52,1,0
10/04/2015,5,2,1,3
10/04/2015,18,30,2,4
10/04/2015,23,53,5,0
10/04/2015,20,26,3,1
11/04/2015,12,17,0,2
11/04/2015,7,5,0,2
11/04/2015,19,30,4,2
11/04/2015,10,8,3,4
11/04/2015,15,3,2,4
11/04/2015,52,20,5,1
11/04/2015,4,9,1,3
11/04/2015,2,29,4,5
11/04/2015,14,6,3,2
11/04/2015,26,28,4,1
11/04/2015,13,1,3,2
12/04/2015,21,16,3,2
12/04/2015,23,22,6,5
12/04/2015,25,18,4,1
12/04/2015,53,24,1,2
15/04/2015,8,9,4,3
15/04/2015,15,2,1,4
16/04/2015,3,5,2,1
16/04/2015,23,20,1,2
16/04/2015,14,17,2,3
16/04/2015,18,16,3,4
17/04/2015,19,30,2,4
17/04/2015,8,9,3,2
17/04/2015,15,2,4,3
17/04/2015,24,52,4,2
18/04/2015,19,30,4,1
18/04/2015,23,20,4,1
18/04/2015,14,17,5,1
18/04/2015,18,16,6,2
19/04/2015,3,5,3,4
19/04/2015,9,8,1,2
19/04/2015,2,15,2,1
19/04/2015,24,52,2,1
19/04/2015,16,18,4,2
20/04/2015,5,3,1,2
20/04/2015,20,23,4,2
21/04/2015,30,19,3,0
21/04/2015,2,15,1,2
21/04/2015,52,24,4,5
21/04/2015,17,14,3,0
22/04/2015,5,3,1,2
22/04/2015,9,8,1,0
22/04/2015,20,23,3,1
22/04/2015,16,18,3,2
23/04/2015,30,19,1,6
23/04/2015,15,2,5,1
23/04/2015,52,24,2,5
23/04/2015,17,14,2,3
24/04/2015,3,5,2,1
24/04/2015,8,9,1,5
24/04/2015,23,20,2,1
24/04/2015,18,16,5,2
25/04/2015,19,30,1,4
25/04/2015,2,15,3,1
25/04/2015,14,17,0,4
26/04/2015,30,19,4,1
26/04/2015,9,8,0,2
26/04/2015,20,23,7,4
26/04/2015,16,18,4,3
27/04/2015,15,2,2,1
27/04/2015,17,14,2,5
29/04/2015,14,17,2,0
30/04/2015,3,15,1,2
01/05/2015,8,14,1,2
01/05/2015,24,20,6,1
02/05/2015,16,30,4,3
02/05/2015,3,15,3,2
03/05/2015,8,14,2,6
04/05/2015,16,30,4,1
04/05/2015,15,3,1,0
04/05/2015,24,20,3,0
06/05/2015,30,16,0,1
06/05/2015,15,3,2,1
06/05/2015,14,8,2,1
06/05/2015,20,24,4,3
07/05/2015,14,8,2,6
08/05/2015,30,16,3,4
08/05/2015,3,15,2,1
09/05/2015,8,14,2,1
09/05/2015,20,24,2,4
10/05/2015,15,3,3,4
11/05/2015,24,20,3,2
12/05/2015,14,8,4,1
13/05/2015,3,15,2,1
16/05/2015,3,14,2,1
17/05/2015,24,16,4,1
19/05/2015,3,14,2,6
20/05/2015,24,16,2,3
21/05/2015,14,3,6,5
22/05/2015,16,24,1,2
23/05/2015,14,3,1,5
24/05/2015,16,24,5,4
25/05/2015,3,14,0,2
26/05/2015,24,16,5,4
27/05/2015,14,3,3,7
28/05/2015,16,24,5,2
30/05/2015,3,14,0,2
31/05/2015,24,16,3,5
04/06/2015,14,16,1,2
06/06/2015,14,16,4,3
09/06/2015,16,14,2,3
11/06/2015,16,14,2,1
14/06/2015,14,16,1,2
16/06/2015,16,14,2,0
07/10/2015,10,8,1,3
08/10/2015,14,4,3,2
08/10/2015,16,3,2,3
08/10/2015,26,28,1,5
08/10/2015,7,9,1,3
08/10/2015,6,52,2,6
08/10/2015,20,23,1,5
09/10/2015,18,12,2,1
09/10/2015,17,10,4,0
09/10/2015,19,22,3,1
09/10/2015,21,30,4,5
09/10/2015,29,3,2,4
09/10/2015,1,52,1,3
09/10/2015,25,5,3,0
09/10/2015,2,16,2,3
10/10/2015,15,1,5,3
10/10/2015,3,29,5,2
10/10/2015,7,14,1,4
10/10/2015,26,53,1,4
10/10/2015,12,17,3,4
10/10/2015,6,8,2,4
10/10/2015,18,22,2,0
10/10/2015,13,4,7,1
10/10/2015,10,9,4,5
11/10/2015,23,20,2,3
11/10/2015,21,25,6,3
11/10/2015,9,8,1,3
11/10/2015,16,2,4,1
11/10/2015,28,24,2,0
11/10/2015,53,5,2,1
11/10/2015,30,19,3,2
12/10/2015,4,13,1,0
12/10/2015,2,52,4,2
12/10/2015,6,14,3,6
12/10/2015,7,29,4,2
13/10/2015,15,28,0,5
13/10/2015,12,13,1,4
13/10/2015,17,14,3,1
13/10/2015,1,18,1,3
13/10/2015,3,52,1,4
13/10/2015,5,8,2,3
13/10/2015,24,23,1,2
14/10/2015,29,9,3,7
14/10/2015,20,19,3,4
14/10/2015,25,22,4,2
14/10/2015,26,23,0,3
15/10/2015,4,16,3,0
15/10/2015,2,18,4,3
15/10/2015,15,16,4,1
15/10/2015,5,9,2,0
15/10/2015,8,3,3,0
15/10/2015,13,7,3,2
15/10/2015,14,25,3,5
15/10/2015,24,53,0,4
15/10/2015,21,6,2,6
16/10/2015,17,12,3,5
16/10/2015,22,19,2,4
16/10/2015,1,28,1,2
16/10/2015,29,10,3,6
16/10/2015,53,30,3,4
17/10/2015,52,20,3,1
17/10/2015,2,28,6,3
17/10/2015,15,12,4,1
17/10/2015,26,30,2,1
17/10/2015,8,17,4,1
17/10/2015,5,10,2,1
17/10/2015,13,25,2,4
17/10/2015,24,21,0,3
17/10/2015,9,18,3,4
17/10/2015,14,7,2,1
17/10/2015,23,19,3,4
18/10/2015,3,1,1,2
18/10/2015,52,19,2,4
18/10/2015,53,6,3,5
18/10/2015,20,22,2,5
18/10/2015,16,29,4,1
19/10/2015,26,21,2,1
19/10/2015,23,22,1,2
19/10/2015,24,30,4,1
19/10/2015,3,28,4,0
20/10/2015,5,13,3,2
20/10/2015,4,25,1,2
20/10/2015,29,2,0,4
20/10/2015,1,53,3,2
20/10/2015,8,19,3,0
21/10/2015,18,14,5,4
21/10/2015,7,10,2,1
21/10/2015,20,15,2,6
22/10/2015,3,53,4,1
22/10/2015,5,25,1,4
22/10/2015,21,12,0,1
22/10/2015,9,1,4,5
22/10/2015,6,4,4,5
22/10/2015,22,17,3,1
23/10/2015,30,29,3,2
23/10/2015,2,6,3,5
23/10/2015,28,26,1,4
23/10/2015,16,13,3,2
23/10/2015,23,15,2,3
23/10/2015,7,8,2,7
23/10/2015,18,24,5,1
24/10/2015,9,53,1,4
24/10/2015,4,3,3,2
24/10/2015,30,24,3,0
24/10/2015,7,1,3,4
24/10/2015,22,15,4,7
24/10/2015,26,12,3,0
24/10/2015,8,10,5,3
24/10/2015,52,14,3,4
24/10/2015,20,17,3,2
25/10/2015,23,17,2,3
25/10/2015,28,12,5,2
25/10/2015,3,20,4,1
25/10/2015,52,30,5,4
25/10/2015,18,5,1,2
25/10/2015,21,29,3,4
25/10/2015,16,14,1,0
25/10/2015,25,13,2,6
25/10/2015,19,2,2,3
26/10/2015,22,26,2,3
26/10/2015,10,53,3,4
26/10/2015,2,20,4,0
27/10/2015,6,53,6,0
27/10/2015,4,7,3,4
27/10/2015,1,29,1,3
27/10/2015,17,12,1,3
27/10/2015,13,21,4,1
27/10/2015,16,24,1,0
28/10/2015,30,22,4,3
28/10/2015,9,20,5,4
28/10/2015,25,24,4,3
28/10/2015,23,8,5,1
28/10/2015,52,26,1,4
28/10/2015,19,14,2,0
29/10/2015,15,5,1,3
29/10/2015,5,7,4,3
29/10/2015,2,12,2,3
29/10/2015,4,1,1,4
29/10/2015,28,18,1,2
29/10/2015,14,21,1,2
30/10/2015,52,16,3,1
30/10/2015,7,4,3,1
30/10/2015,12,21,3,2
30/10/2015,13,6,1,3
30/10/2015,22,8,4,3
30/10/2015,15,29,2,1
30/10/2015,25,23,4,3
30/10/2015,3,10,3,1
30/10/2015,19,24,2,1
30/10/2015,17,9,1,3
31/10/2015,13,15,1,2
31/10/2015,14,6,1,3
31/10/2015,25,28,5,3
31/10/2015,53,23,3,4
31/10/2015,9,17,3,5
31/10/2015,29,52,2,3
31/10/2015,1,2,3,2
31/10/2015,30,16,5,4
31/10/2015,20,8,2,6
31/10/2015,10,5,0,4
31/10/2015,26,18,4,3
01/11/2015,12,14,3,4
01/11/2015,19,30,3,2
01/11/2015,21,28,3,4
01/11/2015,22,20,4,5
02/11/2015,24,18,4,2
02/11/2015,2,7,1,2
02/11/2015,8,52,5,1
03/11/2015,16,26,4,2
03/11/2015,10,25,4,1
03/11/2015,23,4,4,1
04/11/2015,6,25,3,5
04/11/2015,8,9,1,2
04/11/2015,21,20,6,3
04/11/2015,19,26,0,3
04/11/2015,3,15,5,2
04/11/2015,28,29,2,5
04/11/2015,2,1,2,1
04/11/2015,22,4,4,2
04/11/2015,17,14,2,1
05/11/2015,23,5,2,3
05/11/2015,16,19,5,6
05/11/2015,24,13,3,2
05/11/2015,10,52,2,4
06/11/2015,15,6,4,1
06/11/2015,7,14,1,4
06/11/2015,28,13,5,2
06/11/2015,30,18,2,3
06/11/2015,53,21,4,2
06/11/2015,8,2,4,1
06/11/2015,20,4,2,1
06/11/2015,26,29,2,3
06/11/2015,9,52,3,2
07/11/2015,26,13,4,1
07/11/2015,12,25,1,4
07/11/2015,1,16,4,2
07/11/2015,22,5,1,2
07/11/2015,10,17,1,2
07/11/2015,7,23,3,2
07/11/2015,21,3,1,2
07/11/2015,24,29,4,2
08/11/2015,28,24,0,1
08/11/2015,53,3,1,4
08/11/2015,52,4,0,3
08/11/2015,2,6,1,2
08/11/2015,1,23,4,3
08/11/2015,18,19,0,4
08/11/2015,30,14,1,0
08/11/2015,20,5,5,2
08/11/2015,17,25,1,4
08/11/2015,15,10,3,2
08/11/2015,8,6,4,2
08/11/2015,12,9,3,2
09/11/2015,16,22,4,2
10/11/2015,24,53,3,4
11/11/2015,28,2,2,4
11/11/2015,26,53,2,3
11/11/2015,3,12,3,0
11/11/2015,1,19,0,2
11/11/2015,25,10,2,3
11/11/2015,30,52,5,3
11/11/2015,13,20,4,3
11/11/2015,29,23,3,5
11/11/2015,4,21,0,4
11/11/2015,18,9,7,5
11/11/2015,17,15,1,0
11/11/2015,14,7,1,4
12/11/2015,5,8,4,3
12/11/2015,24,22,3,4
13/11/2015,25,52,6,3
13/11/2015,16,1,2,3
13/11/2015,53,22,4,1
13/11/2015,9,23,3,2
13/11/2015,12,30,2,3
13/11/2015,13,7,2,3
13/11/2015,3,19,6,3
13/11/2015,6,21,2,3
13/11/2015,14,20,3,1
13/11/2015,18,10,1,2
13/11/2015,26,2,2,1
13/11/2015,4,15,2,5
14/11/2015,24,2,1,4
14/11/2015,5,29,1,2
14/11/2015,9,3,1,2
14/11/2015,15,20,2,3
14/11/2015,17,28,2,3
15/11/2015,1,5,4,0
15/11/2015,14,13,4,5
15/11/2015,29,53,5,2
15/11/2015,12,4,2,3
15/11/2015,6,17,3,1
15/11/2015,8,21,1,6
15/11/2015,25,30,3,2
15/11/2015,7,28,1,2
15/11/2015,19,16,2,4
15/11/2015,10,23,4,2
15/11/2015,18,52,7,0
15/11/2015,26,22,4,3
16/11/2015,16,20,4,1
16/11/2015,3,10,4,3
17/11/2015,13,14,1,0
17/11/2015,19,52,3,2
17/11/2015,12,24,1,4
17/11/2015,9,17,3,4
17/11/2015,8,23,4,3
17/11/2015,2,53,5,2
18/11/2015,7,25,1,3
18/11/2015,4,26,2,3
18/11/2015,6,28,4,5
18/11/2015,18,24,3,2
18/11/2015,20,1,3,2
18/11/2015,10,21,5,1
18/11/2015,29,19,3,1
18/11/2015,5,30,4,3
19/11/2015,52,23,4,1
19/11/2015,22,16,3,4
19/11/2015,17,15,1,2
20/11/2015,9,29,3,0
20/11/2015,14,3,2,1
20/11/2015,4,28,0,1
20/11/2015,5,21,4,3
20/11/2015,8,53,2,3
20/11/2015,6,30,4,2
20/11/2015,13,24,1,3
20/11/2015,19,7,3,2
20/11/2015,15,25,2,3
21/11/2015,12,10,1,2
21/11/2015,20,16,2,1
21/11/2015,2,8,3,5
21/11/2015,29,18,4,0
21/11/2015,22,1,5,1
21/11/2015,17,26,3,2
22/11/2015,15,21,7,3
22/11/2015,5,28,1,3
22/11/2015,29,28,3,5
22/11/2015,9,4,4,0
22/11/2015,30,18,4,0
22/11/2015,23,16,6,3
22/11/2015,12,26,4,3
22/11/2015,52,53,3,2
22/11/2015,13,3,4,5
22/11/2015,6,10,2,0
22/11/2015,14,24,5,0
22/11/2015,25,7,3,0
22/11/2015,19,17,3,4
23/11/2015,8,2,4,2
23/11/2015,23,1,2,3
24/11/2015,52,21,1,4
24/11/2015,7,19,1,2
24/11/2015,4,12,3,2
24/11/2015,10,6,3,4
24/11/2015,3,18,3,0
24/11/2015,13,26,1,3
24/11/2015,15,22,1,0
25/11/2015,24,20,5,3
25/11/2015,25,9,4,7
26/11/2015,53,24,4,2
26/11/2015,12,22,4,1
26/11/2015,5,19,4,3
26/11/2015,7,18,2,3
26/11/2015,17,6,2,3
26/11/2015,2,4,3,1
26/11/2015,1,29,1,2
26/11/2015,14,26,2,1
26/11/2015,21,9,3,5
26/11/2015,28,16,2,5
26/11/2015,30,23,2,3
26/11/2015,3,8,1,5
26/11/2015,15,52,5,3
27/11/2015,15,14,4,2
27/11/2015,6,3,4,3
27/11/2015,4,18,3,2
27/11/2015,30,52,1,3
27/11/2015,24,16,2,3
28/11/2015,53,20,2,1
28/11/2015,7,12,4,1
28/11/2015,17,22,4,3
28/11/2015,1,8,2,3
28/11/2015,29,5,2,1
28/11/2015,13,2,3,2
28/11/2015,3,4,0,3
28/11/2015,25,23,3,2
29/11/2015,5,22,2,3
29/11/2015,28,20,5,2
29/11/2015,53,9,4,3
29/11/2015,17,13,1,2
29/11/2015,19,29,3,1
29/11/2015,10,15,2,4
29/11/2015,14,2,2,3
29/11/2015,8,1,2,3
29/11/2015,26,16,3,2
29/11/2015,18,7,1,4
29/11/2015,21,52,5,3
29/11/2015,30,25,3,4
01/12/2015,10,22,3,0
01/12/2015,24,23,4,0
01/12/2015,3,12,4,3
01/12/2015,2,21,5,3
02/12/2015,20,25,4,3
02/12/2015,1,21,1,2
02/12/2015,9,4,2,4
02/12/2015,28,5,1,5
02/12/2015,17,7,5,4
02/12/2015,19,13,1,3
02/12/2015,8,29,2,1
02/12/2015,18,53,5,2
02/12/2015,16,30,1,2
02/12/2015,26,23,2,1
03/12/2015,52,10,6,1
03/12/2015,24,14,1,2
03/12/2015,22,6,3,2
03/12/2015,2,3,2,1
04/12/2015,23,25,2,4
04/12/2015,18,13,1,2
04/12/2015,8,15,2,3
04/12/2015,30,10,1,0
04/12/2015,3,21,1,2
04/12/2015,17,53,5,1
04/12/2015,9,16,4,3
04/12/2015,12,1,1,5
05/12/2015,52,15,2,1
05/12/2015,24,28,1,0
05/12/2015,26,5,5,3
05/12/2015,22,25,2,1
05/12/2015,20,6,5,4
05/12/2015,29,13,1,2
05/12/2015,2,19,2,1
05/12/2015,1,4,3,4
05/12/2015,7,53,5,2
06/12/2015,9,2,3,2
06/12/2015,30,21,3,0
06/12/2015,12,8,3,2
06/12/2015,17,18,5,4
06/12/2015,4,29,1,4
06/12/2015,12,53,5,4
06/12/2015,19,10,1,4
06/12/2015,28,14,3,4
06/12/2015,16,52,3,1
06/12/2015,23,6,0,4
07/12/2015,3,9,4,1
07/12/2015,22,7,4,2
07/12/2015,24,5,2,1
07/12/2015,1,13,4,2
07/12/2015,26,14,3,1
08/12/2015,6,18,2,3
08/12/2015,23,7,5,2
08/12/2015,21,30,2,1
09/12/2015,20,28,4,2
09/12/2015,4,2,3,4
09/12/2015,13,9,2,4
09/12/2015,19,53,4,1
09/12/2015,10,1,3,2
09/12/2015,25,12,6,5
09/12/2015,29,26,2,3
09/12/2015,16,18,4,1
09/12/2015,15,17,3,2
10/12/2015,22,28,4,3
10/12/2015,21,5,2,4
10/12/2015,23,3,2,1
10/12/2015,8,6,1,3
11/12/2015,20,7,4,3
11/12/2015,18,16,5,1
11/12/2015,17,8,3,2
11/12/2015,19,4,2,4
11/12/2015,13,15,4,1
11/12/2015,14,9,4,1
11/12/2015,52,29,6,4
12/12/2015,25,4,3,1
12/12/2015,53,30,2,1
12/12/2015,22,3,7,5
12/12/2015,24,12,1,5
12/12/2015,1,17,3,2
12/12/2015,5,26,2,3
12/12/2015,6,13,3,1
12/12/2015,16,52,2,0
13/12/2015,19,25,3,0
13/12/2015,28,30,0,2
13/12/2015,53,12,4,5
13/12/2015,20,3,5,4
13/12/2015,2,1,4,0
13/12/2015,7,26,2,1
13/12/2015,18,21,2,3
13/12/2015,29,2,2,3
13/12/2015,14,15,1,2
13/12/2015,19,21,1,3
13/12/2015,8,9,3,1
14/12/2015,16,23,4,0
15/12/2015,6,22,2,3
15/12/2015,17,7,1,2
15/12/2015,9,26,5,3
15/12/2015,5,15,1,4
15/12/2015,29,14,1,2
16/12/2015,7,1,0,2
16/12/2015,2,13,1,5
16/12/2015,10,14,4,5
16/12/2015,52,19,3,4
16/12/2015,8,28,1,3
16/12/2015,18,20,1,2
16/12/2015,4,12,4,3
16/12/2015,30,23,6,2
16/12/2015,16,21,0,3
16/12/2015,25,29,5,1
16/12/2015,3,22,4,2
17/12/2015,15,9,2,1
17/12/2015,6,5,3,0
18/12/2015,19,18,2,1
18/12/2015,4,23,2,0
18/12/2015,8,26,0,3
18/12/2015,1,13,1,5
18/12/2015,16,22,4,0
18/12/2015,7,24,3,0
18/12/2015,10,28,4,5
18/12/2015,25,20,1,3
18/12/2015,53,29,5,7
18/12/2015,30,3,5,2
18/12/2015,21,2,2,1
19/12/2015,19,20,3,2
19/12/2015,17,23,3,4
19/12/2015,15,14,5,3
19/12/2015,5,6,2,6
19/12/2015,12,13,0,2
19/12/2015,7,16,2,3
19/12/2015,52,3,5,2
19/12/2015,9,28,4,2
20/12/2015,5,12,1,2
20/12/2015,29,4,3,2
20/12/2015,1,24,1,2
20/12/2015,10,26,5,0
20/12/2015,25,8,6,2
20/12/2015,18,30,3,2
20/12/2015,14,9,5,2
20/12/2015,53,2,1,0
20/12/2015,21,22,5,1
20/12/2015,13,23,5,4
20/12/2015,6,1,2,1
21/12/2015,17,20,4,2
21/12/2015,3,15,3,7
21/12/2015,16,28,4,3
22/12/2015,5,29,5,2
22/12/2015,22,52,3,1
22/12/2015,18,8,5,1
22/12/2015,12,15,1,2
22/12/2015,2,24,5,2
22/12/2015,4,19,4,3
22/12/2015,21,10,4,7
22/12/2015,30,25,3,6
23/12/2015,26,28,3,5
23/12/2015,20,52,4,1
23/12/2015,6,19,0,2
23/12/2015,53,10,3,2
23/12/2015,30,8,2,1
23/12/2015,13,9,2,1
23/12/2015,3,24,3,2
23/12/2015,25,16,4,0
23/12/2015,14,23,1,2
23/12/2015,17,1,3,4
27/12/2015,2,10,1,3
27/12/2015,12,1,3,1
27/12/2015,6,7,3,6
27/12/2015,13,29,3,2
27/12/2015,25,19,3,0
27/12/2015,18,17,2,3
27/12/2015,23,22,2,1
27/12/2015,30,5,1,3
27/12/2015,19,25,3,2
27/12/2015,14,29,5,2
27/12/2015,15,8,3,1
27/12/2015,53,26,3,4
27/12/2015,9,6,3,1
28/12/2015,52,5,1,0
28/12/2015,24,4,4,2
28/12/2015,16,12,1,2
28/12/2015,21,53,1,2
28/12/2015,20,22,5,3
29/12/2015,28,21,3,6
29/12/2015,7,15,0,2
29/12/2015,30,17,3,1
29/12/2015,18,3,5,3
29/12/2015,14,8,3,4
29/12/2015,23,26,0,5
30/12/2015,6,9,7,3
30/12/2015,19,18,4,3
30/12/2015,52,17,4,1
30/12/2015,1,12,3,2
30/12/2015,29,25,6,3
30/12/2015,22,26,2,5
30/12/2015,13,8,3,1
30/12/2015,10,2,3,6
30/12/2015,20,24,0,1
30/12/2015,53,16,5,7
31/12/2015,15,7,5,2
31/12/2015,14,3,2,5
31/12/2015,7,2,1,2
31/12/2015,28,4,4,2
31/12/2015,17,5,2,5
31/12/2015,9,1,0,3
31/12/2015,12,15,4,2
31/12/2015,5,10,2,3
01/01/2016,20,26,1,4
01/01/2016,21,16,3,4
01/01/2016,53,52,4,2
01/01/2016,6,8,1,5
01/01/2016,25,18,5,1
01/01/2016,22,24,0,1
01/01/2016,19,30,1,3
02/01/2016,26,4,2,1
02/01/2016,23,24,2,1
02/01/2016,7,17,3,4
02/01/2016,22,53,4,3
03/01/2016,1,25,3,2
03/01/2016,14,30,3,2
03/01/2016,29,15,5,4
03/01/2016,21,20,0,4
03/01/2016,13,30,2,1
03/01/2016,13,3,3,0
03/01/2016,5,2,5,2
03/01/2016,2,25,6,5
03/01/2016,12,18,1,2
03/01/2016,10,19,4,1
03/01/2016,28,52,1,4
04/01/2016,16,9,3,0
04/01/2016,24,52,4,1
05/01/2016,22,12,1,0
05/01/2016,1,17,0,1
05/01/2016,19,9,2,3
05/01/2016,23,53,2,3
05/01/2016,21,26,4,1
06/01/2016,6,15,2,3
06/01/2016,29,30,2,4
06/01/2016,18,52,1,4
06/01/2016,20,14,3,1
06/01/2016,4,8,4,3
06/01/2016,7,13,1,5
06/01/2016,3,25,6,2
06/01/2016,5,16,2,3
07/01/2016,23,12,3,2
07/01/2016,8,1,2,1
07/01/2016,24,10,0,4
07/01/2016,16,5,3,1
07/01/2016,21,19,4,3
08/01/2016,26,10,2,1
08/01/2016,28,17,1,2
08/01/2016,9,13,2,3
08/01/2016,20,53,1,2
08/01/2016,2,15,1,4
08/01/2016,30,4,3,4
08/01/2016,25,52,2,1
09/01/2016,24,19,4,3
09/01/2016,22,14,2,3
09/01/2016,1,6,1,4
09/01/2016,21,18,5,3
09/01/2016,3,15,3,4
09/01/2016,12,29,4,1
09/01/2016,16,7,3,1
09/01/2016,4,2,4,0
10/01/2016,28,10,7,0
10/01/2016,25,30,1,2
10/01/2016,23,14,2,3
10/01/2016,8,5,1,3
10/01/2016,52,7,2,4
10/01/2016,53,18,4,0
10/01/2016,9,6,2,1
10/01/2016,26,19,1,2
10/01/2016,29,12,3,4
11/01/2016,22,13,1,2
11/01/2016,15,9,7,1
11/01/2016,16,21,6,3
11/01/2016,30,1,1,2
11/01/2016,24,17,1,2
12/01/2016,26,17,4,2
12/01/2016,3,6,2,1
12/01/2016,20,28,4,5
12/01/2016,23,13,3,2
13/01/2016,53,22,4,3
13/01/2016,16,18,3,2
13/01/2016,21,14,0,4
13/01/2016,30,7,2,3
13/01/2016,19,1,5,2
13/01/2016,2,29,5,2
13/01/2016,52,28,1,4
13/01/2016,12,5,3,2
14/01/2016,24,9,4,1
14/01/2016,20,13,6,0
14/01/2016,4,6,3,2
14/01/2016,10,29,1,3
15/01/2016,2,3,3,1
15/01/2016,28,22,2,1
15/01/2016,53,17,2,3
15/01/2016,21,1,3,0
15/01/2016,19,12,1,4
15/01/2016,8,16,1,2
15/01/2016,52,18,5,4
15/01/2016,15,23,4,1
16/01/2016,14,5,5,4
16/01/2016,30,52,0,1
16/01/2016,26,9,3,5
16/01/2016,4,3,2,3
16/01/2016,53,1,0,2
16/01/2016,10,16,1,4
16/01/2016,12,23,2,3
16/01/2016,24,25,4,2
16/01/2016,7,6,1,4
17/01/2016,7,15,4,1
17/01/2016,5,12,5,0
17/01/2016,22,20,2,1
17/01/2016,14,13,3,1
17/01/2016,28,25,4,3
17/01/2016,6,10,3,2
17/01/2016,19,8,4,3
17/01/2016,29,21,2,1
17/01/2016,15,3,5,2
17/01/2016,18,30,3,0
17/01/2016,2,23,1,2
18/01/2016,24,26,2,3
18/01/2016,16,8,5,2
18/01/2016,17,4,1,2
19/01/2016,28,9,3,4
19/01/2016,13,22,2,4
19/01/2016,19,5,5,2
19/01/2016,52,21,1,2
19/01/2016,53,7,1,2
20/01/2016,14,22,6,4
20/01/2016,3,23,3,2
20/01/2016,4,10,2,3
20/01/2016,8,6,1,4
20/01/2016,18,16,1,4
20/01/2016,26,25,3,2
20/01/2016,29,15,3,6
20/01/2016,1,20,4,2
21/01/2016,24,30,3,1
21/01/2016,17,19,1,2
21/01/2016,21,7,2,1
22/01/2016,6,23,2,4
22/01/2016,26,30,0,3
22/01/2016,29,20,2,4
22/01/2016,52,18,1,4
22/01/2016,1,9,6,3
22/01/2016,14,16,2,1
22/01/2016,25,22,3,2
22/01/2016,53,28,1,3
22/01/2016,10,12,0,1
22/01/2016,5,4,4,3
23/01/2016,9,2,2,5
23/01/2016,5,23,5,4
23/01/2016,21,19,2,1
23/01/2016,7,17,0,3
23/01/2016,13,16,4,0
23/01/2016,28,30,4,3
23/01/2016,12,3,1,4
24/01/2016,13,14,5,2
24/01/2016,12,20,5,2
24/01/2016,22,18,1,4
24/01/2016,52,1,1,3
24/01/2016,6,29,3,2
24/01/2016,25,21,1,3
24/01/2016,53,26,3,2
24/01/2016,17,24,3,4
24/01/2016,9,3,3,0
24/01/2016,10,8,2,3
25/01/2016,16,19,2,0
25/01/2016,28,26,2,3
26/01/2016,25,20,2,1
26/01/2016,30,53,1,2
26/01/2016,29,8,5,2
26/01/2016,2,17,2,4
26/01/2016,4,6,2,3
26/01/2016,3,7,6,3
27/01/2016,28,21,6,1
27/01/2016,52,53,5,2
27/01/2016,12,16,5,0
27/01/2016,13,10,5,1
27/01/2016,23,18,1,2
27/01/2016,8,29,2,5
27/01/2016,9,7,2,3
27/01/2016,6,24,2,6
27/01/2016,5,1,2,0
28/01/2016,20,18,1,2
28/01/2016,14,10,1,0
28/01/2016,26,21,3,4
28/01/2016,15,4,3,4
03/02/2016,53,26,2,6
03/02/2016,21,16,1,2
03/02/2016,5,9,6,5
03/02/2016,4,8,4,2
03/02/2016,2,30,5,3
03/02/2016,15,13,2,5
03/02/2016,6,10,3,4
03/02/2016,1,3,3,2
03/02/2016,22,29,5,1
03/02/2016,52,25,3,5
03/02/2016,18,19,0,1
03/02/2016,24,28,3,2
04/02/2016,14,17,3,1
04/02/2016,20,12,4,1
04/02/2016,8,7,2,4
05/02/2016,53,16,4,5
05/02/2016,13,17,6,3
05/02/2016,9,22,2,7
05/02/2016,18,4,3,6
05/02/2016,15,2,3,2
05/02/2016,10,1,3,2
05/02/2016,23,29,1,2
05/02/2016,19,28,1,3
05/02/2016,7,6,2,3
05/02/2016,3,30,4,2
05/02/2016,26,24,2,4
05/02/2016,21,25,3,4
06/02/2016,24,53,5,2
06/02/2016,14,5,6,3
06/02/2016,20,29,1,2
06/02/2016,17,2,5,1
06/02/2016,8,22,5,1
06/02/2016,4,3,2,3
06/02/2016,1,15,2,3
06/02/2016,52,12,3,5
07/02/2016,2,22,8,1
07/02/2016,8,12,2,1
07/02/2016,6,7,2,1
07/02/2016,21,52,2,4
07/02/2016,23,20,1,4
07/02/2016,13,5,2,3
07/02/2016,9,10,6,1
07/02/2016,19,30,4,1
07/02/2016,18,28,6,2
07/02/2016,15,4,3,2
07/02/2016,25,16,1,5
09/02/2016,17,13,3,0
09/02/2016,3,1,2,1
09/02/2016,5,24,6,2
09/02/2016,9,14,5,1
10/02/2016,4,24,1,4
10/02/2016,21,23,1,3
10/02/2016,18,15,3,5
10/02/2016,29,2,2,3
10/02/2016,1,22,2,1
10/02/2016,20,10,4,3
10/02/2016,30,25,3,4
10/02/2016,19,52,1,2
10/02/2016,7,13,4,7
10/02/2016,6,26,2,9
10/02/2016,8,14,4,2
10/02/2016,16,28,0,2
11/02/2016,53,23,1,2
11/02/2016,17,9,3,1
11/02/2016,5,3,0,3
12/02/2016,4,7,5,1
12/02/2016,22,10,5,2
12/02/2016,29,24,4,3
12/02/2016,16,25,2,4
12/02/2016,30,15,3,4
12/02/2016,52,6,2,6
12/02/2016,28,20,5,6
12/02/2016,9,21,3,4
12/02/2016,2,26,5,2
13/02/2016,53,20,4,1
13/02/2016,14,18,4,3
13/02/2016,4,1,1,2
13/02/2016,7,8,6,4
13/02/2016,30,6,2,4
13/02/2016,13,19,3,5
13/02/2016,17,21,2,3
13/02/2016,12,5,1,2
13/02/2016,3,26,4,5
14/02/2016,7,21,4,1
14/02/2016,16,24,2,3
14/02/2016,1,26,1,0
14/02/2016,23,10,2,5
14/02/2016,22,52,1,2
14/02/2016,14,19,1,2
14/02/2016,29,9,4,2
14/02/2016,17,6,6,5
14/02/2016,12,2,6,3
14/02/2016,25,15,4,3
14/02/2016,28,53,4,1
14/02/2016,13,18,0,5
15/02/2016,3,4,3,1
15/02/2016,20,24,4,6
15/02/2016,2,17,4,1
16/02/2016,23,30,2,5
16/02/2016,13,5,2,1
16/02/2016,53,8,6,2
16/02/2016,18,25,2,3
16/02/2016,16,10,7,2
17/02/2016,12,52,2,1
17/02/2016,22,24,3,5
17/02/2016,19,25,2,1
17/02/2016,15,26,3,1
17/02/2016,9,7,2,1
17/02/2016,1,4,3,6
17/02/2016,14,28,2,4
17/02/2016,29,6,1,2
18/02/2016,20,30,3,5
18/02/2016,3,16,3,5
18/02/2016,21,8,3,2
19/02/2016,2,15,2,3
19/02/2016,5,17,6,3
19/02/2016,14,52,6,5
19/02/2016,53,25,6,3
19/02/2016,13,28,1,2
19/02/2016,22,30,2,5
19/02/2016,18,6,2,0
19/02/2016,10,3,2,4
19/02/2016,9,12,4,2
19/02/2016,23,24,2,5
19/02/2016,19,26,2,1
20/02/2016,29,7,0,4
20/02/2016,1,2,0,1
20/02/2016,20,23,5,2
20/02/2016,5,14,2,4
20/02/2016,12,28,5,2
20/02/2016,8,4,3,2
21/02/2016,53,19,4,6
21/02/2016,9,17,3,2
21/02/2016,10,4,4,5
21/02/2016,30,16,6,1
21/02/2016,13,52,3,1
21/02/2016,7,5,3,4
21/02/2016,18,26,1,2
21/02/2016,25,6,3,7
21/02/2016,22,21,2,3
21/02/2016,15,1,4,3
22/02/2016,23,21,5,1
22/02/2016,3,17,1,0
22/02/2016,24,20,5,2
22/02/2016,12,14,2,4
23/02/2016,6,29,4,6
23/02/2016,19,28,3,6
23/02/2016,15,53,3,2
23/02/2016,8,18,1,2
24/02/2016,22,9,1,4
24/02/2016,52,25,3,5
24/02/2016,14,53,2,1
24/02/2016,30,2,1,4
24/02/2016,1,3,5,2
24/02/2016,26,20,2,1
24/02/2016,17,29,2,1
24/02/2016,12,4,3,1
24/02/2016,10,18,2,3
25/02/2016,21,28,4,3
25/02/2016,15,8,3,4
25/02/2016,24,7,1,0
25/02/2016,6,5,5,1
26/02/2016,4,30,3,2
26/02/2016,13,53,3,2
26/02/2016,29,1,6,1
26/02/2016,16,18,1,3
26/02/2016,20,2,1,2
26/02/2016,23,9,5,3
26/02/2016,25,52,3,6
26/02/2016,26,22,2,1
26/02/2016,10,12,3,1
26/02/2016,19,3,1,2
27/02/2016,29,13,4,3
27/02/2016,24,22,2,1
27/02/2016,28,7,1,3
27/02/2016,1,14,0,4
27/02/2016,15,30,3,2
27/02/2016,12,6,1,4
27/02/2016,4,53,4,2
27/02/2016,18,19,5,0
27/02/2016,25,3,2,3
27/02/2016,5,52,4,1
28/02/2016,20,9,4,6
28/02/2016,6,14,1,4
28/02/2016,12,19,2,5
28/02/2016,30,13,3,1
28/02/2016,26,7,2,0
28/02/2016,21,17,3,5
28/02/2016,16,15,3,2
28/02/2016,8,10,4,1
29/02/2016,24,26,4,2
29/02/2016,22,2,3,1
29/02/2016,23,28,1,4
01/03/2016,28,8,6,2
01/03/2016,3,29,2,1
01/03/2016,10,14,1,2
01/03/2016,5,53,6,0
01/03/2016,4,20,5,3
01/03/2016,25,17,2,3
02/03/2016,15,5,3,2
02/03/2016,7,22,1,2
02/03/2016,23,2,2,3
02/03/2016,52,13,2,3
02/03/2016,18,25,5,3
02/03/2016,6,20,2,1
02/03/2016,9,19,3,4
02/03/2016,1,12,1,3
02/03/2016,30,21,6,3
03/03/2016,24,8,3,2
03/03/2016,17,16,2,5
03/03/2016,15,10,3,2
04/03/2016,6,16,4,2
04/03/2016,52,2,3,4
04/03/2016,7,20,6,3
04/03/2016,9,14,1,4
04/03/2016,5,3,4,1
04/03/2016,18,1,4,5
04/03/2016,10,30,1,2
04/03/2016,53,24,1,5
04/03/2016,21,13,3,2
04/03/2016,23,28,2,3
04/03/2016,4,22,0,4
04/03/2016,26,8,3,2
05/03/2016,21,18,2,5
05/03/2016,7,30,2,3
05/03/2016,26,24,2,3
05/03/2016,15,3,2,3
05/03/2016,25,1,4,2
05/03/2016,29,22,6,3
05/03/2016,5,20,2,4
06/03/2016,1,5,1,6
06/03/2016,14,12,4,3
06/03/2016,4,29,6,0
06/03/2016,6,15,1,2
06/03/2016,52,8,4,2
06/03/2016,28,23,2,4
06/03/2016,9,25,1,2
06/03/2016,53,13,5,1
06/03/2016,3,2,4,6
06/03/2016,16,17,4,1
06/03/2016,10,9,2,3
07/03/2016,30,19,2,4
07/03/2016,52,22,1,2
08/03/2016,13,6,4,5
08/03/2016,4,14,4,2
08/03/2016,24,15,1,2
08/03/2016,10,7,3,4
08/03/2016,26,23,5,1
08/03/2016,20,28,1,2
08/03/2016,21,53,3,1
09/03/2016,8,25,4,3
09/03/2016,22,28,0,3
09/03/2016,12,9,4,3
09/03/2016,2,5,2,1
09/03/2016,7,3,2,4
09/03/2016,14,6,0,1
09/03/2016,29,17,5,3
09/03/2016,52,18,2,4
10/03/2016,10,2,4,3
10/03/2016,19,16,3,2
10/03/2016,20,18,3,2
10/03/2016,23,53,3,2
10/03/2016,21,24,3,0
10/03/2016,26,15,4,3
11/03/2016,13,9,6,2
11/03/2016,28,1,0,3
11/03/2016,30,22,1,2
11/03/2016,6,12,2,3
11/03/2016,8,7,3,2
11/03/2016,17,52,3,2
12/03/2016,14,4,1,3
12/03/2016,29,5,2,3
12/03/2016,7,12,3,2
12/03/2016,17,3,3,2
12/03/2016,20,53,1,4
12/03/2016,6,2,3,1
12/03/2016,25,16,5,2
12/03/2016,19,24,5,2
13/03/2016,28,15,5,2
13/03/2016,17,10,0,1
13/03/2016,23,18,4,2
13/03/2016,9,10,4,0
13/03/2016,8,30,1,4
13/03/2016,22,53,0,4
13/03/2016,29,14,0,4
13/03/2016,3,5,3,5
13/03/2016,25,19,4,5
13/03/2016,26,1,1,2
13/03/2016,52,21,3,2
13/03/2016,13,4,5,4
14/03/2016,2,13,3,2
15/03/2016,20,19,7,4
15/03/2016,5,2,2,1
15/03/2016,9,30,3,2
15/03/2016,15,12,2,1
15/03/2016,22,18,2,3
15/03/2016,8,13,1,4
15/03/2016,16,26,0,5
15/03/2016,4,17,4,3
15/03/2016,23,52,2,5
15/03/2016,24,1,7,1
15/03/2016,10,14,4,1
16/03/2016,28,6,3,2
16/03/2016,25,26,2,5
16/03/2016,7,8,2,3
17/03/2016,20,52,4,1
17/03/2016,10,13,1,4
17/03/2016,24,3,1,2
17/03/2016,5,12,4,2
17/03/2016,23,21,1,3
17/03/2016,16,4,2,3
17/03/2016,22,19,6,4
17/03/2016,1,30,7,4
17/03/2016,29,17,1,3
18/03/2016,53,28,3,1
18/03/2016,18,2,4,2
18/03/2016,25,14,4,3
18/03/2016,26,3,4,3
18/03/2016,7,9,3,1
18/03/2016,15,18,4,1
19/03/2016,24,6,4,0
19/03/2016,28,3,4,1
19/03/2016,13,17,3,5
19/03/2016,4,5,1,4
19/03/2016,29,1,6,3
19/03/2016,20,21,3,4
19/03/2016,30,12,3,2
19/03/2016,9,8,5,0
19/03/2016,10,7,4,1
19/03/2016,52,16,0,4
19/03/2016,22,23,2,0
20/03/2016,8,20,1,4
20/03/2016,1,29,2,1
20/03/2016,52,24,2,3
20/03/2016,23,19,0,3
20/03/2016,26,6,2,1
20/03/2016,53,14,0,2
20/03/2016,25,2,3,0
20/03/2016,5,15,6,2
21/03/2016,10,20,5,2
21/03/2016,28,53,3,0
21/03/2016,22,21,2,3
21/03/2016,2,4,1,4
21/03/2016,3,13,4,2
21/03/2016,16,30,2,3
22/03/2016,18,26,5,2
22/03/2016,12,7,2,3
22/03/2016,29,4,3,2
22/03/2016,8,24,4,3
22/03/2016,9,15,2,4
22/03/2016,14,17,6,2
23/03/2016,2,9,3,1
23/03/2016,16,25,2,6
23/03/2016,52,23,2,0
23/03/2016,28,19,0,1
23/03/2016,53,22,4,2
23/03/2016,30,26,2,1
24/03/2016,10,24,6,5
24/03/2016,5,1,0,3
24/03/2016,6,13,1,4
24/03/2016,3,6,5,2
24/03/2016,17,8,4,3
24/03/2016,29,12,2,3
25/03/2016,28,22,3,6
25/03/2016,52,26,4,1
25/03/2016,30,20,6,2
25/03/2016,21,4,2,4
25/03/2016,53,25,3,1
25/03/2016,14,2,7,4
25/03/2016,18,23,3,2
25/03/2016,1,15,0,1
26/03/2016,9,24,3,4
26/03/2016,15,19,0,4
26/03/2016,10,6,1,3
26/03/2016,7,52,3,2
26/03/2016,19,23,4,0
26/03/2016,28,25,2,4
26/03/2016,17,5,2,7
26/03/2016,14,13,2,5
26/03/2016,21,30,0,4
26/03/2016,12,2,3,4
26/03/2016,8,3,2,5
27/03/2016,18,29,5,1
27/03/2016,20,16,1,4
27/03/2016,3,5,2,3
27/03/2016,26,22,6,4
27/03/2016,53,4,2,1
27/03/2016,12,1,3,2
28/03/2016,23,16,2,3
28/03/2016,15,29,4,1
28/03/2016,17,7,3,2
28/03/2016,14,10,3,0
28/03/2016,4,52,3,2
29/03/2016,53,20,2,5
29/03/2016,2,12,2,1
29/03/2016,5,7,5,4
29/03/2016,22,24,1,2
29/03/2016,1,6,2,1
29/03/2016,13,10,2,5
29/03/2016,8,17,4,3
29/03/2016,18,21,3,4
29/03/2016,28,26,5,2
30/03/2016,19,21,3,1
30/03/2016,52,9,1,2
30/03/2016,25,18,5,2
30/03/2016,23,28,1,4
30/03/2016,30,16,4,1
31/03/2016,13,1,3,2
31/03/2016,12,3,4,3
31/03/2016,4,15,2,1
31/03/2016,24,20,8,3
31/03/2016,7,10,4,1
31/03/2016,14,8,0,3
31/03/2016,5,18,5,2
31/03/2016,2,29,4,3
01/04/2016,17,30,3,2
01/04/2016,26,20,3,0
01/04/2016,28,23,2,4
01/04/2016,25,53,4,1
01/04/2016,30,9,2,3
02/04/2016,14,1,3,1
02/04/2016,24,23,2,3
02/04/2016,26,25,2,3
02/04/2016,21,15,2,4
02/04/2016,19,6,5,6
02/04/2016,2,5,0,5
02/04/2016,52,16,4,5
02/04/2016,4,9,3,2
02/04/2016,10,17,2,3
02/04/2016,3,7,3,4
02/04/2016,12,29,1,5
02/04/2016,13,8,4,3
03/04/2016,22,20,0,5
03/04/2016,16,6,6,4
03/04/2016,18,28,2,3
03/04/2016,5,4,6,2
03/04/2016,53,15,3,0
04/04/2016,52,30,5,1
04/04/2016,2,14,5,2
04/04/2016,10,13,3,4
04/04/2016,21,19,1,5
04/04/2016,24,25,3,1
04/04/2016,29,3,2,4
05/04/2016,23,26,3,2
05/04/2016,1,7,1,3
05/04/2016,6,12,1,2
05/04/2016,3,14,3,2
05/04/2016,8,13,1,4
05/04/2016,19,53,5,2
05/04/2016,9,5,3,5
05/04/2016,15,2,3,4
06/04/2016,10,29,1,5
06/04/2016,22,23,6,2
06/04/2016,16,53,6,2
06/04/2016,24,52,1,2
06/04/2016,30,28,0,3
06/04/2016,18,21,4,3
06/04/2016,20,26,4,5
07/04/2016,3,2,1,4
07/04/2016,1,14,2,4
07/04/2016,9,13,3,1
07/04/2016,12,8,2,4
07/04/2016,6,17,5,2
07/04/2016,15,5,3,4
07/04/2016,17,4,3,0
07/04/2016,4,10,3,4
08/04/2016,26,24,2,1
08/04/2016,18,53,3,2
08/04/2016,20,23,7,3
08/04/2016,28,52,4,5
08/04/2016,7,29,1,4
08/04/2016,25,21,4,2
08/04/2016,16,19,1,2
09/04/2016,13,12,5,2
09/04/2016,3,17,3,2
09/04/2016,4,5,3,1
09/04/2016,29,16,5,4
09/04/2016,21,24,3,5
09/04/2016,1,10,5,1
09/04/2016,6,9,1,6
09/04/2016,2,7,3,4
09/04/2016,30,20,1,2
09/04/2016,8,14,5,2
10/04/2016,28,53,1,0
10/04/2016,25,18,3,2
10/04/2016,2,4,2,5
10/04/2016,23,22,4,3
10/04/2016,15,24,0,2
10/04/2016,19,15,1,5
10/04/2016,26,52,3,4
13/04/2016,14,17,3,2
14/04/2016,5,3,5,2
14/04/2016,15,4,2,0
14/04/2016,19,16,1,0
15/04/2016,26,28,3,4
15/04/2016,25,30,4,0
15/04/2016,13,2,4,5
15/04/2016,13,2,3,1
15/04/2016,14,17,5,2
16/04/2016,5,3,2,4
16/04/2016,15,4,4,1
16/04/2016,19,16,2,3
16/04/2016,24,18,2,3
17/04/2016,26,28,1,2
17/04/2016,25,30,2,1
17/04/2016,16,19,2,3
17/04/2016,17,14,2,0
18/04/2016,4,15,1,6
18/04/2016,2,13,4,3
18/04/2016,24,18,2,3
19/04/2016,3,5,1,3
19/04/2016,28,26,1,2
19/04/2016,30,25,5,3
19/04/2016,17,14,2,3
20/04/2016,4,15,2,1
20/04/2016,16,19,3,4
20/04/2016,18,24,0,3
21/04/2016,3,5,0,5
21/04/2016,28,26,3,2
21/04/2016,30,25,2,3
21/04/2016,2,13,1,2
21/04/2016,14,17,1,0
22/04/2016,15,4,0,2
22/04/2016,19,16,3,4
22/04/2016,18,24,1,4
23/04/2016,5,3,6,3
23/04/2016,26,28,3,6
23/04/2016,25,30,4,5
23/04/2016,13,2,1,2
23/04/2016,24,18,5,2
24/04/2016,4,15,0,1
24/04/2016,30,25,4,5
24/04/2016,2,13,2,1
24/04/2016,16,19,6,3
26/04/2016,19,16,3,2
26/04/2016,18,24,3,1
27/04/2016,14,2,3,5
28/04/2016,24,18,1,2
29/04/2016,15,5,4,3
30/04/2016,28,18,5,2
30/04/2016,14,2,4,1
30/04/2016,25,19,2,1
01/05/2016,15,5,1,2
01/05/2016,25,19,3,4
02/05/2016,28,18,3,2
03/05/2016,5,15,3,2
03/05/2016,2,14,4,5
04/05/2016,18,28,4,1
04/05/2016,19,25,6,1
05/05/2016,5,15,3,2
06/05/2016,18,28,4,3
06/05/2016,2,14,1,2
06/05/2016,19,25,2,3
07/05/2016,15,5,3,1
07/05/2016,25,19,1,4
08/05/2016,28,18,5,1
08/05/2016,14,2,4,0
10/05/2016,18,28,4,3
10/05/2016,19,25,2,3
11/05/2016,5,15,4,3
12/05/2016,25,19,1,6
13/05/2016,28,18,5,0
14/05/2016,5,14,1,3
16/05/2016,19,28,2,1
17/05/2016,5,14,3,2
18/05/2016,19,28,0,4
19/05/2016,14,5,2,4
20/05/2016,28,19,3,0
21/05/2016,14,5,4,3
21/05/2016,28,19,3,6
23/05/2016,5,14,3,4
24/05/2016,19,28,3,6
25/05/2016,14,5,2,5
26/05/2016,28,19,5,2
27/05/2016,5,14,2,1
31/05/2016,5,28,3,2
02/06/2016,5,28,2,1
05/06/2016,28,5,3,2
07/06/2016,28,5,1,3
10/06/2016,5,28,2,4
13/06/2016,28,5,1,3
12/10/2016,9,10,5,4
13/10/2016,14,17,6,4
13/10/2016,7,8,1,4
13/10/2016,16,19,2,5
13/10/2016,28,26,2,1
13/10/2016,22,20,7,4
13/10/2016,29,6,3,6
13/10/2016,13,1,2,1
13/10/2016,3,2,5,3
14/10/2016,25,24,4,2
14/10/2016,5,15,3,2
14/10/2016,19,30,3,2
14/10/2016,52,12,5,4
15/10/2016,29,28,2,3
15/10/2016,18,16,3,2
15/10/2016,5,24,3,2
15/10/2016,26,4,2,4
15/10/2016,15,2,2,1
15/10/2016,14,1,3,2
15/10/2016,10,6,4,1
15/10/2016,30,52,4,3
15/10/2016,13,17,4,1
15/10/2016,9,8,4,3
15/10/2016,20,22,3,5
16/10/2016,2,24,3,2
16/10/2016,16,18,5,3
16/10/2016,22,7,2,6
16/10/2016,21,25,6,5
16/10/2016,23,20,2,1
16/10/2016,53,4,4,3
16/10/2016,19,3,3,2
17/10/2016,3,28,7,4
17/10/2016,17,9,5,1
17/10/2016,23,12,4,3
17/10/2016,5,21,3,4
18/10/2016,15,21,3,0
18/10/2016,1,24,2,1
18/10/2016,9,53,7,4
18/10/2016,8,5,4,0
18/10/2016,2,28,2,3
18/10/2016,14,13,4,3
18/10/2016,52,6,1,4
19/10/2016,16,4,7,4
19/10/2016,20,7,4,3
19/10/2016,23,19,2,1
19/10/2016,18,25,1,2
19/10/2016,30,26,6,3
19/10/2016,22,12,3,2
20/10/2016,13,15,2,4
20/10/2016,4,24,2,3
20/10/2016,3,17,1,2
20/10/2016,8,53,5,2
20/10/2016,5,28,3,2
20/10/2016,6,1,2,1
20/10/2016,14,21,0,4
20/10/2016,52,10,5,4
21/10/2016,23,7,2,1
21/10/2016,30,10,3,2
21/10/2016,29,16,3,2
21/10/2016,22,19,3,1
21/10/2016,20,12,2,4
21/10/2016,2,53,3,2
21/10/2016,17,18,5,3
21/10/2016,25,26,3,4
22/10/2016,4,12,6,3
22/10/2016,16,10,5,4
22/10/2016,1,30,2,1
22/10/2016,17,28,3,0
22/10/2016,13,21,5,2
22/10/2016,15,3,2,4
22/10/2016,6,8,2,4
22/10/2016,9,14,1,4
23/10/2016,2,30,6,3
23/10/2016,18,5,5,1
23/10/2016,52,22,0,3
23/10/2016,26,23,4,3
23/10/2016,25,29,0,3
23/10/2016,3,53,3,2
23/10/2016,20,19,4,6
24/10/2016,8,4,3,1
24/10/2016,24,23,4,2
25/10/2016,1,53,5,3
25/10/2016,16,20,2,3
25/10/2016,10,14,3,7
25/10/2016,6,30,0,5
25/10/2016,5,13,3,2
25/10/2016,17,12,4,2
25/10/2016,4,7,4,3
26/10/2016,25,52,3,2
26/10/2016,28,24,2,1
26/10/2016,23,9,0,3
26/10/2016,26,29,3,2
26/10/2016,19,20,1,4
26/10/2016,2,8,2,3
27/10/2016,4,53,4,5
27/10/2016,8,14,3,1
27/10/2016,7,30,0,4
27/10/2016,3,6,5,2
27/10/2016,5,2,4,2
27/10/2016,10,13,3,2
27/10/2016,22,15,4,1
27/10/2016,24,18,6,1
28/10/2016,1,16,2,3
28/10/2016,12,3,3,2
28/10/2016,52,25,4,1
28/10/2016,19,17,1,2
28/10/2016,26,18,3,2
28/10/2016,28,29,3,1
29/10/2016,4,5,4,5
29/10/2016,24,29,0,4
29/10/2016,17,6,0,1
29/10/2016,1,14,3,1
29/10/2016,7,13,3,0
29/10/2016,20,9,5,2
29/10/2016,21,52,0,1
29/10/2016,8,10,2,1
29/10/2016,23,22,0,2
30/10/2016,30,25,4,0
30/10/2016,28,18,4,1
30/10/2016,19,26,1,0
30/10/2016,52,7,1,3
30/10/2016,23,15,2,5
30/10/2016,53,21,2,3
30/10/2016,3,14,6,1
30/10/2016,2,10,5,1
30/10/2016,17,13,2,5
30/10/2016,12,4,3,4
30/10/2016,16,26,3,0
31/10/2016,22,9,0,2
31/10/2016,20,15,1,3
01/11/2016,10,22,3,2
01/11/2016,13,6,1,2
01/11/2016,2,14,1,6
01/11/2016,9,12,2,1
01/11/2016,3,19,5,0
01/11/2016,29,25,3,2
02/11/2016,8,23,3,0
02/11/2016,16,20,5,1
02/11/2016,21,18,1,5
02/11/2016,53,28,3,2
02/11/2016,52,15,2,3
02/11/2016,26,24,0,4
02/11/2016,30,7,1,2
03/11/2016,9,23,1,0
03/11/2016,24,5,1,5
03/11/2016,14,6,3,4
03/11/2016,4,17,4,3
03/11/2016,7,10,1,2
03/11/2016,15,52,4,3
03/11/2016,2,4,2,3
03/11/2016,3,22,5,3
03/11/2016,13,1,4,3
04/11/2016,26,5,3,2
04/11/2016,53,18,3,2
04/11/2016,25,19,6,2
04/11/2016,29,8,10,0
04/11/2016,17,52,3,5
04/11/2016,28,20,2,3
04/11/2016,16,21,4,0
05/11/2016,10,23,6,3
05/11/2016,14,1,4,1
05/11/2016,8,4,5,4
05/11/2016,24,53,5,1
05/11/2016,15,13,4,2
05/11/2016,21,30,1,0
05/11/2016,2,22,3,4
05/11/2016,6,3,2,5
05/11/2016,19,29,2,1
05/11/2016,9,7,1,2
06/11/2016,26,20,5,0
06/11/2016,12,1,1,4
06/11/2016,28,5,0,5
06/11/2016,18,12,2,3
06/11/2016,25,16,2,3
06/11/2016,17,22,1,2
06/11/2016,19,21,5,1
07/11/2016,16,25,4,3
07/11/2016,24,20,4,1
07/11/2016,3,52,5,2
08/11/2016,6,7,4,0
08/11/2016,2,23,4,2
08/11/2016,13,14,3,1
09/11/2016,21,53,2,4
09/11/2016,1,12,3,2
09/11/2016,18,9,3,1
09/11/2016,52,25,8,2
09/11/2016,4,17,2,3
09/11/2016,5,22,4,3
09/11/2016,15,28,0,3
09/11/2016,10,26,0,7
09/11/2016,8,6,3,2
09/11/2016,3,23,3,5
10/11/2016,7,9,1,2
10/11/2016,29,24,3,2
10/11/2016,19,16,1,2
11/11/2016,53,52,2,3
11/11/2016,18,19,3,1
11/11/2016,8,26,4,1
11/11/2016,6,29,5,2
11/11/2016,5,30,2,4
11/11/2016,12,24,2,4
11/11/2016,17,23,3,1
11/11/2016,14,2,4,1
11/11/2016,13,28,2,4
11/11/2016,20,25,2,4
12/11/2016,9,26,2,1
12/11/2016,7,1,1,2
12/11/2016,10,4,6,3
12/11/2016,21,52,3,2
12/11/2016,16,15,2,3
12/11/2016,22,25,2,3
13/11/2016,9,30,1,2
13/11/2016,4,30,3,2
13/11/2016,52,26,3,2
13/11/2016,14,28,1,3
13/11/2016,29,19,8,4
13/11/2016,1,7,4,2
13/11/2016,23,25,5,4
13/11/2016,18,24,5,0
13/11/2016,12,15,5,1
13/11/2016,5,10,4,1
13/11/2016,13,2,3,2
13/11/2016,20,3,1,4
13/11/2016,53,6,1,2
13/11/2016,8,17,5,0
14/11/2016,16,8,3,2
14/11/2016,21,6,0,2
14/11/2016,22,3,1,3
15/11/2016,2,14,0,4
16/11/2016,12,28,1,0
16/11/2016,17,14,3,4
16/11/2016,30,20,0,1
16/11/2016,25,1,1,2
16/11/2016,29,15,2,1
16/11/2016,4,9,2,3
16/11/2016,8,13,3,4
16/11/2016,19,7,4,1
16/11/2016,52,16,4,0
16/11/2016,21,26,4,1
16/11/2016,24,22,4,1
16/11/2016,10,18,6,2
16/11/2016,23,3,2,7
17/11/2016,20,53,2,1
17/11/2016,15,5,7,1
18/11/2016,4,52,5,2
18/11/2016,24,1,3,2
18/11/2016,26,22,4,2
18/11/2016,7,14,1,4
18/11/2016,30,6,1,0
18/11/2016,10,13,6,1
18/11/2016,9,18,1,5
18/11/2016,23,53,3,2
18/11/2016,19,28,3,2
18/11/2016,25,21,3,2
19/11/2016,26,1,4,2
19/11/2016,4,14,0,3
19/11/2016,20,16,2,3
19/11/2016,15,17,1,0
19/11/2016,2,5,2,3
19/11/2016,29,3,4,2
19/11/2016,12,8,3,2
20/11/2016,8,10,2,1
20/11/2016,53,28,3,2
20/11/2016,12,52,3,1
20/11/2016,7,5,2,1
20/11/2016,30,21,2,3
20/11/2016,19,18,3,1
20/11/2016,23,16,3,4
20/11/2016,6,52,4,1
20/11/2016,25,22,2,5
20/11/2016,9,13,1,4
20/11/2016,15,29,2,3
21/11/2016,3,13,2,3
21/11/2016,17,20,2,3
21/11/2016,24,26,2,3
22/11/2016,25,30,3,2
22/11/2016,7,20,4,2
22/11/2016,22,16,5,0
22/11/2016,18,14,3,1
22/11/2016,5,3,2,5
22/11/2016,28,1,4,0
22/11/2016,29,21,2,3
23/11/2016,6,19,2,4
23/11/2016,8,9,3,4
23/11/2016,24,2,2,3
23/11/2016,10,12,1,2
23/11/2016,13,4,1,3
24/11/2016,26,2,4,2
24/11/2016,21,22,3,6
24/11/2016,3,5,1,6
24/11/2016,30,52,3,1
24/11/2016,14,4,4,2
24/11/2016,28,16,2,1
24/11/2016,53,23,1,4
24/11/2016,29,20,0,2
24/11/2016,15,19,4,3
24/11/2016,18,25,5,2
24/11/2016,7,17,1,2
24/11/2016,1,10,5,4
25/11/2016,28,2,3,2
25/11/2016,15,7,3,1
25/11/2016,4,3,2,3
25/11/2016,9,6,3,1
25/11/2016,18,52,5,1
25/11/2016,8,12,2,1
25/11/2016,30,5,6,2
25/11/2016,24,16,2,3
26/11/2016,14,29,3,5
26/11/2016,25,23,2,1
26/11/2016,53,22,3,2
26/11/2016,6,20,1,2
26/11/2016,1,17,4,5
27/11/2016,19,30,4,3
27/11/2016,26,16,2,1
27/11/2016,10,15,4,2
27/11/2016,6,14,4,1
27/11/2016,9,12,2,1
27/11/2016,12,13,3,2
27/11/2016,52,18,3,0
27/11/2016,21,23,2,3
27/11/2016,22,53,1,2
27/11/2016,28,24,2,3
27/11/2016,17,8,1,2
27/11/2016,13,29,2,1
27/11/2016,5,1,4,3
28/11/2016,4,20,5,3
28/11/2016,3,9,0,2
29/11/2016,19,25,4,3
29/11/2016,2,20,2,1
30/11/2016,28,53,2,1
30/11/2016,23,30,5,4
30/11/2016,3,12,3,2
30/11/2016,16,13,2,1
30/11/2016,29,14,5,1
30/11/2016,52,1,3,2
30/11/2016,21,18,3,5
30/11/2016,24,8,2,1
30/11/2016,9,7,4,5
30/11/2016,17,25,3,1
30/11/2016,22,10,2,4
30/11/2016,4,6,3,2
01/12/2016,2,5,5,3
01/12/2016,20,10,3,0
01/12/2016,26,28,1,4
02/12/2016,15,2,0,3
02/12/2016,5,25,6,2
02/12/2016,7,3,4,3
02/12/2016,9,4,2,3
02/12/2016,19,14,5,4
02/12/2016,17,13,1,2
02/12/2016,6,12,2,1
02/12/2016,16,1,4,3
02/12/2016,52,22,3,6
02/12/2016,21,29,2,3
02/12/2016,53,26,3,4
02/12/2016,23,24,1,3
03/12/2016,3,12,4,2
03/12/2016,4,16,3,1
03/12/2016,20,30,3,2
03/12/2016,18,1,4,5
03/12/2016,7,6,1,2
03/12/2016,28,8,2,1
04/12/2016,53,29,2,3
04/12/2016,19,52,2,3
04/12/2016,22,24,3,2
04/12/2016,9,13,2,0
04/12/2016,2,17,3,4
04/12/2016,18,4,2,4
04/12/2016,14,15,2,1
04/12/2016,12,14,1,0
04/12/2016,5,17,5,3
04/12/2016,21,25,0,3
04/12/2016,26,8,4,5
04/12/2016,23,10,3,2
05/12/2016,16,52,1,2
05/12/2016,22,30,1,2
05/12/2016,20,24,8,3
06/12/2016,6,13,4,3
06/12/2016,5,9,8,5
06/12/2016,15,7,3,2
06/12/2016,29,53,4,1
07/12/2016,25,20,1,2
07/12/2016,4,13,3,2
07/12/2016,1,23,3,2
07/12/2016,18,21,4,3
07/12/2016,52,17,3,4
07/12/2016,7,22,4,3
07/12/2016,19,8,3,2
07/12/2016,2,3,4,2
07/12/2016,16,53,4,0
08/12/2016,24,12,6,5
08/12/2016,15,6,4,3
08/12/2016,28,9,2,4
08/12/2016,10,30,2,3
09/12/2016,8,1,5,2
09/12/2016,2,19,3,2
09/12/2016,14,23,1,5
09/12/2016,25,18,5,2
09/12/2016,4,22,6,5
09/12/2016,52,3,1,2
09/12/2016,53,20,1,2
09/12/2016,6,21,2,4
09/12/2016,26,12,1,3
09/12/2016,13,5,1,5
10/12/2016,4,25,4,2
10/12/2016,1,19,1,4
10/12/2016,7,15,1,4
10/12/2016,30,22,3,2
10/12/2016,26,9,4,1
10/12/2016,16,3,0,1
10/12/2016,24,28,3,2
10/12/2016,17,29,1,4
11/12/2016,20,52,6,2
11/12/2016,13,23,4,2
11/12/2016,6,10,1,4
11/12/2016,15,23,3,0
11/12/2016,29,2,6,2
11/12/2016,8,21,10,1
11/12/2016,14,5,3,4
11/12/2016,53,18,4,1
11/12/2016,17,4,0,1
11/12/2016,24,9,5,1
11/12/2016,30,19,3,1
11/12/2016,28,12,4,3
12/12/2016,10,21,1,3
12/12/2016,3,1,5,0
12/12/2016,16,25,3,1
12/12/2016,22,52,3,2
13/12/2016,5,53,7,0
13/12/2016,8,6,1,2
14/12/2016,30,13,5,1
14/12/2016,10,28,2,3
14/12/2016,3,16,1,2
14/12/2016,7,26,6,3
14/12/2016,18,19,6,3
14/12/2016,12,23,8,6
14/12/2016,25,24,6,2
14/12/2016,17,53,1,4
14/12/2016,2,15,2,4
14/12/2016,22,29,1,3
15/12/2016,5,6,4,3
15/12/2016,20,14,3,6
15/12/2016,9,28,3,4
15/12/2016,21,4,3,4
16/12/2016,18,30,2,5
16/12/2016,25,3,0,2
16/12/2016,10,53,2,3
16/12/2016,19,1,5,2
16/12/2016,17,26,1,4
16/12/2016,6,24,3,4
16/12/2016,52,13,4,3
16/12/2016,2,16,4,5
17/12/2016,23,14,4,2
17/12/2016,20,29,1,4
17/12/2016,12,15,3,4
17/12/2016,7,2,3,2
17/12/2016,21,13,1,3
17/12/2016,8,28,2,4
17/12/2016,5,26,0,1
17/12/2016,25,4,3,1
17/12/2016,30,53,4,1
18/12/2016,12,7,2,1
18/12/2016,10,5,2,1
18/12/2016,15,8,1,2
18/12/2016,9,1,3,1
18/12/2016,19,16,4,6
18/12/2016,52,21,4,1
18/12/2016,17,24,6,4
18/12/2016,6,26,1,0
18/12/2016,22,14,3,2
18/12/2016,23,29,3,4
18/12/2016,18,3,1,2
19/12/2016,16,28,4,1
19/12/2016,3,1,3,2
19/12/2016,2,9,2,6
20/12/2016,19,22,2,3
20/12/2016,53,20,2,4
20/12/2016,4,18,1,2
20/12/2016,10,24,2,3
21/12/2016,30,21,2,0
21/12/2016,29,26,3,2
21/12/2016,28,20,4,1
21/12/2016,23,52,4,1
21/12/2016,13,7,4,3
21/12/2016,1,18,1,5
21/12/2016,25,19,2,3
21/12/2016,16,9,3,4
21/12/2016,6,2,2,4
21/12/2016,14,17,4,1
21/12/2016,5,3,7,2
21/12/2016,8,24,5,1
22/12/2016,53,22,2,3
22/12/2016,4,15,3,2
23/12/2016,9,24,2,1
23/12/2016,14,19,5,2
23/12/2016,8,30,2,4
23/12/2016,7,12,1,3
23/12/2016,18,26,0,4
23/12/2016,21,10,0,6
23/12/2016,1,4,4,0
23/12/2016,29,5,7,1
23/12/2016,23,52,1,4
23/12/2016,13,6,1,3
24/12/2016,28,22,3,2
24/12/2016,15,14,4,0
24/12/2016,13,17,3,4
24/12/2016,53,10,1,4
24/12/2016,20,23,4,1
24/12/2016,3,30,4,7
24/12/2016,29,8,2,1
24/12/2016,16,21,1,2
24/12/2016,2,7,5,1
24/12/2016,25,26,3,2
24/12/2016,5,1,4,1
24/12/2016,12,6,3,2
28/12/2016,17,7,3,4
28/12/2016,24,28,2,3
28/12/2016,29,6,4,3
28/12/2016,21,20,3,6
28/12/2016,16,52,1,3
28/12/2016,1,5,2,5
28/12/2016,3,9,4,3
28/12/2016,2,15,4,3
28/12/2016,53,25,2,3
28/12/2016,18,30,2,3
29/12/2016,23,26,2,1
29/12/2016,5,12,3,2
29/12/2016,13,10,2,3
29/12/2016,14,8,4,3
29/12/2016,19,4,6,3
30/12/2016,18,16,2,3
30/12/2016,25,21,4,2
30/12/2016,22,26,3,1
30/12/2016,9,17,2,3
30/12/2016,7,6,2,4
30/12/2016,53,3,3,6
30/12/2016,20,24,1,3
30/12/2016,13,8,2,3
30/12/2016,52,29,3,5
30/12/2016,15,1,1,2
30/12/2016,14,10,2,3
30/12/2016,30,2,6,4
31/12/2016,30,29,2,4
31/12/2016,12,16,3,2
31/12/2016,28,4,2,0
31/12/2016,1,15,2,6
31/12/2016,6,7,3,1
31/12/2016,23,24,3,2
31/12/2016,19,18,0,4
01/01/2017,14,12,3,1
01/01/2017,10,17,5,4
01/01/2017,5,8,4,3
01/01/2017,22,23,2,3
01/01/2017,20,53,4,2
01/01/2017,25,13,1,3
01/01/2017,52,2,2,6
01/01/2017,21,3,2,6
01/01/2017,26,28,3,2
02/01/2017,15,9,2,1
02/01/2017,19,16,4,1
02/01/2017,24,4,4,3
03/01/2017,1,6,3,0
03/01/2017,23,21,3,2
04/01/2017,3,7,1,4
04/01/2017,28,26,1,2
04/01/2017,15,10,6,5
04/01/2017,18,8,1,2
04/01/2017,29,22,3,1
04/01/2017,12,1,1,3
04/01/2017,14,52,4,6
05/01/2017,4,3,2,5
05/01/2017,24,17,2,0
05/01/2017,13,52,1,4
05/01/2017,20,21,4,1
05/01/2017,25,8,3,4
05/01/2017,23,53,3,0
06/01/2017,6,22,3,4
06/01/2017,14,18,1,6
06/01/2017,16,7,4,3
06/01/2017,19,12,2,4
06/01/2017,26,17,0,4
06/01/2017,28,30,4,5
06/01/2017,15,29,5,0
07/01/2017,1,10,2,4
07/01/2017,24,53,3,2
07/01/2017,4,14,4,2
07/01/2017,16,12,2,1
07/01/2017,26,30,4,3
07/01/2017,7,52,4,3
07/01/2017,23,20,4,2
07/01/2017,13,18,2,1
07/01/2017,21,2,2,1
08/01/2017,28,17,6,3
08/01/2017,5,14,6,2
08/01/2017,29,3,4,5
08/01/2017,53,2,2,1
08/01/2017,1,22,1,2
08/01/2017,20,23,3,1
08/01/2017,10,8,3,5
08/01/2017,9,15,0,1
08/01/2017,13,6,0,4
08/01/2017,19,25,4,3
08/01/2017,29,4,2,1
08/01/2017,12,6,4,3
09/01/2017,9,22,5,3
09/01/2017,24,30,1,2
09/01/2017,16,18,5,2
10/01/2017,8,15,1,4
10/01/2017,52,20,2,0
10/01/2017,1,13,0,3
10/01/2017,26,25,4,6
11/01/2017,18,23,2,1
11/01/2017,24,25,2,0
11/01/2017,16,17,4,3
11/01/2017,12,29,5,3
11/01/2017,19,6,3,5
11/01/2017,7,4,4,1
11/01/2017,22,28,3,5
12/01/2017,2,13,1,2
12/01/2017,15,5,5,2
12/01/2017,52,8,4,7
12/01/2017,20,28,3,2
13/01/2017,18,6,2,1
13/01/2017,25,17,5,2
13/01/2017,14,7,4,2
13/01/2017,9,5,4,1
13/01/2017,22,1,3,2
13/01/2017,21,24,1,4
13/01/2017,30,8,7,1
13/01/2017,26,19,5,1
13/01/2017,4,23,5,4
14/01/2017,15,16,6,0
14/01/2017,53,52,4,3
14/01/2017,6,4,6,3
14/01/2017,13,2,2,5
14/01/2017,12,7,5,2
14/01/2017,14,29,1,3
14/01/2017,3,10,2,4
14/01/2017,20,1,1,2
14/01/2017,21,18,2,3
15/01/2017,26,52,3,2
15/01/2017,53,24,0,3
15/01/2017,9,10,2,4
15/01/2017,8,3,5,4
15/01/2017,13,29,4,3
15/01/2017,12,2,7,4
15/01/2017,17,5,6,3
15/01/2017,25,30,4,5
15/01/2017,28,19,0,4
15/01/2017,22,20,2,1
15/01/2017,15,4,5,0
16/01/2017,28,52,5,2
16/01/2017,6,2,0,4
16/01/2017,26,14,1,2
16/01/2017,23,1,1,2
16/01/2017,7,25,4,1
16/01/2017,16,30,2,3
16/01/2017,24,19,1,2
16/01/2017,17,8,1,0
17/01/2017,22,53,3,1
17/01/2017,5,15,8,7
18/01/2017,20,13,5,2
18/01/2017,19,9,4,6
18/01/2017,3,25,6,7
18/01/2017,24,14,2,1
18/01/2017,21,16,4,6
18/01/2017,30,1,3,4
18/01/2017,29,12,4,1
18/01/2017,10,7,4,3
18/01/2017,23,18,1,0
19/01/2017,17,6,6,5
19/01/2017,22,13,4,3
19/01/2017,26,28,2,3
19/01/2017,8,5,1,4
19/01/2017,52,53,6,3
20/01/2017,24,21,2,1
20/01/2017,29,9,0,2
20/01/2017,10,3,2,5
20/01/2017,28,14,2,1
20/01/2017,19,15,3,7
20/01/2017,2,25,3,0
20/01/2017,20,18,3,4
20/01/2017,30,53,4,3
21/01/2017,29,12,3,2
21/01/2017,6,16,0,1
21/01/2017,7,17,3,2
21/01/2017,12,5,1,7
21/01/2017,23,13,2,1
21/01/2017,1,8,1,3
21/01/2017,22,18,2,3
21/01/2017,52,19,5,3
22/01/2017,30,24,5,3
22/01/2017,9,29,6,7
22/01/2017,2,26,4,2
22/01/2017,8,7,2,3
22/01/2017,53,14,5,3
22/01/2017,25,15,3,4
22/01/2017,10,9,2,3
22/01/2017,5,6,5,1
22/01/2017,4,1,1,4
22/01/2017,2,4,2,3
22/01/2017,20,22,3,7
22/01/2017,28,21,3,2
22/01/2017,17,3,0,1
23/01/2017,30,18,2,4
23/01/2017,16,23,4,2
24/01/2017,21,28,2,5
24/01/2017,3,26,3,2
24/01/2017,15,12,6,1
24/01/2017,10,20,4,0
24/01/2017,52,24,2,3
24/01/2017,53,13,3,2
25/01/2017,2,29,4,2
25/01/2017,25,30,2,3
25/01/2017,1,26,1,3
25/01/2017,52,28,3,4
25/01/2017,16,14,2,5
25/01/2017,5,19,0,3
25/01/2017,18,7,4,5
25/01/2017,6,17,4,3
25/01/2017,9,15,3,0
25/01/2017,8,20,5,1
26/01/2017,21,23,2,3
26/01/2017,3,4,0,2
26/01/2017,17,10,0,4
26/01/2017,24,22,0,4
27/01/2017,6,5,4,3
27/01/2017,9,20,2,3
27/01/2017,13,14,2,1
27/01/2017,53,23,3,0
27/01/2017,1,15,2,5
27/01/2017,30,19,5,1
27/01/2017,16,52,3,5
27/01/2017,25,7,4,3
27/01/2017,4,10,2,1
27/01/2017,18,29,4,3
27/01/2017,28,22,1,4
27/01/2017,12,26,0,3
27/01/2017,2,8,3,1
01/02/2017,3,29,4,6
01/02/2017,17,1,3,4
01/02/2017,13,9,6,5
01/02/2017,12,4,5,1
01/02/2017,8,7,5,2
01/02/2017,28,16,3,1
01/02/2017,5,18,4,2
01/02/2017,53,26,2,3
01/02/2017,25,10,6,3
01/02/2017,14,6,3,4
01/02/2017,22,30,2,5
01/02/2017,2,15,3,2
01/02/2017,19,52,3,5
01/02/2017,24,21,5,1
02/02/2017,15,6,5,3
02/02/2017,26,21,5,0
02/02/2017,20,30,5,1
03/02/2017,4,8,3,1
03/02/2017,18,22,2,0
03/02/2017,25,52,3,4
03/02/2017,14,9,2,5
03/02/2017,7,3,1,2
03/02/2017,23,28,1,4
03/02/2017,19,10,5,1
03/02/2017,53,16,3,4
04/02/2017,5,29,4,3
04/02/2017,13,24,2,1
04/02/2017,17,2,5,4
04/02/2017,8,15,2,3
04/02/2017,21,52,5,2
04/02/2017,4,26,0,1
04/02/2017,1,20,3,4
04/02/2017,12,22,2,1
05/02/2017,14,24,3,2
05/02/2017,6,10,5,6
05/02/2017,15,26,5,0
05/02/2017,28,53,2,3
05/02/2017,29,1,1,5
05/02/2017,2,12,4,5
05/02/2017,25,16,3,5
05/02/2017,8,22,0,1
05/02/2017,18,17,0,1
05/02/2017,23,30,3,6
05/02/2017,19,5,1,4
05/02/2017,7,9,4,0
05/02/2017,3,20,4,3
07/02/2017,4,19,0,2
07/02/2017,2,10,6,5
07/02/2017,1,7,2,1
08/02/2017,3,24,4,1
08/02/2017,52,30,2,4
08/02/2017,7,28,5,4
08/02/2017,21,8,4,0
08/02/2017,9,19,0,6
08/02/2017,14,26,5,0
08/02/2017,18,23,4,2
08/02/2017,17,29,2,3
08/02/2017,5,20,2,3
08/02/2017,15,12,5,0
08/02/2017,10,25,3,1
09/02/2017,30,16,3,4
10/02/2017,21,5,1,4
10/02/2017,53,8,4,5
10/02/2017,13,26,3,6
10/02/2017,4,2,1,3
10/02/2017,7,24,2,5
10/02/2017,9,25,3,2
10/02/2017,10,19,1,2
10/02/2017,3,18,4,3
10/02/2017,6,28,6,3
10/02/2017,29,23,0,3
10/02/2017,15,17,6,3
11/02/2017,6,23,4,3
11/02/2017,30,14,2,1
11/02/2017,18,13,4,7
11/02/2017,29,17,2,1
11/02/2017,4,28,2,1
11/02/2017,9,2,3,0
11/02/2017,25,12,5,2
11/02/2017,52,16,2,5
12/02/2017,10,7,1,3
12/02/2017,30,17,6,3
12/02/2017,1,28,1,4
12/02/2017,2,21,5,1
12/02/2017,15,24,6,4
12/02/2017,3,21,4,2
12/02/2017,22,16,1,5
12/02/2017,8,19,2,4
12/02/2017,18,25,5,3
12/02/2017,53,5,4,3
12/02/2017,52,14,1,4
13/02/2017,6,8,4,0
13/02/2017,7,23,2,4
14/02/2017,20,53,0,5
14/02/2017,29,3,2,3
15/02/2017,9,7,2,3
15/02/2017,52,25,5,2
15/02/2017,1,21,3,2
15/02/2017,22,53,5,2
15/02/2017,30,24,0,1
15/02/2017,10,2,7,1
15/02/2017,5,23,4,0
16/02/2017,29,10,5,2
16/02/2017,17,19,0,2
16/02/2017,28,13,5,6
16/02/2017,20,4,3,1
17/02/2017,2,3,4,2
17/02/2017,5,52,4,3
17/02/2017,30,25,3,1
17/02/2017,26,53,3,5
17/02/2017,1,9,0,3
17/02/2017,22,4,6,3
17/02/2017,7,21,2,0
17/02/2017,19,23,4,3
18/02/2017,24,13,1,4
18/02/2017,8,52,1,3
18/02/2017,17,15,3,2
18/02/2017,7,19,3,2
18/02/2017,29,5,2,1
18/02/2017,12,21,1,2
19/02/2017,29,18,3,4
19/02/2017,26,13,2,3
19/02/2017,25,14,4,3
19/02/2017,7,16,1,5
19/02/2017,53,28,1,4
19/02/2017,1,2,3,2
19/02/2017,16,22,1,3
19/02/2017,2,1,6,4
19/02/2017,30,18,5,2
19/02/2017,5,17,2,5
19/02/2017,23,20,2,1
19/02/2017,3,15,2,1
19/02/2017,9,52,2,3
19/02/2017,10,9,3,6
20/02/2017,12,10,0,4
20/02/2017,28,6,1,2
20/02/2017,24,26,1,0
20/02/2017,21,14,2,3
20/02/2017,23,4,2,3
21/02/2017,19,13,1,2
21/02/2017,53,24,3,2
22/02/2017,12,5,1,3
22/02/2017,10,52,5,4
22/02/2017,14,22,4,1
22/02/2017,30,16,3,5
22/02/2017,17,2,1,3
22/02/2017,3,8,2,3
22/02/2017,1,9,1,2
22/02/2017,18,20,5,6
22/02/2017,21,26,1,2
23/02/2017,24,6,5,3
23/02/2017,13,22,3,4
23/02/2017,4,15,1,4
24/02/2017,10,3,1,2
24/02/2017,18,21,4,2
24/02/2017,8,2,0,3
24/02/2017,14,20,2,3
24/02/2017,16,53,6,3
24/02/2017,26,6,1,4
25/02/2017,18,15,5,2
25/02/2017,26,24,4,1
25/02/2017,1,3,3,4
25/02/2017,25,53,5,2
25/02/2017,29,2,7,0
25/02/2017,13,20,2,4
25/02/2017,15,22,2,1
25/02/2017,12,9,3,0
26/02/2017,10,8,2,3
26/02/2017,18,22,5,4
26/02/2017,21,7,5,3
26/02/2017,5,4,4,2
26/02/2017,12,20,1,3
26/02/2017,3,29,2,5
26/02/2017,25,6,3,6
26/02/2017,23,28,1,4
27/02/2017,16,19,4,2
27/02/2017,53,7,3,2
27/02/2017,13,9,1,2
28/02/2017,1,8,3,4
28/02/2017,30,26,5,4
28/02/2017,14,9,5,1
01/03/2017,28,10,3,1
01/03/2017,7,18,4,5
01/03/2017,8,29,1,0
01/03/2017,19,22,1,2
01/03/2017,52,30,5,6
01/03/2017,6,53,4,1
01/03/2017,3,15,1,4
01/03/2017,25,5,3,2
01/03/2017,13,12,3,2
01/03/2017,23,17,2,3
01/03/2017,4,21,4,0
01/03/2017,20,26,2,1
02/03/2017,16,5,4,1
02/03/2017,14,12,4,3
03/03/2017,9,21,2,1
03/03/2017,29,30,1,0
03/03/2017,4,13,2,1
03/03/2017,8,18,2,1
03/03/2017,6,3,1,2
03/03/2017,25,2,4,5
03/03/2017,7,53,6,3
03/03/2017,28,23,3,1
03/03/2017,26,10,3,2
03/03/2017,15,1,1,0
04/03/2017,52,19,3,0
04/03/2017,24,10,5,2
04/03/2017,5,14,5,2
04/03/2017,12,53,2,4
04/03/2017,16,2,2,1
04/03/2017,20,17,3,2
05/03/2017,7,14,1,2
05/03/2017,22,17,4,3
05/03/2017,3,8,1,4
05/03/2017,20,2,5,2
05/03/2017,1,29,0,3
05/03/2017,18,16,3,5
05/03/2017,26,23,3,4
05/03/2017,6,1,3,2
05/03/2017,52,21,6,1
05/03/2017,5,7,4,3
05/03/2017,13,25,1,2
05/03/2017,30,28,3,1
05/03/2017,9,29,3,2
05/03/2017,15,4,2,1
06/03/2017,21,19,0,3
06/03/2017,53,12,1,2
06/03/2017,24,23,1,2
07/03/2017,14,3,0,1
07/03/2017,52,28,2,3
07/03/2017,15,25,2,4
07/03/2017,9,6,4,2
08/03/2017,29,1,2,0
08/03/2017,10,17,3,2
08/03/2017,7,4,3,6
08/03/2017,13,3,2,5
08/03/2017,23,8,1,2
08/03/2017,30,19,1,2
08/03/2017,22,2,1,4
08/03/2017,21,12,3,1
08/03/2017,24,18,4,3
09/03/2017,25,9,2,5
09/03/2017,6,17,6,1
09/03/2017,52,5,4,7
10/03/2017,10,4,4,2
10/03/2017,53,9,2,3
10/03/2017,21,1,3,2
10/03/2017,16,24,0,1
10/03/2017,14,30,4,1
10/03/2017,26,18,3,2
10/03/2017,28,15,4,2
10/03/2017,20,8,5,0
10/03/2017,12,3,4,3
10/03/2017,23,2,3,4
11/03/2017,29,7,4,3
11/03/2017,22,5,2,3
11/03/2017,13,30,4,7
11/03/2017,6,4,2,1
11/03/2017,17,16,4,2
11/03/2017,28,18,1,3
11/03/2017,19,24,4,3
12/03/2017,12,10,2,3
12/03/2017,7,29,5,3
12/03/2017,26,15,4,2
12/03/2017,22,8,1,4
12/03/2017,16,30,4,2
12/03/2017,21,9,2,4
12/03/2017,17,3,1,4
12/03/2017,14,13,3,2
12/03/2017,52,20,0,3
12/03/2017,53,1,5,4
12/03/2017,19,2,4,3
12/03/2017,23,5,0,3
13/03/2017,28,25,5,1
13/03/2017,3,14,2,3
13/03/2017,2,12,4,8
13/03/2017,4,29,3,5
13/03/2017,24,15,5,2
14/03/2017,20,5,4,3
14/03/2017,13,10,7,2
14/03/2017,18,52,5,4
14/03/2017,9,14,1,2
14/03/2017,15,30,4,2
14/03/2017,53,21,1,0
14/03/2017,12,2,2,3
14/03/2017,23,6,3,6
14/03/2017,26,19,1,3
14/03/2017,8,16,2,4
15/03/2017,22,25,7,1
15/03/2017,26,53,2,3
15/03/2017,4,5,4,0
15/03/2017,28,7,4,1
16/03/2017,9,16,1,2
16/03/2017,15,18,1,2
16/03/2017,12,30,3,1
16/03/2017,29,13,2,1
16/03/2017,21,17,3,1
16/03/2017,20,6,2,5
16/03/2017,1,4,6,2
16/03/2017,24,19,2,1
16/03/2017,2,52,2,4
16/03/2017,14,10,0,5
17/03/2017,3,13,3,4
17/03/2017,23,25,2,4
17/03/2017,28,19,1,4
17/03/2017,26,7,2,0
17/03/2017,53,17,4,5
17/03/2017,5,1,6,4
17/03/2017,22,6,7,4
18/03/2017,20,25,3,1
18/03/2017,9,8,3,4
18/03/2017,17,21,5,1
18/03/2017,14,15,3,5
18/03/2017,24,7,1,2
18/03/2017,30,3,2,3
18/03/2017,12,18,4,2
18/03/2017,2,29,2,3
18/03/2017,10,16,1,2
19/03/2017,52,30,5,4
19/03/2017,5,13,4,0
19/03/2017,16,21,6,3
19/03/2017,28,24,1,2
19/03/2017,1,29,1,4
19/03/2017,4,12,4,3
19/03/2017,22,23,2,0
19/03/2017,8,9,4,1
19/03/2017,53,19,0,3
20/03/2017,17,7,1,2
20/03/2017,10,6,4,2
20/03/2017,20,26,5,2
21/03/2017,15,20,4,2
21/03/2017,1,3,3,2
21/03/2017,18,53,3,1
21/03/2017,13,12,3,4
21/03/2017,22,26,2,0
21/03/2017,14,53,3,5
21/03/2017,7,5,1,3
21/03/2017,25,28,1,0
21/03/2017,6,9,2,3
21/03/2017,8,17,1,2
22/03/2017,52,4,3,2
22/03/2017,30,28,3,2
22/03/2017,29,10,2,5
22/03/2017,21,19,2,4
22/03/2017,16,23,4,5
23/03/2017,9,5,2,1
23/03/2017,3,2,2,3
23/03/2017,15,29,2,1
23/03/2017,6,14,3,6
23/03/2017,13,53,3,1
23/03/2017,24,22,4,3
23/03/2017,10,1,4,2
23/03/2017,8,12,1,4
24/03/2017,17,14,1,2
24/03/2017,19,23,4,1
24/03/2017,30,4,1,3
24/03/2017,18,20,3,1
24/03/2017,16,25,3,2
24/03/2017,26,52,5,2
24/03/2017,5,2,3,4
24/03/2017,21,22,4,7
25/03/2017,2,6,1,2
25/03/2017,8,9,3,1
25/03/2017,25,28,6,1
25/03/2017,19,20,2,3
25/03/2017,13,16,7,0
25/03/2017,7,10,5,2
25/03/2017,30,23,2,4
25/03/2017,15,53,4,1
25/03/2017,1,12,1,3
25/03/2017,24,52,3,1
25/03/2017,29,4,1,0
26/03/2017,18,28,7,2
26/03/2017,17,30,3,2
26/03/2017,1,25,1,2
26/03/2017,26,3,0,3
26/03/2017,22,21,4,1
26/03/2017,5,4,2,6
27/03/2017,52,23,2,1
27/03/2017,24,3,6,3
27/03/2017,7,13,4,2
27/03/2017,2,18,1,3
27/03/2017,12,17,3,4
27/03/2017,14,16,5,4
28/03/2017,4,9,3,2
28/03/2017,12,17,4,1
28/03/2017,8,25,4,1
28/03/2017,19,53,4,1
28/03/2017,10,13,3,2
28/03/2017,1,52,3,4
28/03/2017,6,18,4,1
28/03/2017,29,7,3,1
28/03/2017,20,21,4,2
29/03/2017,28,3,5,4
29/03/2017,30,15,4,5
29/03/2017,22,26,2,1
29/03/2017,23,24,1,4
30/03/2017,8,13,6,2
30/03/2017,14,17,5,3
30/03/2017,20,26,1,4
30/03/2017,21,15,3,5
30/03/2017,6,25,2,0
30/03/2017,4,2,6,3
30/03/2017,53,19,1,3
30/03/2017,12,29,2,1
30/03/2017,5,16,1,5
31/03/2017,3,5,3,4
31/03/2017,22,28,3,2
31/03/2017,18,10,1,3
31/03/2017,2,1,2,1
31/03/2017,52,24,4,3
31/03/2017,30,9,5,1
01/04/2017,52,9,4,2
01/04/2017,4,1,3,0
01/04/2017,16,29,3,1
01/04/2017,23,26,0,2
01/04/2017,6,13,5,2
01/04/2017,53,15,6,3
01/04/2017,14,8,1,2
01/04/2017,21,19,2,1
01/04/2017,17,10,4,5
01/04/2017,20,28,5,2
01/04/2017,12,25,0,3
01/04/2017,18,30,3,0
02/04/2017,22,24,3,2
02/04/2017,14,25,6,3
02/04/2017,3,4,4,3
02/04/2017,23,28,1,3
02/04/2017,7,2,2,4
02/04/2017,30,21,5,2
02/04/2017,29,15,2,3
02/04/2017,5,12,3,2
02/04/2017,16,6,2,3
02/04/2017,19,18,4,1
03/04/2017,20,24,3,4
03/04/2017,7,10,2,4
03/04/2017,17,9,5,4
03/04/2017,26,53,1,2
03/04/2017,13,8,1,4
04/04/2017,5,29,4,1
04/04/2017,1,4,1,0
04/04/2017,9,17,2,0
04/04/2017,10,15,1,4
04/04/2017,6,14,4,0
05/04/2017,28,23,3,1
05/04/2017,30,12,5,3
05/04/2017,21,16,4,3
05/04/2017,26,22,6,4
05/04/2017,25,53,3,2
05/04/2017,24,20,3,1
05/04/2017,19,52,2,5
05/04/2017,7,8,2,1
05/04/2017,18,2,1,2
06/04/2017,1,5,4,7
06/04/2017,29,52,4,5
06/04/2017,15,3,2,0
06/04/2017,10,14,1,4
06/04/2017,13,19,3,6
06/04/2017,12,2,0,3
06/04/2017,6,9,1,2
07/04/2017,28,22,2,4
07/04/2017,8,14,2,4
07/04/2017,26,20,1,4
07/04/2017,21,30,3,4
07/04/2017,25,18,3,7
07/04/2017,24,16,4,0
07/04/2017,53,23,4,3
08/04/2017,6,15,1,3
08/04/2017,26,16,3,2
08/04/2017,10,5,5,3
08/04/2017,4,29,4,2
08/04/2017,17,8,2,3
08/04/2017,1,2,2,4
08/04/2017,9,3,3,1
08/04/2017,52,18,2,1
08/04/2017,12,19,4,5
08/04/2017,13,7,3,0
09/04/2017,25,21,4,3
09/04/2017,3,5,3,2
09/04/2017,23,22,2,3
09/04/2017,17,1,4,1
09/04/2017,14,7,4,2
09/04/2017,19,21,3,2
09/04/2017,15,13,0,2
09/04/2017,10,29,2,3
09/04/2017,2,9,4,2
09/04/2017,53,30,1,3
09/04/2017,4,12,3,4
09/04/2017,28,20,3,1
10/04/2017,24,26,4,3
10/04/2017,22,23,5,2
12/04/2017,5,29,3,1
12/04/2017,9,6,1,2
12/04/2017,8,3,0,2
13/04/2017,15,10,3,2
13/04/2017,30,19,1,2
13/04/2017,22,28,2,3
14/04/2017,24,20,3,2
14/04/2017,5,29,4,1
14/04/2017,16,18,0,1
14/04/2017,8,3,4,3
15/04/2017,15,10,3,4
15/04/2017,30,19,1,2
15/04/2017,22,28,2,0
15/04/2017,9,6,4,3
16/04/2017,24,20,3,2
16/04/2017,29,5,4,5
16/04/2017,19,30,3,1
16/04/2017,16,18,0,5
16/04/2017,3,8,1,3
17/04/2017,10,15,4,3
17/04/2017,28,22,0,1
17/04/2017,6,9,3,4
18/04/2017,20,24,4,5
18/04/2017,29,5,5,4
18/04/2017,18,16,3,2
18/04/2017,3,8,2,1
19/04/2017,10,15,4,5
19/04/2017,28,22,7,0
19/04/2017,6,9,0,1
20/04/2017,20,24,1,3
20/04/2017,5,29,5,2
20/04/2017,19,30,0,2
20/04/2017,8,3,2,3
21/04/2017,15,10,2,1
21/04/2017,22,28,4,3
21/04/2017,9,6,2,3
21/04/2017,18,16,4,1
22/04/2017,24,20,0,0
22/04/2017,30,19,3,4
23/04/2017,10,15,1,2
23/04/2017,28,22,1,3
23/04/2017,6,9,2,3
23/04/2017,16,18,0,0
23/04/2017,3,8,3,1
25/04/2017,15,10,0,0
27/04/2017,19,18,3,4
27/04/2017,15,5,2,3
27/04/2017,24,22,3,5
27/04/2017,9,3,2,1
29/04/2017,19,18,3,2
29/04/2017,24,22,1,2
29/04/2017,9,3,6,5
30/04/2017,18,19,3,1
30/04/2017,15,5,2,6
30/04/2017,22,24,3,6
01/05/2017,5,15,2,3
02/05/2017,3,9,4,1
03/05/2017,18,19,2,1
03/05/2017,5,15,3,2
04/05/2017,22,24,3,4
04/05/2017,3,9,4,1
06/05/2017,19,18,2,1
06/05/2017,15,5,4,2
06/05/2017,24,22,4,3
06/05/2017,9,3,5,4
07/05/2017,18,19,3,1
07/05/2017,22,24,7,1
08/05/2017,5,15,2,5
09/05/2017,3,9,2,4
10/05/2017,15,5,0,2
11/05/2017,24,22,2,1
11/05/2017,9,3,0,0
13/05/2017,24,18,2,3
13/05/2017,5,9,1,2
14/05/2017,24,18,5,3
16/05/2017,5,9,1,0
17/05/2017,18,24,2,1
18/05/2017,9,5,5,1
19/05/2017,18,24,2,3
20/05/2017,24,18,1,3
20/05/2017,9,5,2,3
21/05/2017,5,9,7,0
23/05/2017,18,24,6,3
24/05/2017,9,5,2,1
25/05/2017,24,18,0,0
26/05/2017,5,9,3,2
30/05/2017,5,18,5,3
01/06/2017,5,18,4,1
04/06/2017,18,5,5,1
06/06/2017,18,5,4,1
09/06/2017,5,18,6,0
12/06/2017,18,5,0,2
15/06/2017,5,18,0,0
04/10/2017,52,10,2,7
05/10/2017,6,18,4,3
05/10/2017,28,4,3,5
05/10/2017,22,20,3,0
05/10/2017,17,30,4,2
05/10/2017,3,21,2,4
05/10/2017,7,8,2,3
05/10/2017,5,19,4,5
05/10/2017,9,15,4,5
06/10/2017,26,4,2,0
06/10/2017,29,2,5,0
06/10/2017,14,13,5,3
06/10/2017,24,53,5,4
06/10/2017,16,5,10,1
07/10/2017,2,7,6,3
07/10/2017,1,21,4,1
07/10/2017,15,8,6,1
07/10/2017,25,54,1,2
07/10/2017,10,3,8,5
07/10/2017,12,30,5,4
07/10/2017,9,17,1,2
07/10/2017,13,14,5,4
07/10/2017,5,18,4,0
08/10/2017,28,26,1,4
08/10/2017,23,22,3,2
08/10/2017,3,8,2,0
08/10/2017,19,25,4,2
08/10/2017,53,54,1,2
08/10/2017,16,29,5,1
08/10/2017,24,4,2,3
08/10/2017,20,52,6,3
09/10/2017,7,1,2,6
09/10/2017,14,15,4,3
09/10/2017,10,16,4,3
09/10/2017,6,21,0,4
09/10/2017,2,19,2,3
10/10/2017,22,52,2,5
10/10/2017,12,29,1,2
10/10/2017,3,19,1,3
10/10/2017,8,16,1,3
10/10/2017,24,20,0,2
11/10/2017,10,1,3,6
11/10/2017,15,5,2,3
11/10/2017,54,53,5,2
11/10/2017,25,17,4,2
11/10/2017,23,9,2,3
11/10/2017,18,4,6,5
12/10/2017,26,20,3,4
12/10/2017,14,5,5,4
12/10/2017,21,6,6,3
12/10/2017,13,19,5,2
12/10/2017,24,2,3,2
13/10/2017,29,3,3,1
13/10/2017,1,15,2,5
13/10/2017,16,30,2,5
13/10/2017,53,17,2,4
13/10/2017,28,7,3,2
13/10/2017,23,52,2,4
13/10/2017,18,25,4,1
14/10/2017,3,1,2,3
14/10/2017,5,13,4,3
14/10/2017,8,10,3,4
14/10/2017,14,19,2,1
14/10/2017,54,17,3,6
14/10/2017,20,9,0,6
14/10/2017,4,15,8,2
14/10/2017,52,12,2,1
14/10/2017,21,24,3,1
15/10/2017,53,6,2,6
15/10/2017,16,18,2,1
15/10/2017,23,20,2,5
15/10/2017,54,6,3,1
15/10/2017,28,2,1,3
15/10/2017,26,7,4,2
15/10/2017,22,9,1,6
15/10/2017,30,29,4,5
15/10/2017,25,21,3,1
16/10/2017,26,2,3,2
16/10/2017,24,7,1,3
16/10/2017,17,14,2,3
17/10/2017,4,13,5,1
17/10/2017,15,10,0,2
17/10/2017,1,14,5,4
17/10/2017,3,5,4,5
17/10/2017,9,23,0,3
18/10/2017,18,21,4,1
18/10/2017,10,17,6,3
18/10/2017,52,29,2,5
18/10/2017,28,8,5,2
18/10/2017,22,12,3,5
18/10/2017,54,7,5,4
18/10/2017,25,53,3,1
19/10/2017,3,2,3,4
19/10/2017,29,14,0,2
19/10/2017,19,16,5,2
19/10/2017,4,18,0,1
19/10/2017,6,23,6,3
19/10/2017,9,1,4,5
19/10/2017,26,8,5,1
20/10/2017,13,5,3,4
20/10/2017,53,25,4,5
20/10/2017,20,12,1,2
20/10/2017,21,19,3,4
20/10/2017,16,22,1,2
20/10/2017,1,28,0,3
20/10/2017,7,23,2,4
20/10/2017,17,15,3,4
21/10/2017,24,8,6,2
21/10/2017,15,13,1,4
21/10/2017,9,10,6,3
21/10/2017,29,26,4,6
21/10/2017,14,5,7,1
21/10/2017,6,7,4,5
21/10/2017,4,22,2,1
21/10/2017,2,28,5,3
21/10/2017,3,18,4,2
21/10/2017,52,30,4,3
22/10/2017,25,12,4,3
22/10/2017,20,30,2,4
22/10/2017,17,23,1,4
22/10/2017,53,16,2,4
22/10/2017,54,19,3,2
23/10/2017,3,28,1,4
23/10/2017,10,26,3,2
24/10/2017,4,24,2,6
24/10/2017,2,53,5,3
24/10/2017,12,14,1,5
24/10/2017,5,22,2,1
24/10/2017,9,26,2,3
24/10/2017,7,17,1,0
24/10/2017,8,13,5,1
25/10/2017,18,20,2,3
25/10/2017,30,23,0,1
25/10/2017,21,25,5,3
25/10/2017,54,16,4,2
26/10/2017,6,28,2,1
26/10/2017,29,7,5,1
26/10/2017,14,17,3,2
26/10/2017,13,24,8,3
26/10/2017,5,52,2,1
26/10/2017,3,53,5,2
26/10/2017,19,20,5,2
26/10/2017,10,12,3,6
26/10/2017,8,26,0,4
26/10/2017,9,4,5,4
27/10/2017,30,2,6,4
27/10/2017,1,9,5,4
27/10/2017,54,21,7,0
27/10/2017,12,19,1,2
27/10/2017,29,52,2,1
27/10/2017,23,15,6,2
27/10/2017,22,25,5,4
28/10/2017,20,25,1,2
28/10/2017,1,53,4,3
28/10/2017,6,26,1,2
28/10/2017,13,17,2,3
28/10/2017,10,4,2,4
28/10/2017,7,28,2,3
28/10/2017,14,24,1,4
28/10/2017,8,3,5,4
28/10/2017,16,18,1,2
29/10/2017,30,5,2,1
29/10/2017,19,29,4,1
29/10/2017,12,24,3,4
29/10/2017,21,16,6,3
29/10/2017,18,2,2,6
29/10/2017,52,5,7,1
29/10/2017,22,15,2,5
30/10/2017,29,6,4,3
30/10/2017,4,53,3,4
30/10/2017,9,8,3,8
30/10/2017,2,54,6,3
30/10/2017,13,14,5,8
30/10/2017,20,15,2,1
31/10/2017,17,53,5,3
31/10/2017,3,54,6,4
31/10/2017,23,25,1,2
31/10/2017,19,26,4,2
31/10/2017,28,10,3,2
01/11/2017,30,52,1,2
02/11/2017,16,4,3,0
02/11/2017,22,5,2,3
02/11/2017,28,18,4,1
02/11/2017,14,3,1,2
02/11/2017,9,17,3,1
02/11/2017,23,1,0,2
02/11/2017,24,10,1,3
02/11/2017,13,29,3,7
02/11/2017,15,2,4,3
02/11/2017,6,54,2,1
03/11/2017,26,10,5,3
03/11/2017,21,12,5,3
03/11/2017,20,5,2,1
03/11/2017,53,7,4,5
03/11/2017,30,8,6,3
03/11/2017,19,4,0,2
03/11/2017,52,25,5,2
04/11/2017,24,18,3,5
04/11/2017,13,3,4,5
04/11/2017,19,10,6,4
04/11/2017,14,29,5,4
04/11/2017,52,8,4,5
04/11/2017,4,21,4,5
04/11/2017,6,15,2,3
04/11/2017,9,54,4,5
04/11/2017,22,1,6,3
05/11/2017,2,21,6,4
05/11/2017,30,16,0,2
05/11/2017,28,24,2,1
05/11/2017,53,12,2,1
05/11/2017,25,7,5,1
05/11/2017,23,5,4,2
05/11/2017,26,18,3,4
05/11/2017,22,17,0,4
06/11/2017,20,1,5,4
06/11/2017,16,8,0,2
07/11/2017,25,52,1,4
07/11/2017,3,29,5,3
07/11/2017,10,54,4,3
07/11/2017,23,17,2,3
07/11/2017,6,30,5,3
07/11/2017,15,53,3,2
08/11/2017,5,53,3,1
08/11/2017,29,18,1,3
08/11/2017,24,26,3,4
08/11/2017,7,15,3,1
08/11/2017,1,19,1,3
08/11/2017,2,22,1,2
08/11/2017,8,54,3,2
08/11/2017,20,23,3,5
08/11/2017,12,13,3,1
09/11/2017,28,14,1,5
09/11/2017,3,6,4,2
09/11/2017,10,30,4,2
10/11/2017,24,23,4,1
10/11/2017,20,17,6,3
10/11/2017,21,9,3,4
10/11/2017,4,16,3,1
10/11/2017,8,30,0,3
10/11/2017,1,22,2,3
10/11/2017,19,53,3,2
10/11/2017,26,14,2,5
11/11/2017,10,6,3,2
11/11/2017,29,12,1,3
11/11/2017,7,13,1,4
11/11/2017,25,2,5,0
11/11/2017,54,52,5,2
11/11/2017,3,22,4,2
11/11/2017,15,5,4,1
11/11/2017,9,21,4,3
12/11/2017,1,13,2,1
12/11/2017,6,10,1,4
12/11/2017,8,7,2,1
12/11/2017,12,16,3,4
12/11/2017,18,5,5,4
12/11/2017,4,30,0,1
12/11/2017,19,2,2,5
12/11/2017,17,29,1,2
12/11/2017,53,52,1,4
12/11/2017,28,23,5,0
13/11/2017,15,22,2,1
13/11/2017,24,14,1,2
13/11/2017,16,1,5,7
13/11/2017,26,28,1,2
14/11/2017,12,25,5,1
14/11/2017,20,19,7,4
15/11/2017,52,53,4,1
15/11/2017,26,23,2,3
15/11/2017,13,25,4,3
15/11/2017,30,4,3,0
15/11/2017,8,29,1,2
15/11/2017,5,7,5,4
15/11/2017,22,54,8,2
15/11/2017,18,15,6,3
16/11/2017,24,6,4,2
16/11/2017,16,3,6,3
16/11/2017,17,20,8,2
17/11/2017,21,15,6,2
17/11/2017,52,4,3,2
17/11/2017,8,53,4,5
17/11/2017,26,6,1,2
17/11/2017,30,18,6,4
17/11/2017,14,25,6,1
17/11/2017,10,1,1,0
17/11/2017,28,13,0,2
17/11/2017,9,5,1,3
17/11/2017,22,19,1,4
17/11/2017,23,54,2,5
17/11/2017,2,12,6,4
18/11/2017,26,13,4,0
18/11/2017,4,20,4,5
18/11/2017,17,7,3,1
18/11/2017,52,1,5,2
18/11/2017,9,53,2,3
18/11/2017,29,3,2,0
18/11/2017,25,22,6,3
19/11/2017,15,30,3,1
19/11/2017,28,6,1,3
19/11/2017,23,19,3,4
19/11/2017,12,2,4,2
19/11/2017,17,21,3,4
19/11/2017,18,21,5,2
19/11/2017,8,10,0,6
19/11/2017,7,12,1,3
19/11/2017,14,2,3,5
19/11/2017,5,16,1,2
20/11/2017,3,9,3,0
20/11/2017,24,13,3,2
20/11/2017,54,26,4,2
21/11/2017,28,24,2,3
21/11/2017,10,53,1,4
21/11/2017,30,1,3,4
21/11/2017,15,20,1,4
21/11/2017,7,29,2,3
21/11/2017,18,52,5,3
22/11/2017,19,22,8,3
22/11/2017,25,8,3,1
22/11/2017,4,23,2,5
23/11/2017,21,25,3,0
23/11/2017,18,8,3,2
23/11/2017,15,9,5,2
23/11/2017,1,6,2,3
23/11/2017,7,30,4,5
23/11/2017,5,23,2,5
23/11/2017,53,28,1,3
23/11/2017,17,22,2,6
23/11/2017,2,4,4,3
23/11/2017,12,3,1,6
23/11/2017,26,52,1,2
23/11/2017,13,10,2,1
23/11/2017,14,16,3,2
23/11/2017,29,20,1,0
23/11/2017,24,54,2,4
24/11/2017,6,5,4,3
24/11/2017,24,52,1,4
24/11/2017,30,21,3,2
24/11/2017,15,14,3,1
24/11/2017,54,28,5,4
24/11/2017,4,2,4,5
25/11/2017,29,9,5,2
25/11/2017,7,22,3,1
25/11/2017,25,20,6,4
25/11/2017,1,23,3,2
25/11/2017,3,17,2,1
25/11/2017,19,18,0,2
25/11/2017,12,10,4,5
25/11/2017,53,26,3,2
26/11/2017,19,30,6,3
26/11/2017,8,7,3,0
26/11/2017,10,15,2,4
26/11/2017,6,22,2,4
26/11/2017,3,23,4,3
26/11/2017,26,24,2,1
26/11/2017,12,18,4,3
26/11/2017,5,14,5,2
26/11/2017,9,2,1,2
26/11/2017,21,20,2,3
26/11/2017,17,1,3,4
26/11/2017,28,52,4,0
26/11/2017,53,54,2,4
26/11/2017,13,16,1,4
28/11/2017,52,30,7,2
28/11/2017,5,4,5,4
28/11/2017,1,13,2,3
28/11/2017,8,29,3,1
28/11/2017,16,24,7,3
29/11/2017,22,53,3,2
29/11/2017,29,12,3,2
29/11/2017,17,26,1,4
29/11/2017,4,28,1,3
29/11/2017,7,14,0,2
29/11/2017,20,10,1,4
29/11/2017,3,13,4,5
29/11/2017,54,25,0,3
29/11/2017,2,23,5,2
29/11/2017,18,16,3,2
30/11/2017,21,52,3,2
30/11/2017,6,14,3,2
30/11/2017,8,9,2,1
30/11/2017,19,24,2,3
01/12/2017,15,26,2,5
01/12/2017,20,53,3,0
01/12/2017,17,8,3,6
01/12/2017,22,10,4,6
01/12/2017,30,54,4,2
01/12/2017,18,23,3,5
01/12/2017,16,25,3,4
02/12/2017,7,5,0,4
02/12/2017,4,6,0,3
02/12/2017,19,26,1,4
02/12/2017,29,24,4,2
02/12/2017,30,19,2,1
02/12/2017,3,12,5,1
02/12/2017,21,1,1,2
02/12/2017,52,54,7,4
02/12/2017,2,9,5,6
02/12/2017,13,28,1,2
03/12/2017,18,24,3,2
03/12/2017,8,17,10,1
03/12/2017,53,1,5,0
03/12/2017,12,13,3,2
03/12/2017,20,22,5,7
03/12/2017,15,29,4,3
03/12/2017,14,28,5,2
03/12/2017,5,7,5,1
03/12/2017,25,16,3,2
03/12/2017,23,10,2,1
04/12/2017,54,53,3,2
04/12/2017,21,25,2,7
04/12/2017,52,9,5,0
04/12/2017,16,26,1,3
05/12/2017,15,28,4,1
05/12/2017,18,6,5,3
05/12/2017,13,2,4,5
05/12/2017,20,4,2,5
06/12/2017,23,12,3,0
06/12/2017,54,24,4,3
06/12/2017,17,52,5,1
06/12/2017,5,3,3,4
06/12/2017,26,30,5,2
06/12/2017,29,1,1,4
06/12/2017,25,18,2,5
06/12/2017,8,19,3,4
06/12/2017,14,2,6,2
06/12/2017,21,7,2,4
07/12/2017,24,9,3,0
07/12/2017,10,20,2,1
07/12/2017,15,16,6,2
07/12/2017,22,4,2,4
08/12/2017,8,20,2,3
08/12/2017,6,53,6,1
08/12/2017,28,12,5,4
08/12/2017,5,2,4,3
08/12/2017,14,21,5,2
08/12/2017,19,25,3,0
08/12/2017,13,52,6,4
08/12/2017,23,4,1,4
08/12/2017,26,9,4,3
09/12/2017,18,54,3,4
09/12/2017,17,19,1,6
09/12/2017,16,7,3,2
09/12/2017,1,29,3,5
09/12/2017,15,3,4,2
09/12/2017,24,30,2,3
10/12/2017,26,12,3,2
10/12/2017,5,10,3,4
10/12/2017,28,9,5,0
10/12/2017,14,52,4,3
10/12/2017,8,22,2,6
10/12/2017,6,2,3,1
10/12/2017,29,53,1,0
10/12/2017,3,1,5,2
10/12/2017,20,23,4,2
10/12/2017,13,21,3,7
10/12/2017,25,54,3,5
11/12/2017,10,22,1,0
11/12/2017,16,53,3,1
11/12/2017,28,30,3,4
11/12/2017,19,7,3,2
12/12/2017,5,21,1,2
12/12/2017,24,12,3,2
12/12/2017,52,23,5,1
12/12/2017,3,25,1,2
12/12/2017,2,15,3,1
12/12/2017,17,13,1,2
13/12/2017,7,9,3,2
13/12/2017,54,12,2,3
13/12/2017,15,21,5,2
13/12/2017,1,26,5,1
13/12/2017,16,13,3,2
13/12/2017,19,14,0,3
13/12/2017,29,22,2,7
13/12/2017,30,20,2,1
13/12/2017,4,10,4,2
14/12/2017,9,3,3,2
14/12/2017,17,6,2,3
14/12/2017,2,25,2,5
14/12/2017,23,18,1,7
15/12/2017,8,1,2,1
15/12/2017,21,13,2,1
15/12/2017,4,7,2,1
15/12/2017,29,2,6,4
15/12/2017,52,16,1,5
15/12/2017,6,15,3,5
15/12/2017,22,18,0,4
15/12/2017,20,28,2,3
15/12/2017,53,14,1,4
15/12/2017,30,10,2,0
15/12/2017,19,24,1,3
15/12/2017,54,5,2,1
16/12/2017,30,22,2,3
16/12/2017,17,10,3,1
16/12/2017,1,25,5,2
16/12/2017,7,12,4,5
16/12/2017,3,26,4,2
16/12/2017,6,3,2,3
16/12/2017,23,28,4,3
17/12/2017,20,18,0,2
17/12/2017,53,5,2,4
17/12/2017,15,24,3,2
17/12/2017,12,29,2,1
17/12/2017,9,8,3,0
17/12/2017,21,14,5,6
17/12/2017,2,26,4,3
17/12/2017,19,52,2,0
17/12/2017,52,19,4,0
17/12/2017,4,25,2,1
18/12/2017,23,20,1,6
18/12/2017,54,13,5,2
18/12/2017,16,30,4,1
19/12/2017,21,5,4,2
19/12/2017,22,28,5,3
19/12/2017,6,29,7,2
19/12/2017,10,12,8,1
19/12/2017,4,26,1,4
19/12/2017,1,24,5,3
20/12/2017,53,13,2,3
20/12/2017,2,17,3,6
20/12/2017,3,24,4,1
20/12/2017,54,14,4,3
20/12/2017,9,30,4,6
20/12/2017,25,15,3,4
20/12/2017,7,6,0,3
20/12/2017,23,8,5,7
20/12/2017,18,52,4,6
21/12/2017,20,19,2,1
21/12/2017,4,17,4,3
21/12/2017,29,10,4,2
22/12/2017,2,24,4,5
22/12/2017,6,52,2,1
22/12/2017,26,21,2,1
22/12/2017,18,12,1,4
22/12/2017,25,16,4,0
22/12/2017,22,19,3,2
22/12/2017,28,23,5,4
22/12/2017,5,29,3,2
22/12/2017,14,9,4,3
22/12/2017,1,3,4,3
23/12/2017,13,30,4,2
23/12/2017,7,4,4,2
23/12/2017,53,15,3,2
23/12/2017,2,52,5,2
23/12/2017,20,8,2,3
23/12/2017,6,17,3,1
24/12/2017,54,15,3,0
24/12/2017,12,7,4,2
24/12/2017,14,30,3,0
24/12/2017,5,24,0,4
24/12/2017,3,10,2,3
24/12/2017,23,19,1,3
24/12/2017,22,8,4,1
24/12/2017,29,4,2,1
24/12/2017,53,21,2,6
24/12/2017,1,16,4,1
24/12/2017,13,9,1,0
24/12/2017,25,18,4,3
24/12/2017,28,26,2,0
28/12/2017,5,29,5,4
28/12/2017,30,25,4,2
28/12/2017,19,18,1,2
28/12/2017,52,22,4,3
28/12/2017,3,15,1,0
28/12/2017,12,8,3,1
28/12/2017,6,9,5,1
28/12/2017,2,7,3,2
28/12/2017,24,54,1,4
28/12/2017,1,17,3,1
28/12/2017,21,53,1,3
29/12/2017,14,8,3,1
29/12/2017,15,6,4,3
29/12/2017,23,16,5,2
29/12/2017,53,10,4,7
29/12/2017,26,54,2,3
29/12/2017,28,20,3,2
29/12/2017,13,4,3,2
30/12/2017,24,20,2,1
30/12/2017,52,2,4,2
30/12/2017,21,10,4,3
30/12/2017,12,5,2,1
30/12/2017,17,3,3,2
30/12/2017,9,29,5,4
30/12/2017,30,18,4,2
30/12/2017,1,7,3,4
30/12/2017,14,4,3,5
30/12/2017,25,19,4,2
30/12/2017,22,16,3,4
31/12/2017,19,12,3,2
31/12/2017,13,8,2,0
31/12/2017,24,53,5,2
31/12/2017,9,6,0,5
31/12/2017,15,1,5,2
31/12/2017,23,26,3,4
31/12/2017,29,14,0,5
31/12/2017,54,10,6,3
31/12/2017,18,30,3,0
01/01/2018,22,52,0,5
01/01/2018,7,3,2,3
01/01/2018,25,28,6,0
01/01/2018,20,16,4,3
01/01/2018,17,5,4,1
01/01/2018,21,2,6,1
03/01/2018,4,5,1,5
03/01/2018,8,28,1,4
03/01/2018,2,6,1,5
03/01/2018,54,18,3,0
03/01/2018,25,29,1,2
03/01/2018,12,15,4,5
03/01/2018,21,52,3,2
03/01/2018,10,14,0,2
03/01/2018,19,1,3,2
03/01/2018,23,24,0,5
03/01/2018,22,26,0,5
03/01/2018,30,13,5,1
04/01/2018,17,9,2,1
04/01/2018,3,16,2,5
05/01/2018,21,29,2,0
05/01/2018,20,26,4,3
05/01/2018,22,24,2,1
05/01/2018,19,54,2,1
05/01/2018,53,18,3,2
05/01/2018,10,28,3,2
05/01/2018,30,7,6,2
05/01/2018,25,1,4,3
05/01/2018,4,2,6,4
05/01/2018,5,12,0,4
05/01/2018,8,14,2,1
06/01/2018,17,13,4,2
06/01/2018,52,7,4,3
06/01/2018,2,5,0,4
06/01/2018,25,22,5,1
06/01/2018,4,19,6,3
06/01/2018,9,28,6,5
06/01/2018,16,54,4,5
07/01/2018,9,14,6,3
07/01/2018,21,30,7,2
07/01/2018,26,18,3,4
07/01/2018,10,23,3,2
07/01/2018,15,19,4,3
07/01/2018,29,13,3,2
07/01/2018,16,22,4,1
07/01/2018,4,7,4,1
07/01/2018,6,12,7,1
07/01/2018,52,28,4,1
07/01/2018,20,24,3,2
07/01/2018,53,3,1,2
07/01/2018,2,1,5,4
08/01/2018,8,23,5,2
08/01/2018,5,6,6,5
08/01/2018,54,3,2,1
08/01/2018,17,14,2,5
09/01/2018,10,29,2,3
10/01/2018,18,22,2,1
10/01/2018,30,20,2,3
10/01/2018,9,16,2,8
10/01/2018,15,23,3,1
10/01/2018,7,52,4,7
10/01/2018,19,13,4,7
10/01/2018,14,12,5,4
11/01/2018,10,9,3,4
11/01/2018,16,30,1,2
12/01/2018,7,29,3,1
12/01/2018,14,20,1,5
12/01/2018,15,12,1,3
13/01/2018,5,17,4,1
13/01/2018,3,2,2,7
13/01/2018,12,15,3,4
13/01/2018,53,22,2,4
13/01/2018,16,52,2,1
13/01/2018,13,20,2,4
13/01/2018,29,23,2,5
14/01/2018,25,21,1,4
14/01/2018,16,17,0,4
14/01/2018,26,24,2,4
14/01/2018,54,22,2,3
14/01/2018,30,52,4,1
14/01/2018,1,4,3,5
14/01/2018,28,53,6,5
14/01/2018,8,6,3,4
14/01/2018,12,20,1,4
15/01/2018,5,3,5,2
15/01/2018,30,23,2,3
15/01/2018,26,28,1,4
15/01/2018,21,24,3,1
15/01/2018,6,25,2,3
16/01/2018,8,2,4,5
17/01/2018,10,19,1,2
17/01/2018,2,1,1,4
17/01/2018,18,54,1,0
17/01/2018,3,4,5,1
17/01/2018,17,25,2,4
17/01/2018,53,28,2,3
18/01/2018,24,5,5,3
18/01/2018,6,8,4,1
19/01/2018,29,25,2,1
19/01/2018,2,6,2,5
19/01/2018,14,54,1,4
19/01/2018,21,28,5,3
19/01/2018,3,7,4,3
19/01/2018,4,10,3,2
19/01/2018,1,15,4,3
19/01/2018,18,53,3,2
19/01/2018,9,19,1,4
19/01/2018,26,5,1,3
20/01/2018,15,8,2,3
20/01/2018,21,3,3,1
20/01/2018,20,52,1,2
20/01/2018,24,26,2,1
20/01/2018,7,25,1,7
20/01/2018,4,1,3,1
20/01/2018,13,54,4,3
21/01/2018,19,53,2,5
21/01/2018,16,2,3,7
21/01/2018,8,6,1,4
21/01/2018,12,54,1,5
21/01/2018,30,14,5,2
21/01/2018,18,13,4,3
21/01/2018,15,4,1,2
21/01/2018,17,12,1,3
21/01/2018,22,23,5,2
21/01/2018,9,10,3,4
21/01/2018,28,5,2,1
22/01/2018,52,23,1,0
22/01/2018,26,3,4,2
22/01/2018,24,28,2,6
23/01/2018,53,2,3,2
23/01/2018,30,9,3,1
23/01/2018,1,17,0,3
23/01/2018,16,14,0,2
23/01/2018,20,7,1,2
23/01/2018,10,21,2,4
24/01/2018,19,9,3,0
24/01/2018,23,26,6,2
24/01/2018,17,4,2,3
24/01/2018,8,21,4,2
24/01/2018,25,13,6,1
24/01/2018,5,12,3,1
24/01/2018,18,14,3,4
24/01/2018,54,29,6,3
24/01/2018,24,3,6,3
24/01/2018,28,52,4,5
24/01/2018,22,7,0,5
24/01/2018,6,1,3,2
25/01/2018,16,10,2,3
25/01/2018,20,26,1,2
26/01/2018,25,10,1,4
26/01/2018,23,7,0,4
26/01/2018,8,12,5,6
26/01/2018,4,14,1,5
26/01/2018,28,3,5,6
26/01/2018,24,52,4,3
26/01/2018,54,2,1,2
26/01/2018,1,18,0,3
26/01/2018,5,30,6,3
26/01/2018,22,20,4,3
26/01/2018,13,15,2,4
26/01/2018,53,29,1,2
26/01/2018,19,21,3,1
26/01/2018,17,16,1,5
26/01/2018,9,6,2,3
31/01/2018,12,9,2,1
31/01/2018,52,14,3,1
31/01/2018,7,1,1,3
31/01/2018,29,30,2,3
31/01/2018,23,21,4,3
31/01/2018,6,24,1,3
31/01/2018,18,16,1,2
31/01/2018,5,28,5,2
31/01/2018,2,13,1,4
31/01/2018,20,54,2,4
31/01/2018,25,26,0,3
31/01/2018,19,8,3,1
01/02/2018,15,4,5,3
01/02/2018,10,2,5,0
01/02/2018,17,28,2,1
02/02/2018,6,19,3,1
02/02/2018,1,4,4,3
02/02/2018,18,26,5,0
02/02/2018,52,54,2,3
02/02/2018,23,16,4,2
02/02/2018,53,25,1,4
02/02/2018,7,13,2,4
02/02/2018,12,8,2,0
02/02/2018,22,21,3,4
02/02/2018,9,24,2,1
02/02/2018,3,10,0,4
02/02/2018,20,14,4,7
03/02/2018,29,28,1,3
03/02/2018,12,17,1,4
03/02/2018,5,15,7,4
03/02/2018,30,54,5,2
03/02/2018,8,24,5,2
03/02/2018,4,9,3,4
04/02/2018,18,3,5,2
04/02/2018,7,19,0,1
04/02/2018,12,28,1,3
04/02/2018,26,53,6,0
04/02/2018,8,9,4,1
04/02/2018,23,14,2,4
04/02/2018,15,54,3,4
04/02/2018,6,10,4,1
04/02/2018,52,21,3,0
04/02/2018,20,16,4,3
04/02/2018,1,5,3,1
04/02/2018,13,17,3,2
04/02/2018,25,30,6,1
04/02/2018,2,29,4,3
06/02/2018,25,3,2,1
06/02/2018,22,14,6,2
06/02/2018,2,18,4,5
06/02/2018,10,24,7,4
07/02/2018,7,24,3,4
07/02/2018,5,54,5,4
07/02/2018,19,30,2,6
07/02/2018,16,20,2,3
07/02/2018,17,6,2,3
07/02/2018,12,4,1,2
07/02/2018,21,28,3,1
07/02/2018,9,1,5,3
07/02/2018,52,53,4,3
07/02/2018,29,15,2,3
07/02/2018,13,23,3,1
08/02/2018,10,18,3,2
08/02/2018,3,6,1,6
08/02/2018,26,22,5,2
09/02/2018,19,21,6,1
09/02/2018,7,2,4,3
09/02/2018,30,53,3,4
09/02/2018,1,20,2,3
09/02/2018,16,25,2,4
09/02/2018,4,8,5,3
09/02/2018,28,54,3,5
09/02/2018,9,18,4,3
09/02/2018,14,23,5,2
10/02/2018,3,20,4,3
10/02/2018,12,23,4,1
10/02/2018,52,19,2,5
10/02/2018,2,17,7,6
10/02/2018,15,29,4,2
10/02/2018,13,26,1,3
10/02/2018,25,5,4,3
10/02/2018,24,22,3,2
11/02/2018,19,5,1,4
11/02/2018,52,3,1,3
11/02/2018,28,22,6,4
11/02/2018,12,21,3,1
11/02/2018,8,18,2,3
11/02/2018,15,17,4,5
11/02/2018,29,1,6,1
11/02/2018,14,26,4,3
11/02/2018,6,7,2,4
11/02/2018,30,16,3,0
11/02/2018,25,23,0,6
11/02/2018,53,4,3,4
11/02/2018,10,9,6,3
12/02/2018,24,28,2,3
12/02/2018,1,6,3,5
12/02/2018,2,20,2,3
12/02/2018,54,4,1,4
12/02/2018,7,21,4,5
13/02/2018,53,16,6,1
13/02/2018,10,14,4,3
13/02/2018,22,13,5,7
14/02/2018,17,24,2,1
14/02/2018,4,1,4,5
14/02/2018,12,26,7,3
14/02/2018,7,14,5,3
14/02/2018,2,29,1,4
14/02/2018,52,15,4,3
14/02/2018,18,19,4,3
14/02/2018,5,9,6,3
14/02/2018,54,16,5,2
14/02/2018,28,53,1,2
14/02/2018,30,3,3,2
14/02/2018,6,20,5,2
15/02/2018,21,8,2,0
15/02/2018,10,29,6,3
15/02/2018,23,13,3,4
16/02/2018,9,7,3,2
16/02/2018,14,17,4,1
16/02/2018,18,20,3,4
16/02/2018,5,26,3,1
16/02/2018,54,22,4,1
16/02/2018,30,15,2,5
16/02/2018,1,12,5,2
16/02/2018,28,23,4,1
16/02/2018,16,24,2,3
16/02/2018,2,3,3,0
16/02/2018,53,8,5,2
17/02/2018,29,4,1,2
17/02/2018,30,24,2,3
17/02/2018,9,3,6,3
17/02/2018,25,19,2,1
17/02/2018,7,26,2,4
17/02/2018,53,22,1,0
17/02/2018,12,2,0,3
17/02/2018,52,21,6,1
18/02/2018,54,8,6,3
18/02/2018,23,6,6,1
18/02/2018,29,5,2,5
18/02/2018,16,15,7,1
18/02/2018,3,4,4,7
18/02/2018,20,13,3,6
18/02/2018,5,10,5,3
18/02/2018,18,17,1,3
18/02/2018,21,22,2,4
18/02/2018,12,1,2,3
18/02/2018,14,1,3,4
19/02/2018,28,25,5,2
19/02/2018,20,6,1,2
19/02/2018,52,13,7,2
19/02/2018,17,10,2,3
19/02/2018,7,15,2,3
19/02/2018,2,30,3,5
20/02/2018,54,24,0,2
20/02/2018,16,26,1,3
20/02/2018,18,9,5,2
21/02/2018,10,13,1,0
21/02/2018,15,14,2,4
21/02/2018,19,28,2,3
21/02/2018,1,29,1,2
21/02/2018,4,8,3,2
21/02/2018,23,21,4,5
21/02/2018,17,18,2,3
21/02/2018,22,6,2,3
21/02/2018,52,26,3,4
22/02/2018,16,9,3,2
22/02/2018,54,20,7,3
22/02/2018,24,25,2,0
23/02/2018,10,2,4,3
23/02/2018,26,25,0,2
23/02/2018,4,29,2,1
23/02/2018,17,7,2,3
23/02/2018,18,28,7,1
23/02/2018,9,14,3,4
23/02/2018,22,21,3,2
23/02/2018,13,15,3,2
23/02/2018,1,30,2,4
23/02/2018,8,3,3,1
23/02/2018,53,20,2,5
24/02/2018,1,2,2,1
24/02/2018,3,30,1,4
24/02/2018,19,52,0,4
24/02/2018,12,5,1,6
24/02/2018,9,4,3,5
24/02/2018,16,28,3,1
24/02/2018,20,21,5,1
24/02/2018,54,23,6,3
25/02/2018,15,7,5,1
25/02/2018,25,52,3,5
25/02/2018,8,14,3,4
25/02/2018,10,6,4,3
25/02/2018,17,12,3,1
25/02/2018,18,19,4,0
25/02/2018,53,24,2,0
25/02/2018,13,5,6,5
25/02/2018,26,22,3,4
25/02/2018,7,6,4,1
25/02/2018,29,16,3,2
26/02/2018,24,22,5,6
26/02/2018,3,17,2,3
26/02/2018,30,28,3,2
26/02/2018,53,23,1,3
27/02/2018,29,15,5,1
27/02/2018,26,54,3,2
27/02/2018,21,23,3,1
27/02/2018,14,10,4,3
27/02/2018,8,4,0,1
28/02/2018,13,10,3,2
28/02/2018,15,9,3,2
28/02/2018,28,22,5,2
28/02/2018,30,19,8,3
28/02/2018,6,12,4,3
28/02/2018,52,18,5,6
28/02/2018,25,20,2,0
28/02/2018,54,26,1,4
28/02/2018,5,1,2,3
01/03/2018,21,20,5,2
01/03/2018,23,3,5,6
01/03/2018,8,2,3,1
01/03/2018,19,17,2,1
01/03/2018,14,7,1,2
02/03/2018,25,14,4,5
02/03/2018,22,18,2,4
02/03/2018,6,5,8,4
02/03/2018,28,16,7,2
02/03/2018,53,30,5,3
02/03/2018,4,12,1,4
02/03/2018,13,1,3,2
02/03/2018,26,29,5,2
03/03/2018,25,19,3,2
03/03/2018,6,8,2,1
03/03/2018,12,1,3,1
03/03/2018,2,8,3,6
03/03/2018,23,18,3,4
03/03/2018,13,7,4,1
03/03/2018,14,4,7,6
03/03/2018,21,30,7,1
03/03/2018,52,17,4,3
03/03/2018,5,2,3,2
03/03/2018,24,29,4,2
03/03/2018,26,16,3,5
03/03/2018,54,9,4,5
03/03/2018,20,3,1,3
04/03/2018,24,16,6,3
04/03/2018,53,9,2,1
04/03/2018,22,3,2,3
04/03/2018,15,10,5,2
04/03/2018,1,54,2,3
04/03/2018,13,4,4,1
04/03/2018,21,18,3,4
05/03/2018,28,29,2,4
05/03/2018,30,17,4,1
05/03/2018,12,52,2,3
06/03/2018,25,9,2,3
06/03/2018,23,2,4,3
06/03/2018,7,10,5,3
06/03/2018,5,20,4,3
06/03/2018,22,53,4,3
07/03/2018,18,25,2,0
07/03/2018,14,13,5,4
07/03/2018,29,54,4,1
07/03/2018,1,8,6,4
07/03/2018,3,52,0,3
07/03/2018,30,12,6,2
07/03/2018,24,15,4,0
07/03/2018,16,21,2,1
07/03/2018,6,17,6,5
08/03/2018,4,5,2,5
08/03/2018,7,20,1,5
08/03/2018,23,53,1,2
09/03/2018,13,8,5,0
09/03/2018,16,12,2,3
09/03/2018,22,2,2,1
09/03/2018,1,52,2,3
09/03/2018,14,3,5,3
09/03/2018,18,24,4,2
09/03/2018,26,15,3,1
09/03/2018,28,19,2,0
09/03/2018,17,54,0,4
09/03/2018,6,4,3,2
09/03/2018,9,7,3,4
09/03/2018,29,21,5,4
10/03/2018,25,24,2,1
10/03/2018,26,19,2,7
10/03/2018,14,8,3,2
10/03/2018,28,15,0,2
10/03/2018,23,30,2,5
10/03/2018,4,52,2,1
10/03/2018,29,17,3,2
10/03/2018,7,54,1,2
10/03/2018,21,53,5,2
10/03/2018,6,16,7,4
10/03/2018,9,20,1,2
11/03/2018,5,25,3,1
11/03/2018,16,6,3,1
11/03/2018,20,2,2,5
11/03/2018,22,30,4,1
11/03/2018,10,5,5,2
11/03/2018,13,3,4,3
11/03/2018,18,1,2,3
12/03/2018,29,8,5,2
12/03/2018,15,52,3,2
12/03/2018,3,12,6,3
12/03/2018,53,23,1,0
12/03/2018,13,9,3,5
12/03/2018,4,54,2,3
13/03/2018,12,6,4,6
13/03/2018,28,17,5,3
13/03/2018,26,23,3,0
13/03/2018,8,25,4,2
13/03/2018,14,9,4,7
13/03/2018,24,19,2,4
14/03/2018,20,22,1,0
14/03/2018,18,52,3,1
14/03/2018,10,25,6,5
14/03/2018,30,21,1,5
14/03/2018,53,26,4,3
15/03/2018,13,6,3,0
15/03/2018,54,1,3,8
15/03/2018,22,28,3,4
15/03/2018,2,15,3,7
15/03/2018,24,23,3,0
15/03/2018,7,10,2,5
15/03/2018,4,29,3,5
15/03/2018,3,5,4,3
15/03/2018,8,5,3,5
16/03/2018,26,17,4,1
16/03/2018,19,21,1,4
16/03/2018,9,25,3,2
16/03/2018,15,2,6,3
16/03/2018,53,18,2,3
16/03/2018,52,16,6,2
17/03/2018,10,8,4,0
17/03/2018,29,9,2,1
17/03/2018,26,1,0,3
17/03/2018,14,6,0,3
17/03/2018,7,16,5,3
17/03/2018,54,30,2,4
17/03/2018,21,18,2,4
17/03/2018,20,28,4,7
17/03/2018,24,17,4,2
17/03/2018,12,4,2,4
17/03/2018,13,22,2,4
18/03/2018,52,25,4,2
18/03/2018,19,3,4,3
18/03/2018,23,28,3,5
18/03/2018,4,15,6,3
18/03/2018,54,20,4,0
18/03/2018,16,19,4,5
18/03/2018,2,12,3,4
18/03/2018,21,17,5,1
18/03/2018,53,30,1,3
18/03/2018,14,22,3,1
19/03/2018,8,13,0,2
19/03/2018,24,1,4,2
19/03/2018,7,18,0,4
19/03/2018,6,29,4,5
20/03/2018,12,22,3,7
20/03/2018,9,13,2,7
20/03/2018,30,26,3,4
20/03/2018,17,4,5,4
20/03/2018,53,20,5,2
20/03/2018,14,10,4,3
20/03/2018,15,25,4,3
20/03/2018,2,5,4,1
20/03/2018,3,29,3,5
21/03/2018,5,8,5,3
21/03/2018,16,21,1,5
21/03/2018,52,26,2,1
21/03/2018,7,53,1,4
21/03/2018,54,23,4,1
21/03/2018,28,1,6,2
22/03/2018,12,53,6,5
22/03/2018,20,24,0,4
22/03/2018,29,13,4,0
22/03/2018,19,6,2,1
22/03/2018,4,3,4,3
22/03/2018,9,22,2,6
22/03/2018,2,14,6,7
22/03/2018,17,15,0,1
23/03/2018,7,8,0,3
23/03/2018,16,23,2,5
23/03/2018,28,54,2,1
23/03/2018,5,1,3,4
23/03/2018,18,10,2,5
23/03/2018,21,26,1,7
24/03/2018,1,14,2,1
24/03/2018,28,20,5,1
24/03/2018,3,7,5,1
24/03/2018,29,19,1,2
24/03/2018,2,16,1,3
24/03/2018,19,23,4,1
24/03/2018,13,53,4,2
24/03/2018,9,12,2,5
24/03/2018,25,6,2,3
24/03/2018,21,54,2,1
24/03/2018,52,24,3,2
24/03/2018,10,17,4,3
24/03/2018,8,15,4,6
25/03/2018,52,18,5,4
25/03/2018,5,4,5,4
25/03/2018,30,18,4,1
25/03/2018,25,23,1,4
25/03/2018,30,6,1,2
25/03/2018,22,26,3,2
26/03/2018,3,15,2,4
26/03/2018,12,9,4,1
26/03/2018,10,7,2,3
26/03/2018,8,17,4,2
26/03/2018,2,13,0,3
26/03/2018,14,53,1,4
26/03/2018,22,24,4,5
27/03/2018,54,21,4,1
27/03/2018,16,28,3,4
27/03/2018,17,5,5,2
27/03/2018,1,12,4,3
27/03/2018,9,2,3,4
27/03/2018,26,20,3,0
28/03/2018,22,29,3,7
28/03/2018,19,28,3,2
28/03/2018,10,13,4,3
28/03/2018,25,4,3,2
28/03/2018,18,30,2,1
28/03/2018,52,6,5,4
28/03/2018,23,24,4,1
29/03/2018,6,14,4,2
29/03/2018,1,5,3,4
29/03/2018,54,53,2,3
29/03/2018,7,17,3,6
29/03/2018,15,3,3,2
29/03/2018,9,13,3,2
29/03/2018,21,4,1,2
30/03/2018,18,28,5,3
30/03/2018,2,10,4,5
30/03/2018,3,14,3,7
30/03/2018,30,25,5,2
30/03/2018,16,52,6,2
30/03/2018,23,22,2,1
30/03/2018,20,29,1,5
30/03/2018,15,12,1,4
30/03/2018,26,53,4,2
31/03/2018,24,26,2,1
31/03/2018,10,52,1,3
31/03/2018,54,19,4,3
31/03/2018,1,2,4,3
31/03/2018,6,13,5,1
31/03/2018,5,8,5,2
31/03/2018,17,9,2,0
31/03/2018,23,29,5,4
31/03/2018,12,3,1,2
31/03/2018,21,16,5,0
01/04/2018,4,6,4,3
01/04/2018,53,19,6,0
01/04/2018,25,30,4,1
01/04/2018,8,1,1,2
01/04/2018,14,18,1,4
01/04/2018,5,15,1,3
01/04/2018,18,7,4,7
01/04/2018,54,28,3,2
01/04/2018,20,22,3,2
02/04/2018,13,12,3,2
02/04/2018,24,21,4,3
02/04/2018,9,52,5,6
02/04/2018,10,7,5,2
03/04/2018,19,15,2,4
03/04/2018,26,21,3,1
03/04/2018,30,22,3,0
03/04/2018,29,17,5,4
03/04/2018,14,6,4,0
03/04/2018,8,52,4,5
03/04/2018,1,3,5,2
03/04/2018,13,18,2,1
03/04/2018,2,4,5,4
04/04/2018,28,25,2,4
04/04/2018,7,9,2,4
04/04/2018,23,54,4,5
04/04/2018,20,53,1,4
05/04/2018,19,16,3,4
05/04/2018,17,8,3,4
05/04/2018,15,18,3,4
05/04/2018,1,10,2,1
05/04/2018,2,3,2,1
05/04/2018,4,12,4,3
05/04/2018,24,30,3,1
05/04/2018,13,6,3,2
05/04/2018,29,5,4,5
06/04/2018,52,20,2,1
06/04/2018,28,21,4,2
06/04/2018,22,54,4,3
06/04/2018,23,53,4,3
06/04/2018,5,9,4,0
06/04/2018,14,7,7,5
06/04/2018,26,30,5,4
07/04/2018,4,3,5,0
07/04/2018,16,19,1,4
07/04/2018,24,25,5,3
07/04/2018,12,14,3,2
07/04/2018,52,16,4,1
07/04/2018,10,8,4,2
07/04/2018,13,7,4,3
07/04/2018,15,1,5,3
07/04/2018,6,9,5,2
07/04/2018,17,2,3,4
08/04/2018,53,24,0,3
08/04/2018,18,29,4,2
08/04/2018,28,30,3,6
08/04/2018,26,25,2,4
08/04/2018,22,23,3,2
08/04/2018,20,54,7,1
08/04/2018,6,13,2,4
08/04/2018,21,19,5,2
11/04/2018,5,4,7,0
11/04/2018,52,30,3,2
12/04/2018,15,29,3,4
12/04/2018,54,26,1,0
12/04/2018,14,1,5,2
12/04/2018,6,10,5,1
13/04/2018,24,28,0,3
13/04/2018,5,4,1,5
13/04/2018,18,21,5,2
13/04/2018,52,30,4,1
14/04/2018,54,26,2,1
14/04/2018,14,1,5,3
14/04/2018,18,21,5,4
15/04/2018,24,28,2,3
15/04/2018,15,29,4,5
15/04/2018,4,5,1,5
15/04/2018,6,10,7,3
15/04/2018,30,52,6,2
16/04/2018,26,54,2,3
16/04/2018,1,14,5,2
16/04/2018,10,6,4,2
17/04/2018,28,24,8,1
17/04/2018,29,15,2,3
17/04/2018,21,18,5,3
18/04/2018,26,54,0,1
18/04/2018,4,5,0,5
18/04/2018,1,14,1,3
18/04/2018,30,52,0,2
19/04/2018,28,24,2,1
19/04/2018,29,15,1,4
19/04/2018,10,6,1,3
19/04/2018,21,18,2,3
20/04/2018,54,26,0,0
20/04/2018,5,4,2,4
20/04/2018,52,30,5,0
21/04/2018,24,28,0,0
21/04/2018,15,29,4,3
21/04/2018,14,1,3,1
21/04/2018,18,21,1,2
22/04/2018,4,5,5,8
22/04/2018,6,10,3,4
22/04/2018,21,18,0,5
23/04/2018,29,15,3,6
23/04/2018,10,6,3,1
25/04/2018,6,10,7,4
26/04/2018,15,5,2,3
27/04/2018,54,28,7,0
28/04/2018,18,52,1,4
28/04/2018,14,6,2,6
29/04/2018,54,28,3,4
29/04/2018,18,52,5,4
29/04/2018,15,5,4,1
30/04/2018,14,6,4,2
01/05/2018,28,54,3,4
01/05/2018,5,15,3,4
02/05/2018,52,18,7,4
02/05/2018,6,14,1,4
03/05/2018,28,54,4,0
03/05/2018,5,15,3,1
04/05/2018,52,18,1,2
04/05/2018,6,14,3,4
05/05/2018,54,28,5,3
05/05/2018,15,5,6,3
06/05/2018,28,54,0,3
06/05/2018,18,52,2,6
06/05/2018,14,6,3,1
07/05/2018,5,15,1,2
08/05/2018,52,18,0,4
09/05/2018,54,28,0,0
09/05/2018,15,5,0,0
11/05/2018,18,52,1,5
12/05/2018,14,15,2,4
12/05/2018,52,54,4,2
14/05/2018,14,15,2,6
15/05/2018,52,54,1,3
16/05/2018,15,14,2,4
17/05/2018,54,52,4,2
18/05/2018,15,14,2,4
19/05/2018,14,15,3,2
19/05/2018,54,52,3,2
20/05/2018,52,54,1,2
22/05/2018,15,14,3,0
23/05/2018,54,52,0,0
24/05/2018,14,15,0,4
25/05/2018,52,54,0,0
29/05/2018,54,15,6,4
31/05/2018,54,15,2,3
03/06/2018,15,54,3,1
05/06/2018,15,54,6,2
08/06/2018,54,15,3,4
11/06/2018,15,54,0,0
14/06/2018,54,15,0,0
03/10/2018,10,8,3,2
03/10/2018,15,6,7,0
03/10/2018,10,8,3,2
03/10/2018,15,6,7,0
04/10/2018,23,20,5,2
04/10/2018,28,24,2,5
04/10/2018,23,20,5,2
04/10/2018,28,24,2,5
04/10/2018,7,6,0,4
04/10/2018,5,15,7,6
04/10/2018,12,2,1,2
04/10/2018,3,18,2,3
04/10/2018,9,16,3,4
04/10/2018,17,29,2,3
04/10/2018,7,6,0,4
04/10/2018,5,15,7,6
04/10/2018,12,2,1,2
04/10/2018,3,18,2,3
04/10/2018,9,16,3,4
04/10/2018,17,29,2,3
05/10/2018,19,52,1,5
05/10/2018,25,53,3,0
05/10/2018,21,30,4,1
05/10/2018,54,4,2,5
05/10/2018,19,52,1,5
05/10/2018,25,53,3,0
05/10/2018,21,30,4,1
05/10/2018,54,4,2,5
05/10/2018,29,12,1,3
05/10/2018,29,12,1,3
06/10/2018,26,28,2,3
06/10/2018,26,28,2,3
06/10/2018,1,22,5,2
06/10/2018,25,52,5,1
06/10/2018,7,3,3,1
06/10/2018,10,9,3,5
06/10/2018,14,13,2,1
06/10/2018,2,18,3,4
06/10/2018,5,8,1,5
06/10/2018,1,22,5,2
06/10/2018,25,52,5,1
06/10/2018,7,3,3,1
06/10/2018,10,9,3,5
06/10/2018,14,13,2,1
06/10/2018,2,18,3,4
06/10/2018,5,8,1,5
07/10/2018,19,16,4,5
07/10/2018,30,54,1,2
07/10/2018,53,24,0,1
07/10/2018,21,4,5,2
07/10/2018,20,23,7,4
07/10/2018,19,16,4,5
07/10/2018,30,54,1,2
07/10/2018,53,24,0,1
07/10/2018,21,4,5,2
07/10/2018,20,23,7,4
07/10/2018,12,3,8,5
07/10/2018,16,10,6,7
07/10/2018,12,3,8,5
07/10/2018,16,10,6,7
08/10/2018,26,17,4,2
08/10/2018,26,17,4,2
08/10/2018,6,9,6,3
08/10/2018,2,28,4,0
08/10/2018,7,54,4,2
08/10/2018,6,9,6,3
08/10/2018,2,28,4,0
08/10/2018,7,54,4,2
09/10/2018,24,17,3,2
09/10/2018,24,17,3,2
09/10/2018,4,28,2,8
09/10/2018,12,23,5,3
09/10/2018,29,21,5,2
09/10/2018,4,28,2,8
09/10/2018,12,23,5,3
09/10/2018,29,21,5,2
10/10/2018,18,20,0,3
10/10/2018,52,26,2,1
10/10/2018,25,10,4,7
10/10/2018,18,20,0,3
10/10/2018,52,26,2,1
10/10/2018,25,10,4,7
10/10/2018,9,4,4,7
10/10/2018,9,4,4,7
11/10/2018,15,54,5,2
11/10/2018,24,53,2,3
11/10/2018,15,54,5,2
11/10/2018,24,53,2,3
11/10/2018,6,22,4,1
11/10/2018,7,21,1,6
11/10/2018,13,29,4,5
11/10/2018,1,15,6,0
11/10/2018,3,28,3,2
11/10/2018,5,54,4,2
11/10/2018,8,26,0,3
11/10/2018,17,10,3,5
11/10/2018,14,23,1,4
11/10/2018,6,22,4,1
11/10/2018,7,21,1,6
11/10/2018,13,29,4,5
11/10/2018,1,15,6,0
11/10/2018,3,28,3,2
11/10/2018,5,54,4,2
11/10/2018,8,26,0,3
11/10/2018,17,10,3,5
11/10/2018,14,23,1,4
12/10/2018,19,20,5,3
12/10/2018,18,52,3,0
12/10/2018,30,16,4,3
12/10/2018,19,20,5,3
12/10/2018,18,52,3,0
12/10/2018,30,16,4,3
13/10/2018,3,22,1,2
13/10/2018,4,54,0,1
13/10/2018,9,26,5,1
13/10/2018,6,17,8,2
13/10/2018,30,12,4,5
13/10/2018,8,5,4,3
13/10/2018,14,29,8,2
13/10/2018,13,23,2,3
13/10/2018,15,10,2,4
13/10/2018,3,22,1,2
13/10/2018,4,54,0,1
13/10/2018,9,26,5,1
13/10/2018,6,17,8,2
13/10/2018,30,12,4,5
13/10/2018,8,5,4,3
13/10/2018,14,29,8,2
13/10/2018,13,23,2,3
13/10/2018,15,10,2,4
14/10/2018,18,2,5,2
14/10/2018,25,24,5,3
14/10/2018,16,19,4,3
14/10/2018,53,7,0,3
14/10/2018,21,20,2,3
14/10/2018,18,2,5,2
14/10/2018,25,24,5,3
14/10/2018,16,19,4,3
14/10/2018,53,7,0,3
14/10/2018,21,20,2,3
14/10/2018,1,28,3,2
14/10/2018,19,24,2,3
14/10/2018,52,12,3,1
14/10/2018,1,28,3,2
14/10/2018,19,24,2,3
14/10/2018,52,12,3,1
15/10/2018,10,26,4,1
15/10/2018,8,17,7,3
15/10/2018,9,25,4,1
15/10/2018,10,26,4,1
15/10/2018,8,17,7,3
15/10/2018,9,25,4,1
16/10/2018,18,30,4,2
16/10/2018,18,30,4,2
16/10/2018,1,25,3,0
16/10/2018,3,21,3,2
16/10/2018,4,13,6,5
16/10/2018,5,23,2,3
16/10/2018,14,12,4,2
16/10/2018,1,25,3,0
16/10/2018,3,21,3,2
16/10/2018,4,13,6,5
16/10/2018,5,23,2,3
16/10/2018,14,12,4,2
17/10/2018,30,53,2,1
17/10/2018,52,22,4,5
17/10/2018,54,7,4,1
17/10/2018,30,53,2,1
17/10/2018,52,22,4,5
17/10/2018,54,7,4,1
17/10/2018,8,19,3,2
17/10/2018,15,3,4,3
17/10/2018,8,19,3,2
17/10/2018,15,3,4,3
18/10/2018,20,6,5,2
18/10/2018,24,2,4,1
18/10/2018,20,6,5,2
18/10/2018,24,2,4,1
18/10/2018,10,5,0,3
18/10/2018,1,21,3,5
18/10/2018,29,4,6,3
18/10/2018,14,17,3,1
18/10/2018,10,5,0,3
18/10/2018,1,21,3,5
18/10/2018,29,4,6,3
18/10/2018,14,17,3,1
19/10/2018,52,23,4,1
19/10/2018,16,53,1,4
19/10/2018,22,6,3,2
19/10/2018,26,2,2,7
19/10/2018,28,7,5,1
19/10/2018,52,23,4,1
19/10/2018,16,53,1,4
19/10/2018,22,6,3,2
19/10/2018,26,2,2,7
19/10/2018,28,7,5,1
19/10/2018,15,13,5,6
19/10/2018,15,13,5,6
20/10/2018,25,30,1,3
20/10/2018,20,18,3,5
20/10/2018,25,30,1,3
20/10/2018,20,18,3,5
20/10/2018,4,1,5,2
20/10/2018,12,21,1,3
20/10/2018,26,7,1,5
20/10/2018,52,53,5,3
20/10/2018,10,19,1,4
20/10/2018,9,8,4,3
20/10/2018,13,17,3,4
20/10/2018,29,16,1,4
20/10/2018,4,1,5,2
20/10/2018,12,21,1,3
20/10/2018,26,7,1,5
20/10/2018,52,53,5,3
20/10/2018,10,19,1,4
20/10/2018,9,8,4,3
20/10/2018,13,17,3,4
20/10/2018,29,16,1,4
21/10/2018,30,14,5,4
21/10/2018,23,6,2,1
21/10/2018,54,24,3,1
21/10/2018,22,18,0,3
21/10/2018,28,2,4,1
21/10/2018,30,14,5,4
21/10/2018,23,6,2,1
21/10/2018,54,24,3,1
21/10/2018,22,18,0,3
21/10/2018,28,2,4,1
21/10/2018,16,14,3,6
21/10/2018,3,20,1,4
21/10/2018,16,14,3,6
21/10/2018,3,20,1,4
22/10/2018,24,7,2,4
22/10/2018,24,7,2,4
22/10/2018,4,21,1,4
22/10/2018,17,12,1,3
22/10/2018,4,21,1,4
22/10/2018,17,12,1,3
23/10/2018,52,19,5,4
23/10/2018,23,15,2,5
23/10/2018,52,19,5,4
23/10/2018,23,15,2,5
23/10/2018,3,13,5,2
23/10/2018,29,53,1,4
23/10/2018,8,20,3,2
23/10/2018,9,6,1,4
23/10/2018,3,13,5,2
23/10/2018,29,53,1,4
23/10/2018,8,20,3,2
23/10/2018,9,6,1,4
24/10/2018,18,28,4,5
24/10/2018,16,24,3,1
24/10/2018,25,26,4,2
24/10/2018,22,5,5,6
24/10/2018,18,28,4,5
24/10/2018,16,24,3,1
24/10/2018,25,26,4,2
24/10/2018,22,5,5,6
24/10/2018,52,10,2,4
24/10/2018,2,13,2,3
24/10/2018,52,10,2,4
24/10/2018,2,13,2,3
25/10/2018,21,14,0,1
25/10/2018,54,23,2,3
25/10/2018,21,14,0,1
25/10/2018,54,23,2,3
25/10/2018,6,4,3,0
25/10/2018,7,8,4,3
25/10/2018,1,18,3,4
25/10/2018,6,4,3,0
25/10/2018,7,8,4,3
25/10/2018,1,18,3,4
26/10/2018,19,29,4,7
26/10/2018,30,26,4,1
26/10/2018,16,3,4,1
26/10/2018,25,24,5,2
26/10/2018,20,5,1,9
26/10/2018,22,15,4,1
26/10/2018,53,23,4,1
26/10/2018,19,29,4,7
26/10/2018,30,26,4,1
26/10/2018,16,3,4,1
26/10/2018,25,24,5,2
26/10/2018,20,5,1,9
26/10/2018,22,15,4,1
26/10/2018,53,23,4,1
26/10/2018,54,14,2,3
26/10/2018,17,52,1,2
26/10/2018,12,28,4,3
26/10/2018,54,14,2,3
26/10/2018,17,52,1,2
26/10/2018,12,28,4,3
27/10/2018,21,9,6,3
27/10/2018,21,9,6,3
27/10/2018,1,13,3,2
27/10/2018,4,2,1,6
27/10/2018,18,22,3,5
27/10/2018,20,15,3,4
27/10/2018,6,8,0,3
27/10/2018,10,52,3,2
27/10/2018,29,7,5,4
27/10/2018,1,13,3,2
27/10/2018,4,2,1,6
27/10/2018,18,22,3,5
27/10/2018,20,15,3,4
27/10/2018,6,8,0,3
27/10/2018,10,52,3,2
27/10/2018,29,7,5,4
28/10/2018,19,16,7,3
28/10/2018,30,21,3,2
28/10/2018,53,14,7,1
28/10/2018,23,5,0,5
28/10/2018,19,16,7,3
28/10/2018,30,21,3,2
28/10/2018,53,14,7,1
28/10/2018,23,5,0,5
28/10/2018,26,3,4,3
28/10/2018,17,25,4,2
28/10/2018,12,2,1,2
28/10/2018,16,22,1,2
28/10/2018,26,3,4,3
28/10/2018,17,25,4,2
28/10/2018,12,2,1,2
28/10/2018,16,22,1,2
29/10/2018,54,9,4,3
29/10/2018,24,28,3,4
29/10/2018,54,9,4,3
29/10/2018,24,28,3,4
29/10/2018,10,20,1,3
29/10/2018,10,20,1,3
30/10/2018,23,30,5,2
30/10/2018,23,30,5,2
30/10/2018,7,20,1,2
30/10/2018,5,2,3,6
30/10/2018,12,6,2,3
30/10/2018,29,17,3,5
30/10/2018,8,25,1,4
30/10/2018,14,1,8,3
30/10/2018,7,20,1,2
30/10/2018,5,2,3,6
30/10/2018,12,6,2,3
30/10/2018,29,17,3,5
30/10/2018,8,25,1,4
30/10/2018,14,1,8,3
31/10/2018,18,54,4,1
31/10/2018,22,30,3,4
31/10/2018,53,9,5,1
31/10/2018,24,4,2,3
31/10/2018,28,3,3,4
31/10/2018,18,54,4,1
31/10/2018,22,30,3,4
31/10/2018,53,9,5,1
31/10/2018,24,4,2,3
31/10/2018,28,3,3,4
01/11/2018,23,16,4,2
01/11/2018,23,16,4,2
01/11/2018,13,52,2,4
01/11/2018,10,25,1,2
01/11/2018,2,5,3,2
01/11/2018,8,15,6,4
01/11/2018,9,7,4,2
01/11/2018,17,1,4,3
01/11/2018,14,18,1,4
01/11/2018,13,52,2,4
01/11/2018,10,25,1,2
01/11/2018,2,5,3,2
01/11/2018,8,15,6,4
01/11/2018,9,7,4,2
01/11/2018,17,1,4,3
01/11/2018,14,18,1,4
02/11/2018,19,54,5,3
02/11/2018,20,21,6,5
02/11/2018,22,16,4,0
02/11/2018,24,3,2,3
02/11/2018,26,4,2,5
02/11/2018,28,29,1,4
02/11/2018,19,54,5,3
02/11/2018,20,21,6,5
02/11/2018,22,16,4,0
02/11/2018,24,3,2,3
02/11/2018,26,4,2,5
02/11/2018,28,29,1,4
02/11/2018,52,13,2,4
02/11/2018,52,13,2,4
03/11/2018,23,21,7,6
03/11/2018,53,12,4,3
03/11/2018,23,21,7,6
03/11/2018,53,12,4,3
03/11/2018,7,9,9,2
03/11/2018,8,14,1,4
03/11/2018,17,22,3,4
03/11/2018,2,1,3,0
03/11/2018,5,10,0,5
03/11/2018,15,25,3,4
03/11/2018,7,9,9,2
03/11/2018,8,14,1,4
03/11/2018,17,22,3,4
03/11/2018,2,1,3,0
03/11/2018,5,10,0,5
03/11/2018,15,25,3,4
04/11/2018,19,30,1,5
04/11/2018,18,6,1,0
04/11/2018,54,12,3,0
04/11/2018,20,16,5,3
04/11/2018,26,29,4,1
04/11/2018,28,4,4,3
04/11/2018,19,30,1,5
04/11/2018,18,6,1,0
04/11/2018,54,12,3,0
04/11/2018,20,16,5,3
04/11/2018,26,29,4,1
04/11/2018,28,4,4,3
05/11/2018,9,14,3,4
05/11/2018,3,7,3,1
05/11/2018,24,29,3,2
05/11/2018,9,14,3,4
05/11/2018,3,7,3,1
05/11/2018,24,29,3,2
06/11/2018,6,25,2,1
06/11/2018,2,8,3,4
06/11/2018,5,1,1,5
06/11/2018,15,22,4,2
06/11/2018,53,4,2,5
06/11/2018,6,25,2,1
06/11/2018,2,8,3,4
06/11/2018,5,1,1,5
06/11/2018,15,22,4,2
06/11/2018,53,4,2,5
07/11/2018,10,54,3,1
07/11/2018,3,8,5,3
07/11/2018,29,25,4,1
07/11/2018,9,1,7,3
07/11/2018,17,23,3,2
07/11/2018,14,22,5,2
07/11/2018,19,12,4,1
07/11/2018,26,24,4,1
07/11/2018,28,30,4,3
07/11/2018,10,54,3,1
07/11/2018,3,8,5,3
07/11/2018,29,25,4,1
07/11/2018,9,1,7,3
07/11/2018,17,23,3,2
07/11/2018,14,22,5,2
07/11/2018,19,12,4,1
07/11/2018,26,24,4,1
07/11/2018,28,30,4,3
08/11/2018,15,5,2,1
08/11/2018,21,18,1,4
08/11/2018,24,20,3,2
08/11/2018,15,5,2,1
08/11/2018,21,18,1,4
08/11/2018,24,20,3,2
09/11/2018,6,23,5,8
09/11/2018,13,22,4,1
09/11/2018,4,53,5,4
09/11/2018,8,7,5,6
09/11/2018,9,54,3,5
09/11/2018,14,2,4,2
09/11/2018,16,12,3,4
09/11/2018,25,28,4,3
09/11/2018,26,30,1,3
09/11/2018,6,23,5,8
09/11/2018,13,22,4,1
09/11/2018,4,53,5,4
09/11/2018,8,7,5,6
09/11/2018,9,54,3,5
09/11/2018,14,2,4,2
09/11/2018,16,12,3,4
09/11/2018,25,28,4,3
09/11/2018,26,30,1,3
10/11/2018,10,1,6,1
10/11/2018,15,29,1,2
10/11/2018,17,3,3,2
10/11/2018,19,28,4,0
10/11/2018,52,21,5,2
10/11/2018,24,30,1,5
10/11/2018,10,1,6,1
10/11/2018,15,29,1,2
10/11/2018,17,3,3,2
10/11/2018,19,28,4,0
10/11/2018,52,21,5,2
10/11/2018,24,30,1,5
10/11/2018,7,23,4,3
10/11/2018,4,16,4,0
10/11/2018,25,18,4,5
10/11/2018,7,23,4,3
10/11/2018,4,16,4,0
10/11/2018,25,18,4,5
11/11/2018,6,10,5,1
11/11/2018,8,54,5,4
11/11/2018,14,9,4,6
11/11/2018,13,2,4,2
11/11/2018,5,53,4,0
11/11/2018,12,17,3,4
11/11/2018,29,3,4,5
11/11/2018,26,20,0,1
11/11/2018,6,10,5,1
11/11/2018,8,54,5,4
11/11/2018,14,9,4,6
11/11/2018,13,2,4,2
11/11/2018,5,53,4,0
11/11/2018,12,17,3,4
11/11/2018,29,3,4,5
11/11/2018,26,20,0,1
11/11/2018,19,30,2,3
11/11/2018,13,9,5,1
11/11/2018,15,53,1,4
11/11/2018,19,30,2,3
11/11/2018,13,9,5,1
11/11/2018,15,53,1,4
12/11/2018,52,1,5,2
12/11/2018,6,54,4,1
12/11/2018,28,20,3,1
12/11/2018,22,21,1,4
12/11/2018,52,1,5,2
12/11/2018,6,54,4,1
12/11/2018,28,20,3,1
12/11/2018,22,21,1,4
13/11/2018,3,23,2,1
13/11/2018,12,16,3,2
13/11/2018,25,29,1,2
13/11/2018,24,18,2,1
13/11/2018,3,23,2,1
13/11/2018,12,16,3,2
13/11/2018,25,29,1,2
13/11/2018,24,18,2,1
14/11/2018,1,5,4,2
14/11/2018,2,23,5,2
14/11/2018,4,13,1,2
14/11/2018,7,14,2,1
14/11/2018,17,53,6,1
14/11/2018,30,15,2,5
14/11/2018,22,8,6,2
14/11/2018,26,10,1,5
14/11/2018,28,18,5,4
14/11/2018,1,5,4,2
14/11/2018,2,23,5,2
14/11/2018,4,13,1,2
14/11/2018,7,14,2,1
14/11/2018,17,53,6,1
14/11/2018,30,15,2,5
14/11/2018,22,8,6,2
14/11/2018,26,10,1,5
14/11/2018,28,18,5,4
15/11/2018,16,19,1,0
15/11/2018,52,15,3,1
15/11/2018,21,6,6,3
15/11/2018,54,24,5,0
15/11/2018,16,19,1,0
15/11/2018,52,15,3,1
15/11/2018,21,6,6,3
15/11/2018,54,24,5,0
16/11/2018,2,3,7,5
16/11/2018,4,1,0,3
16/11/2018,5,14,3,4
16/11/2018,29,13,7,3
16/11/2018,9,17,2,1
16/11/2018,30,23,6,2
16/11/2018,20,8,2,3
16/11/2018,53,18,2,1
16/11/2018,28,10,3,5
16/11/2018,2,3,7,5
16/11/2018,4,1,0,3
16/11/2018,5,14,3,4
16/11/2018,29,13,7,3
16/11/2018,9,17,2,1
16/11/2018,30,23,6,2
16/11/2018,20,8,2,3
16/11/2018,53,18,2,1
16/11/2018,28,10,3,5
17/11/2018,25,6,1,0
17/11/2018,52,7,1,2
17/11/2018,16,26,1,2
17/11/2018,21,15,2,3
17/11/2018,54,19,1,4
17/11/2018,24,10,1,2
17/11/2018,25,6,1,0
17/11/2018,52,7,1,2
17/11/2018,16,26,1,2
17/11/2018,21,15,2,3
17/11/2018,54,19,1,4
17/11/2018,24,10,1,2
17/11/2018,1,17,2,3
17/11/2018,4,14,5,6
17/11/2018,30,7,2,3
17/11/2018,1,17,2,3
17/11/2018,4,14,5,6
17/11/2018,30,7,2,3
18/11/2018,23,8,2,3
18/11/2018,9,5,6,4
18/11/2018,3,13,4,2
18/11/2018,12,29,1,4
18/11/2018,53,6,1,2
18/11/2018,18,26,5,3
18/11/2018,20,22,4,2
18/11/2018,28,19,4,0
18/11/2018,23,8,2,3
18/11/2018,9,5,6,4
18/11/2018,3,13,4,2
18/11/2018,12,29,1,4
18/11/2018,53,6,1,2
18/11/2018,18,26,5,3
18/11/2018,20,22,4,2
18/11/2018,28,19,4,0
18/11/2018,2,25,2,6
18/11/2018,12,1,2,1
18/11/2018,16,30,3,1
18/11/2018,2,25,2,6
18/11/2018,12,1,2,1
18/11/2018,16,30,3,1
19/11/2018,24,21,3,4
19/11/2018,22,54,3,6
19/11/2018,24,21,3,4
19/11/2018,22,54,3,6
20/11/2018,10,29,4,2
20/11/2018,3,25,2,1
20/11/2018,5,7,4,5
20/11/2018,8,15,4,5
20/11/2018,9,13,5,7
20/11/2018,19,26,0,2
20/11/2018,18,14,3,2
20/11/2018,20,54,7,2
20/11/2018,23,52,3,6
20/11/2018,10,29,4,2
20/11/2018,3,25,2,1
20/11/2018,5,7,4,5
20/11/2018,8,15,4,5
20/11/2018,9,13,5,7
20/11/2018,19,26,0,2
20/11/2018,18,14,3,2
20/11/2018,20,54,7,2
20/11/2018,23,52,3,6
21/11/2018,28,22,3,4
21/11/2018,28,22,3,4
22/11/2018,1,8,5,2
22/11/2018,3,2,5,0
22/11/2018,5,25,5,1
22/11/2018,15,16,4,2
22/11/2018,12,10,5,2
22/11/2018,7,4,5,2
22/11/2018,17,6,3,2
22/11/2018,14,13,7,3
22/11/2018,18,19,4,1
22/11/2018,30,9,6,4
22/11/2018,53,54,2,3
22/11/2018,24,23,4,3
22/11/2018,20,52,6,3
22/11/2018,26,21,3,7
22/11/2018,1,8,5,2
22/11/2018,3,2,5,0
22/11/2018,5,25,5,1
22/11/2018,15,16,4,2
22/11/2018,12,10,5,2
22/11/2018,7,4,5,2
22/11/2018,17,6,3,2
22/11/2018,14,13,7,3
22/11/2018,18,19,4,1
22/11/2018,30,9,6,4
22/11/2018,53,54,2,3
22/11/2018,24,23,4,3
22/11/2018,20,52,6,3
22/11/2018,26,21,3,7
23/11/2018,4,3,4,0
23/11/2018,24,22,2,1
23/11/2018,30,52,4,2
23/11/2018,7,8,3,2
23/11/2018,1,2,3,4
23/11/2018,15,17,3,1
23/11/2018,54,20,2,0
23/11/2018,4,3,4,0
23/11/2018,24,22,2,1
23/11/2018,30,52,4,2
23/11/2018,7,8,3,2
23/11/2018,1,2,3,4
23/11/2018,15,17,3,1
23/11/2018,54,20,2,0
24/11/2018,29,10,4,2
24/11/2018,6,5,2,1
24/11/2018,14,16,4,2
24/11/2018,12,13,4,1
24/11/2018,53,21,1,5
24/11/2018,19,18,6,2
24/11/2018,25,9,6,4
24/11/2018,28,23,4,0
24/11/2018,29,10,4,2
24/11/2018,6,5,2,1
24/11/2018,14,16,4,2
24/11/2018,12,13,4,1
24/11/2018,53,21,1,5
24/11/2018,19,18,6,2
24/11/2018,25,9,6,4
24/11/2018,28,23,4,0
24/11/2018,3,15,3,5
24/11/2018,3,15,3,5
25/11/2018,19,52,4,8
25/11/2018,10,4,6,0
25/11/2018,8,6,2,3
25/11/2018,17,7,2,3
25/11/2018,13,16,4,5
25/11/2018,2,12,4,1
25/11/2018,5,29,4,2
25/11/2018,21,25,3,2
25/11/2018,54,28,6,0
25/11/2018,26,23,2,4
25/11/2018,19,52,4,8
25/11/2018,10,4,6,0
25/11/2018,8,6,2,3
25/11/2018,17,7,2,3
25/11/2018,13,16,4,5
25/11/2018,2,12,4,1
25/11/2018,5,29,4,2
25/11/2018,21,25,3,2
25/11/2018,54,28,6,0
25/11/2018,26,23,2,4
25/11/2018,53,20,1,6
25/11/2018,53,20,1,6
26/11/2018,14,1,5,2
26/11/2018,18,24,5,2
26/11/2018,26,22,5,2
26/11/2018,14,1,5,2
26/11/2018,18,24,5,2
26/11/2018,26,22,5,2
27/11/2018,10,6,4,2
27/11/2018,13,1,4,3
27/11/2018,2,15,1,4
27/11/2018,3,9,4,2
27/11/2018,17,29,5,7
27/11/2018,10,6,4,2
27/11/2018,13,1,4,3
27/11/2018,2,15,1,4
27/11/2018,3,9,4,2
27/11/2018,17,29,5,7
28/11/2018,7,28,3,2
28/11/2018,4,9,3,4
28/11/2018,8,12,1,2
28/11/2018,14,24,1,3
28/11/2018,18,21,2,3
28/11/2018,30,53,3,4
28/11/2018,52,5,3,4
28/11/2018,16,54,3,8
28/11/2018,22,25,1,0
28/11/2018,23,26,1,2
28/11/2018,7,28,3,2
28/11/2018,4,9,3,4
28/11/2018,8,12,1,2
28/11/2018,14,24,1,3
28/11/2018,18,21,2,3
28/11/2018,30,53,3,4
28/11/2018,52,5,3,4
28/11/2018,16,54,3,8
28/11/2018,22,25,1,0
28/11/2018,23,26,1,2
29/11/2018,17,19,4,3
29/11/2018,13,24,2,3
29/11/2018,10,28,5,3
29/11/2018,20,25,3,4
29/11/2018,21,5,6,3
29/11/2018,17,19,4,3
29/11/2018,13,24,2,3
29/11/2018,10,28,5,3
29/11/2018,20,25,3,4
29/11/2018,21,5,6,3
30/11/2018,6,2,2,1
30/11/2018,29,30,4,2
30/11/2018,9,3,3,0
30/11/2018,14,7,5,4
30/11/2018,18,53,0,3
30/11/2018,52,16,6,5
30/11/2018,22,26,3,2
30/11/2018,23,54,3,4
30/11/2018,6,2,2,1
30/11/2018,29,30,4,2
30/11/2018,9,3,3,0
30/11/2018,14,7,5,4
30/11/2018,18,53,0,3
30/11/2018,52,16,6,5
30/11/2018,22,26,3,2
30/11/2018,23,54,3,4
01/12/2018,13,7,3,2
01/12/2018,15,1,6,3
01/12/2018,12,24,1,2
01/12/2018,21,19,2,3
01/12/2018,20,26,4,1
01/12/2018,13,7,3,2
01/12/2018,15,1,6,3
01/12/2018,12,24,1,2
01/12/2018,21,19,2,3
01/12/2018,20,26,4,1
01/12/2018,9,28,6,2
01/12/2018,23,25,1,2
01/12/2018,9,28,6,2
01/12/2018,23,25,1,2
02/12/2018,30,10,3,5
02/12/2018,6,17,2,4
02/12/2018,8,3,5,2
02/12/2018,13,14,4,5
02/12/2018,1,52,3,4
02/12/2018,2,29,3,2
02/12/2018,5,4,2,4
02/12/2018,53,19,6,1
02/12/2018,18,16,5,2
02/12/2018,22,54,2,1
02/12/2018,30,10,3,5
02/12/2018,6,17,2,4
02/12/2018,8,3,5,2
02/12/2018,13,14,4,5
02/12/2018,1,52,3,4
02/12/2018,2,29,3,2
02/12/2018,5,4,2,4
02/12/2018,53,19,6,1
02/12/2018,18,16,5,2
02/12/2018,22,54,2,1
02/12/2018,15,24,5,6
02/12/2018,3,52,3,4
02/12/2018,15,24,5,6
02/12/2018,3,52,3,4
03/12/2018,16,20,2,3
03/12/2018,8,28,1,3
03/12/2018,17,21,0,2
03/12/2018,26,12,2,0
03/12/2018,16,20,2,3
03/12/2018,8,28,1,3
03/12/2018,17,21,0,2
03/12/2018,26,12,2,0
04/12/2018,1,14,1,5
04/12/2018,18,7,2,1
04/12/2018,25,22,4,1
04/12/2018,1,14,1,5
04/12/2018,18,7,2,1
04/12/2018,25,22,4,1
05/12/2018,13,6,5,0
05/12/2018,2,52,1,3
05/12/2018,5,21,6,3
05/12/2018,29,20,6,9
05/12/2018,7,10,3,4
05/12/2018,8,9,5,2
05/12/2018,17,14,5,6
05/12/2018,23,30,2,3
05/12/2018,54,15,5,3
05/12/2018,26,53,1,2
05/12/2018,13,6,5,0
05/12/2018,2,52,1,3
05/12/2018,5,21,6,3
05/12/2018,29,20,6,9
05/12/2018,7,10,3,4
05/12/2018,8,9,5,2
05/12/2018,17,14,5,6
05/12/2018,23,30,2,3
05/12/2018,54,15,5,3
05/12/2018,26,53,1,2
06/12/2018,19,22,2,3
06/12/2018,24,16,4,2
06/12/2018,28,12,5,1
06/12/2018,19,22,2,3
06/12/2018,24,16,4,2
06/12/2018,28,12,5,1
07/12/2018,10,17,4,5
07/12/2018,13,21,2,5
07/12/2018,4,29,3,4
07/12/2018,5,2,6,2
07/12/2018,9,8,2,5
07/12/2018,14,6,3,2
07/12/2018,20,30,2,0
07/12/2018,53,15,2,4
07/12/2018,23,18,5,3
07/12/2018,54,16,4,3
07/12/2018,26,1,3,6
07/12/2018,10,17,4,5
07/12/2018,13,21,2,5
07/12/2018,4,29,3,4
07/12/2018,5,2,6,2
07/12/2018,9,8,2,5
07/12/2018,14,6,3,2
07/12/2018,20,30,2,0
07/12/2018,53,15,2,4
07/12/2018,23,18,5,3
07/12/2018,54,16,4,3
07/12/2018,26,1,3,6
08/12/2018,25,28,3,2
08/12/2018,52,19,0,1
08/12/2018,22,30,7,2
08/12/2018,24,12,1,4
08/12/2018,25,28,3,2
08/12/2018,52,19,0,1
08/12/2018,22,30,7,2
08/12/2018,24,12,1,4
08/12/2018,7,4,2,6
08/12/2018,26,54,5,1
08/12/2018,7,4,2,6
08/12/2018,26,54,5,1
09/12/2018,6,10,6,3
09/12/2018,9,5,2,1
09/12/2018,17,2,2,3
09/12/2018,14,21,7,1
09/12/2018,13,3,4,5
09/12/2018,29,15,0,4
09/12/2018,53,28,3,5
09/12/2018,20,18,5,2
09/12/2018,6,10,6,3
09/12/2018,9,5,2,1
09/12/2018,17,2,2,3
09/12/2018,14,21,7,1
09/12/2018,13,3,4,5
09/12/2018,29,15,0,4
09/12/2018,53,28,3,5
09/12/2018,20,18,5,2
09/12/2018,19,23,1,6
09/12/2018,52,4,7,1
09/12/2018,9,6,1,2
09/12/2018,16,8,2,3
09/12/2018,19,23,1,6
09/12/2018,52,4,7,1
09/12/2018,9,6,1,2
09/12/2018,16,8,2,3
10/12/2018,24,1,6,5
10/12/2018,54,25,4,2
10/12/2018,22,20,1,0
10/12/2018,24,1,6,5
10/12/2018,54,25,4,2
10/12/2018,22,20,1,0
11/12/2018,2,5,1,2
11/12/2018,17,26,3,1
11/12/2018,14,3,6,3
11/12/2018,28,1,5,2
11/12/2018,2,5,1,2
11/12/2018,17,26,3,1
11/12/2018,14,3,6,3
11/12/2018,28,1,5,2
12/12/2018,6,53,4,3
12/12/2018,7,26,4,3
12/12/2018,12,10,1,4
12/12/2018,29,23,2,3
12/12/2018,15,17,6,2
12/12/2018,19,13,4,3
12/12/2018,18,9,3,1
12/12/2018,30,8,7,1
12/12/2018,52,16,6,3
12/12/2018,21,22,4,6
12/12/2018,6,53,4,3
12/12/2018,7,26,4,3
12/12/2018,12,10,1,4
12/12/2018,29,23,2,3
12/12/2018,15,17,6,2
12/12/2018,19,13,4,3
12/12/2018,18,9,3,1
12/12/2018,30,8,7,1
12/12/2018,52,16,6,3
12/12/2018,21,22,4,6
13/12/2018,2,54,2,3
13/12/2018,16,5,6,3
13/12/2018,20,4,6,5
13/12/2018,24,25,6,3
13/12/2018,2,54,2,3
13/12/2018,16,5,6,3
13/12/2018,20,4,6,5
13/12/2018,24,25,6,3
14/12/2018,7,53,3,1
14/12/2018,29,26,4,1
14/12/2018,8,12,6,4
14/12/2018,14,10,4,1
14/12/2018,18,23,4,3
14/12/2018,30,13,5,1
14/12/2018,52,22,5,4
14/12/2018,28,25,3,2
14/12/2018,7,53,3,1
14/12/2018,29,26,4,1
14/12/2018,8,12,6,4
14/12/2018,14,10,4,1
14/12/2018,18,23,4,3
14/12/2018,30,13,5,1
14/12/2018,52,22,5,4
14/12/2018,28,25,3,2
15/12/2018,1,54,5,4
15/12/2018,3,53,3,4
15/12/2018,5,6,5,3
15/12/2018,17,9,2,4
15/12/2018,12,15,5,6
15/12/2018,19,21,4,3
15/12/2018,16,52,3,4
15/12/2018,22,4,4,1
15/12/2018,1,54,5,4
15/12/2018,3,53,3,4
15/12/2018,5,6,5,3
15/12/2018,17,9,2,4
15/12/2018,12,15,5,6
15/12/2018,19,21,4,3
15/12/2018,16,52,3,4
15/12/2018,22,4,4,1
15/12/2018,30,20,1,2
15/12/2018,30,20,1,2
16/12/2018,8,9,5,2
16/12/2018,13,10,4,3
16/12/2018,2,17,4,3
16/12/2018,5,26,4,3
16/12/2018,15,7,4,3
16/12/2018,29,24,1,2
16/12/2018,18,1,2,1
16/12/2018,21,25,6,4
16/12/2018,23,4,5,1
16/12/2018,8,9,5,2
16/12/2018,13,10,4,3
16/12/2018,2,17,4,3
16/12/2018,5,26,4,3
16/12/2018,15,7,4,3
16/12/2018,29,24,1,2
16/12/2018,18,1,2,1
16/12/2018,21,25,6,4
16/12/2018,23,4,5,1
16/12/2018,3,54,3,4
16/12/2018,12,53,3,0
16/12/2018,19,20,2,7
16/12/2018,6,7,2,4
16/12/2018,3,54,3,4
16/12/2018,12,53,3,0
16/12/2018,19,20,2,7
16/12/2018,6,7,2,4
17/12/2018,16,28,3,7
17/12/2018,52,14,5,4
17/12/2018,23,22,4,2
17/12/2018,16,28,3,7
17/12/2018,52,14,5,4
17/12/2018,23,22,4,2
18/12/2018,5,24,2,4
18/12/2018,29,54,1,0
18/12/2018,8,6,0,4
18/12/2018,9,18,4,3
18/12/2018,21,2,1,4
18/12/2018,5,24,2,4
18/12/2018,29,54,1,0
18/12/2018,8,6,0,4
18/12/2018,9,18,4,3
18/12/2018,21,2,1,4
19/12/2018,7,13,2,5
19/12/2018,1,10,2,7
19/12/2018,3,24,3,1
19/12/2018,4,17,3,2
19/12/2018,30,28,0,4
19/12/2018,16,18,2,1
19/12/2018,25,20,2,0
19/12/2018,22,19,1,4
19/12/2018,53,2,1,3
19/12/2018,23,14,2,5
19/12/2018,26,52,4,1
19/12/2018,7,13,2,5
19/12/2018,1,10,2,7
19/12/2018,3,24,3,1
19/12/2018,4,17,3,2
19/12/2018,30,28,0,4
19/12/2018,16,18,2,1
19/12/2018,25,20,2,0
19/12/2018,22,19,1,4
19/12/2018,53,2,1,3
19/12/2018,23,14,2,5
19/12/2018,26,52,4,1
20/12/2018,15,5,1,2
20/12/2018,21,8,2,1
20/12/2018,15,5,1,2
20/12/2018,21,8,2,1
21/12/2018,6,24,3,1
21/12/2018,10,13,6,1
21/12/2018,4,18,2,1
21/12/2018,5,30,2,1
21/12/2018,12,17,1,4
21/12/2018,29,1,2,1
21/12/2018,25,16,2,5
21/12/2018,20,14,4,5
21/12/2018,53,8,1,2
21/12/2018,23,19,5,1
21/12/2018,54,2,4,2
21/12/2018,28,52,3,5
21/12/2018,6,24,3,1
21/12/2018,10,13,6,1
21/12/2018,4,18,2,1
21/12/2018,5,30,2,1
21/12/2018,12,17,1,4
21/12/2018,29,1,2,1
21/12/2018,25,16,2,5
21/12/2018,20,14,4,5
21/12/2018,53,8,1,2
21/12/2018,23,19,5,1
21/12/2018,54,2,4,2
21/12/2018,28,52,3,5
22/12/2018,1,9,5,2
22/12/2018,15,7,2,1
22/12/2018,21,16,1,2
22/12/2018,1,9,5,2
22/12/2018,15,7,2,1
22/12/2018,21,16,1,2
22/12/2018,6,18,5,2
22/12/2018,4,29,3,4
22/12/2018,17,13,1,2
22/12/2018,54,8,3,4
22/12/2018,28,26,2,3
22/12/2018,20,19,1,3
22/12/2018,6,18,5,2
22/12/2018,4,29,3,4
22/12/2018,17,13,1,2
22/12/2018,54,8,3,4
22/12/2018,28,26,2,3
22/12/2018,20,19,1,3
23/12/2018,53,21,6,4
23/12/2018,7,24,3,0
23/12/2018,10,3,5,3
23/12/2018,9,15,0,4
23/12/2018,12,5,0,3
23/12/2018,30,25,1,2
23/12/2018,23,52,0,1
23/12/2018,22,14,3,6
23/12/2018,53,21,6,4
23/12/2018,7,24,3,0
23/12/2018,10,3,5,3
23/12/2018,9,15,0,4
23/12/2018,12,5,0,3
23/12/2018,30,25,1,2
23/12/2018,23,52,0,1
23/12/2018,22,14,3,6
23/12/2018,1,29,0,3
23/12/2018,12,6,5,3
23/12/2018,1,29,0,3
23/12/2018,12,6,5,3
24/12/2018,16,13,3,6
24/12/2018,3,4,2,3
24/12/2018,10,17,5,4
24/12/2018,54,26,3,4
24/12/2018,28,53,3,4
24/12/2018,25,2,1,3
24/12/2018,16,13,3,6
24/12/2018,3,4,2,3
24/12/2018,10,17,5,4
24/12/2018,54,26,3,4
24/12/2018,28,53,3,4
24/12/2018,25,2,1,3
28/12/2018,6,1,2,5
28/12/2018,3,29,3,4
28/12/2018,5,17,5,2
28/12/2018,15,12,3,1
28/12/2018,14,4,6,5
28/12/2018,19,7,4,1
28/12/2018,18,25,0,2
28/12/2018,52,20,1,4
28/12/2018,16,30,5,2
28/12/2018,22,23,2,4
28/12/2018,54,21,2,1
28/12/2018,26,53,2,1
28/12/2018,28,24,4,2
28/12/2018,6,1,2,5
28/12/2018,3,29,3,4
28/12/2018,5,17,5,2
28/12/2018,15,12,3,1
28/12/2018,14,4,6,5
28/12/2018,19,7,4,1
28/12/2018,18,25,0,2
28/12/2018,52,20,1,4
28/12/2018,16,30,5,2
28/12/2018,22,23,2,4
28/12/2018,54,21,2,1
28/12/2018,26,53,2,1
28/12/2018,28,24,4,2
29/12/2018,13,8,3,5
29/12/2018,2,9,6,3
29/12/2018,29,10,2,4
29/12/2018,13,8,3,5
29/12/2018,2,9,6,3
29/12/2018,29,10,2,4
29/12/2018,1,12,2,0
29/12/2018,26,54,1,4
29/12/2018,22,28,4,7
29/12/2018,52,30,1,3
29/12/2018,1,12,2,0
29/12/2018,26,54,1,4
29/12/2018,22,28,4,7
29/12/2018,52,30,1,3
30/12/2018,7,6,2,3
30/12/2018,10,2,0,4
30/12/2018,9,15,2,3
30/12/2018,14,8,6,5
30/12/2018,13,4,2,1
30/12/2018,19,5,1,6
30/12/2018,18,3,3,4
30/12/2018,25,17,5,1
30/12/2018,21,16,2,3
30/12/2018,24,53,4,5
30/12/2018,20,23,2,3
30/12/2018,7,6,2,3
30/12/2018,10,2,0,4
30/12/2018,9,15,2,3
30/12/2018,14,8,6,5
30/12/2018,13,4,2,1
30/12/2018,19,5,1,6
30/12/2018,18,3,3,4
30/12/2018,25,17,5,1
30/12/2018,21,16,2,3
30/12/2018,24,53,4,5
30/12/2018,20,23,2,3
31/12/2018,53,54,1,5
31/12/2018,53,54,1,5
31/12/2018,15,18,3,6
31/12/2018,1,23,4,0
31/12/2018,30,5,2,3
31/12/2018,7,2,1,3
31/12/2018,12,4,3,1
31/12/2018,15,18,3,6
31/12/2018,1,23,4,0
31/12/2018,30,5,2,3
31/12/2018,7,2,1,3
31/12/2018,12,4,3,1
01/01/2019,19,3,1,2
01/01/2019,29,9,6,3
01/01/2019,17,13,3,4
01/01/2019,24,14,1,2
01/01/2019,21,26,2,3
01/01/2019,25,8,2,3
01/01/2019,20,28,8,5
01/01/2019,22,52,3,4
01/01/2019,19,3,1,2
01/01/2019,29,9,6,3
01/01/2019,17,13,3,4
01/01/2019,24,14,1,2
01/01/2019,21,26,2,3
01/01/2019,25,8,2,3
01/01/2019,20,28,8,5
01/01/2019,22,52,3,4
01/01/2019,16,6,2,4
01/01/2019,16,6,2,4
02/01/2019,18,4,4,0
02/01/2019,54,26,2,0
02/01/2019,18,4,4,0
02/01/2019,54,26,2,0
03/01/2019,9,23,3,4
03/01/2019,17,20,3,5
03/01/2019,3,5,2,7
03/01/2019,25,1,5,4
03/01/2019,21,28,4,5
03/01/2019,53,22,1,3
03/01/2019,9,23,3,4
03/01/2019,17,20,3,5
03/01/2019,3,5,2,7
03/01/2019,25,1,5,4
03/01/2019,21,28,4,5
03/01/2019,53,22,1,3
03/01/2019,10,30,3,4
03/01/2019,10,30,3,4
04/01/2019,6,20,6,4
04/01/2019,7,13,4,3
04/01/2019,4,12,3,5
04/01/2019,2,16,3,2
04/01/2019,8,23,2,0
04/01/2019,19,15,5,2
04/01/2019,26,14,2,6
04/01/2019,6,20,6,4
04/01/2019,7,13,4,3
04/01/2019,4,12,3,5
04/01/2019,2,16,3,2
04/01/2019,8,23,2,0
04/01/2019,19,15,5,2
04/01/2019,26,14,2,6
05/01/2019,5,52,4,0
05/01/2019,17,18,4,3
05/01/2019,12,29,4,2
05/01/2019,25,15,2,1
05/01/2019,21,3,6,1
05/01/2019,53,1,2,3
05/01/2019,24,54,2,3
05/01/2019,5,52,4,0
05/01/2019,17,18,4,3
05/01/2019,12,29,4,2
05/01/2019,25,15,2,1
05/01/2019,21,3,6,1
05/01/2019,53,1,2,3
05/01/2019,24,54,2,3
05/01/2019,4,20,2,3
05/01/2019,9,30,3,4
05/01/2019,4,20,2,3
05/01/2019,9,30,3,4
06/01/2019,6,7,2,1
06/01/2019,10,23,5,0
06/01/2019,8,18,1,4
06/01/2019,13,29,3,4
06/01/2019,19,2,3,4
06/01/2019,26,22,4,0
06/01/2019,28,14,5,2
06/01/2019,6,7,2,1
06/01/2019,10,23,5,0
06/01/2019,8,18,1,4
06/01/2019,13,29,3,4
06/01/2019,19,2,3,4
06/01/2019,26,22,4,0
06/01/2019,28,14,5,2
06/01/2019,9,12,4,5
06/01/2019,54,1,3,2
06/01/2019,53,3,5,0
06/01/2019,52,25,5,1
06/01/2019,17,15,2,3
06/01/2019,9,12,4,5
06/01/2019,54,1,3,2
06/01/2019,53,3,5,0
06/01/2019,52,25,5,1
06/01/2019,17,15,2,3
07/01/2019,24,22,0,4
07/01/2019,5,16,3,5
07/01/2019,24,22,0,4
07/01/2019,5,16,3,5
08/01/2019,10,18,0,4
08/01/2019,4,19,0,3
08/01/2019,8,30,0,1
08/01/2019,16,20,3,4
08/01/2019,28,26,3,1
08/01/2019,10,18,0,4
08/01/2019,4,19,0,3
08/01/2019,8,30,0,1
08/01/2019,16,20,3,4
08/01/2019,28,26,3,1
09/01/2019,6,30,4,0
09/01/2019,7,1,5,1
09/01/2019,2,12,3,4
09/01/2019,5,13,5,1
09/01/2019,15,4,5,3
09/01/2019,17,8,2,3
09/01/2019,14,29,4,0
09/01/2019,19,25,1,3
09/01/2019,52,21,7,4
09/01/2019,54,3,4,2
09/01/2019,28,22,7,2
09/01/2019,6,30,4,0
09/01/2019,7,1,5,1
09/01/2019,2,12,3,4
09/01/2019,5,13,5,1
09/01/2019,15,4,5,3
09/01/2019,17,8,2,3
09/01/2019,14,29,4,0
09/01/2019,19,25,1,3
09/01/2019,52,21,7,4
09/01/2019,54,3,4,2
09/01/2019,28,22,7,2
10/01/2019,16,18,3,4
10/01/2019,20,21,5,3
10/01/2019,24,9,1,2
10/01/2019,16,18,3,4
10/01/2019,20,21,5,3
10/01/2019,24,9,1,2
11/01/2019,6,15,2,4
11/01/2019,1,10,2,4
11/01/2019,3,2,3,4
11/01/2019,4,25,2,1
11/01/2019,29,18,4,3
11/01/2019,14,12,3,1
11/01/2019,19,8,4,1
11/01/2019,30,52,3,2
11/01/2019,22,13,4,3
11/01/2019,23,53,3,4
11/01/2019,54,28,2,3
11/01/2019,26,9,1,4
11/01/2019,6,15,2,4
11/01/2019,1,10,2,4
11/01/2019,3,2,3,4
11/01/2019,4,25,2,1
11/01/2019,29,18,4,3
11/01/2019,14,12,3,1
11/01/2019,19,8,4,1
11/01/2019,30,52,3,2
11/01/2019,22,13,4,3
11/01/2019,23,53,3,4
11/01/2019,54,28,2,3
11/01/2019,26,9,1,4
12/01/2019,12,7,4,3
12/01/2019,52,17,4,2
12/01/2019,20,13,4,3
12/01/2019,24,5,4,7
12/01/2019,12,7,4,3
12/01/2019,52,17,4,2
12/01/2019,20,13,4,3
12/01/2019,24,5,4,7
12/01/2019,1,4,3,2
12/01/2019,2,3,1,2
12/01/2019,1,4,3,2
12/01/2019,2,3,1,2
13/01/2019,7,14,3,5
13/01/2019,10,6,2,3
13/01/2019,8,21,3,0
13/01/2019,15,29,1,2
13/01/2019,30,17,2,5
13/01/2019,16,54,3,4
13/01/2019,25,19,1,3
13/01/2019,28,9,4,1
13/01/2019,22,53,2,3
13/01/2019,26,5,5,2
13/01/2019,7,14,3,5
13/01/2019,10,6,2,3
13/01/2019,8,21,3,0
13/01/2019,15,29,1,2
13/01/2019,30,17,2,5
13/01/2019,16,54,3,4
13/01/2019,25,19,1,3
13/01/2019,28,9,4,1
13/01/2019,22,53,2,3
13/01/2019,26,5,5,2
13/01/2019,12,18,6,3
13/01/2019,52,24,4,3
13/01/2019,29,3,7,5
13/01/2019,12,18,6,3
13/01/2019,52,24,4,3
13/01/2019,29,3,7,5
14/01/2019,23,13,5,1
14/01/2019,2,14,5,1
14/01/2019,20,53,7,1
14/01/2019,23,13,5,1
14/01/2019,2,14,5,1
14/01/2019,20,53,7,1
15/01/2019,10,21,3,6
15/01/2019,1,16,8,5
15/01/2019,4,30,7,4
15/01/2019,15,19,1,4
15/01/2019,6,8,2,3
15/01/2019,22,7,7,2
15/01/2019,10,21,3,6
15/01/2019,1,16,8,5
15/01/2019,4,30,7,4
15/01/2019,15,19,1,4
15/01/2019,6,8,2,3
15/01/2019,22,7,7,2
16/01/2019,2,19,2,1
16/01/2019,3,12,6,2
16/01/2019,29,1,4,1
16/01/2019,8,13,5,1
16/01/2019,17,24,3,1
16/01/2019,18,15,7,2
16/01/2019,30,26,3,2
16/01/2019,52,54,4,1
16/01/2019,25,14,0,2
16/01/2019,28,5,5,2
16/01/2019,2,19,2,1
16/01/2019,3,12,6,2
16/01/2019,29,1,4,1
16/01/2019,8,13,5,1
16/01/2019,17,24,3,1
16/01/2019,18,15,7,2
16/01/2019,30,26,3,2
16/01/2019,52,54,4,1
16/01/2019,25,14,0,2
16/01/2019,28,5,5,2
17/01/2019,9,21,5,2
17/01/2019,4,6,4,3
17/01/2019,20,7,3,4
17/01/2019,23,22,2,3
17/01/2019,53,28,6,3
17/01/2019,9,21,5,2
17/01/2019,4,6,4,3
17/01/2019,20,7,3,4
17/01/2019,23,22,2,3
17/01/2019,53,28,6,3
18/01/2019,6,19,5,2
18/01/2019,2,1,4,1
18/01/2019,3,16,4,3
18/01/2019,14,10,2,4
18/01/2019,18,52,1,5
18/01/2019,30,24,0,3
18/01/2019,25,26,1,2
18/01/2019,6,19,5,2
18/01/2019,2,1,4,1
18/01/2019,3,16,4,3
18/01/2019,14,10,2,4
18/01/2019,18,52,1,5
18/01/2019,30,24,0,3
18/01/2019,25,26,1,2
19/01/2019,13,10,3,1
19/01/2019,29,8,1,4
19/01/2019,15,2,0,2
19/01/2019,12,9,1,4
19/01/2019,20,17,6,4
19/01/2019,53,5,2,3
19/01/2019,23,7,4,3
19/01/2019,13,10,3,1
19/01/2019,29,8,1,4
19/01/2019,15,2,0,2
19/01/2019,12,9,1,4
19/01/2019,20,17,6,4
19/01/2019,53,5,2,3
19/01/2019,23,7,4,3
19/01/2019,1,24,2,3
19/01/2019,21,26,7,1
19/01/2019,1,24,2,3
19/01/2019,21,26,7,1
20/01/2019,19,9,3,2
20/01/2019,25,52,4,2
20/01/2019,6,3,2,3
20/01/2019,8,4,2,5
20/01/2019,14,28,6,3
20/01/2019,18,13,2,4
20/01/2019,30,29,2,1
20/01/2019,54,5,7,3
20/01/2019,22,20,2,5
20/01/2019,19,9,3,2
20/01/2019,25,52,4,2
20/01/2019,6,3,2,3
20/01/2019,8,4,2,5
20/01/2019,14,28,6,3
20/01/2019,18,13,2,4
20/01/2019,30,29,2,1
20/01/2019,54,5,7,3
20/01/2019,22,20,2,5
20/01/2019,16,15,8,5
20/01/2019,2,24,3,0
20/01/2019,23,17,3,2
20/01/2019,16,15,8,5
20/01/2019,2,24,3,0
20/01/2019,23,17,3,2
21/01/2019,10,53,2,4
21/01/2019,22,12,4,7
21/01/2019,10,53,2,4
21/01/2019,22,12,4,7
21/01/2019,21,18,1,4
21/01/2019,26,19,4,3
21/01/2019,54,30,2,4
21/01/2019,21,18,1,4
21/01/2019,26,19,4,3
21/01/2019,54,30,2,4
22/01/2019,13,28,6,2
22/01/2019,13,28,6,2
23/01/2019,15,28,6,7
23/01/2019,9,53,2,3
23/01/2019,16,2,3,2
23/01/2019,20,12,3,2
23/01/2019,22,17,2,3
23/01/2019,15,28,6,7
23/01/2019,9,53,2,3
23/01/2019,16,2,3,2
23/01/2019,20,12,3,2
23/01/2019,22,17,2,3
24/01/2019,10,15,6,3
24/01/2019,8,53,2,1
24/01/2019,21,30,2,5
24/01/2019,54,18,1,2
24/01/2019,24,19,1,5
24/01/2019,23,12,2,5
24/01/2019,10,15,6,3
24/01/2019,8,53,2,1
24/01/2019,21,30,2,5
24/01/2019,54,18,1,2
24/01/2019,24,19,1,5
24/01/2019,23,12,2,5
27/01/2019,87,88,4,7
27/01/2019,89,88,5,10
27/01/2019,87,88,4,7
27/01/2019,89,88,5,10
29/01/2019,4,52,3,1
29/01/2019,5,1,3,6
29/01/2019,4,52,3,1
29/01/2019,5,1,3,6
30/01/2019,6,52,3,4
30/01/2019,29,7,4,5
30/01/2019,3,4,0,1
30/01/2019,6,52,3,4
30/01/2019,29,7,4,5
30/01/2019,3,4,0,1
31/01/2019,5,14,4,2
31/01/2019,25,7,1,0
31/01/2019,5,14,4,2
31/01/2019,25,7,1,0
01/02/2019,6,4,2,3
01/02/2019,1,3,3,4
01/02/2019,52,29,4,3
01/02/2019,6,4,2,3
01/02/2019,1,3,3,4
01/02/2019,52,29,4,3
02/02/2019,7,16,3,7
02/02/2019,13,18,1,4
02/02/2019,2,14,0,1
02/02/2019,5,9,5,3
02/02/2019,15,20,4,3
02/02/2019,17,10,3,2
02/02/2019,12,54,5,2
02/02/2019,25,30,3,1
02/02/2019,7,16,3,7
02/02/2019,13,18,1,4
02/02/2019,2,14,0,1
02/02/2019,5,9,5,3
02/02/2019,15,20,4,3
02/02/2019,17,10,3,2
02/02/2019,12,54,5,2
02/02/2019,25,30,3,1
02/02/2019,4,22,5,4
02/02/2019,8,1,2,3
02/02/2019,4,22,5,4
02/02/2019,8,1,2,3
03/02/2019,52,24,9,3
03/02/2019,10,5,3,2
03/02/2019,9,17,0,2
03/02/2019,13,54,3,1
03/02/2019,2,26,4,2
03/02/2019,29,19,2,4
03/02/2019,18,25,1,3
03/02/2019,30,16,3,4
03/02/2019,3,14,2,3
03/02/2019,21,23,1,5
03/02/2019,28,53,3,2
03/02/2019,52,24,9,3
03/02/2019,10,5,3,2
03/02/2019,9,17,0,2
03/02/2019,13,54,3,1
03/02/2019,2,26,4,2
03/02/2019,29,19,2,4
03/02/2019,18,25,1,3
03/02/2019,30,16,3,4
03/02/2019,3,14,2,3
03/02/2019,21,23,1,5
03/02/2019,28,53,3,2
03/02/2019,15,6,0,1
03/02/2019,8,22,4,3
03/02/2019,12,20,3,4
03/02/2019,15,6,0,1
03/02/2019,8,22,4,3
03/02/2019,12,20,3,4
05/02/2019,10,24,6,1
05/02/2019,3,26,3,4
05/02/2019,4,23,2,1
05/02/2019,25,53,5,4
05/02/2019,10,24,6,1
05/02/2019,3,26,3,4
05/02/2019,4,23,2,1
05/02/2019,25,53,5,4
06/02/2019,6,2,3,1
06/02/2019,7,30,5,4
06/02/2019,13,19,2,3
06/02/2019,1,26,1,5
06/02/2019,5,12,0,4
06/02/2019,15,23,3,2
06/02/2019,8,24,4,1
06/02/2019,14,54,2,3
06/02/2019,18,53,5,2
06/02/2019,52,28,2,3
06/02/2019,21,29,3,6
06/02/2019,22,16,2,6
06/02/2019,6,2,3,1
06/02/2019,7,30,5,4
06/02/2019,13,19,2,3
06/02/2019,1,26,1,5
06/02/2019,5,12,0,4
06/02/2019,15,23,3,2
06/02/2019,8,24,4,1
06/02/2019,14,54,2,3
06/02/2019,18,53,5,2
06/02/2019,52,28,2,3
06/02/2019,21,29,3,6
06/02/2019,22,16,2,6
07/02/2019,10,9,5,4
07/02/2019,3,6,4,3
07/02/2019,10,9,5,4
07/02/2019,3,6,4,3
08/02/2019,7,12,5,6
08/02/2019,13,5,3,2
08/02/2019,1,2,1,2
08/02/2019,4,26,2,3
08/02/2019,15,21,4,3
08/02/2019,8,52,5,2
08/02/2019,9,24,4,0
08/02/2019,17,54,3,4
08/02/2019,14,19,0,1
08/02/2019,18,25,3,2
08/02/2019,30,22,1,4
08/02/2019,16,23,4,3
08/02/2019,20,28,2,5
08/02/2019,53,29,2,4
08/02/2019,7,12,5,6
08/02/2019,13,5,3,2
08/02/2019,1,2,1,2
08/02/2019,4,26,2,3
08/02/2019,15,21,4,3
08/02/2019,8,52,5,2
08/02/2019,9,24,4,0
08/02/2019,17,54,3,4
08/02/2019,14,19,0,1
08/02/2019,18,25,3,2
08/02/2019,30,22,1,4
08/02/2019,16,23,4,3
08/02/2019,20,28,2,5
08/02/2019,53,29,2,4
09/02/2019,3,12,0,3
09/02/2019,3,12,0,3
09/02/2019,6,26,5,4
09/02/2019,7,17,3,1
09/02/2019,1,30,2,4
09/02/2019,2,21,4,3
09/02/2019,4,24,6,2
09/02/2019,19,18,3,2
09/02/2019,9,52,5,2
09/02/2019,53,25,3,2
09/02/2019,6,26,5,4
09/02/2019,7,17,3,1
09/02/2019,1,30,2,4
09/02/2019,2,21,4,3
09/02/2019,4,24,6,2
09/02/2019,19,18,3,2
09/02/2019,9,52,5,2
09/02/2019,53,25,3,2
10/02/2019,22,28,2,5
10/02/2019,8,10,3,4
10/02/2019,14,5,5,4
10/02/2019,15,13,4,5
10/02/2019,23,20,4,3
10/02/2019,54,29,3,4
10/02/2019,22,28,2,5
10/02/2019,8,10,3,4
10/02/2019,14,5,5,4
10/02/2019,15,13,4,5
10/02/2019,23,20,4,3
10/02/2019,54,29,3,4
10/02/2019,18,19,4,5
10/02/2019,16,17,5,2
10/02/2019,6,21,2,1
10/02/2019,7,52,1,3
10/02/2019,1,12,3,2
10/02/2019,2,30,2,1
10/02/2019,13,14,2,5
10/02/2019,18,19,4,5
10/02/2019,16,17,5,2
10/02/2019,6,21,2,1
10/02/2019,7,52,1,3
10/02/2019,1,12,3,2
10/02/2019,2,30,2,1
10/02/2019,13,14,2,5
11/02/2019,3,10,4,1
11/02/2019,3,10,4,1
12/02/2019,4,5,1,4
12/02/2019,15,26,6,4
12/02/2019,23,28,2,7
12/02/2019,4,5,1,4
12/02/2019,15,26,6,4
12/02/2019,23,28,2,7
13/02/2019,6,16,6,3
13/02/2019,7,2,3,1
13/02/2019,13,25,0,3
13/02/2019,29,15,3,0
13/02/2019,9,12,1,4
13/02/2019,14,20,6,3
13/02/2019,19,1,8,3
13/02/2019,18,17,2,3
13/02/2019,30,4,4,5
13/02/2019,52,3,4,3
13/02/2019,21,10,2,5
13/02/2019,54,53,2,5
13/02/2019,6,16,6,3
13/02/2019,7,2,3,1
13/02/2019,13,25,0,3
13/02/2019,29,15,3,0
13/02/2019,9,12,1,4
13/02/2019,14,20,6,3
13/02/2019,19,1,8,3
13/02/2019,18,17,2,3
13/02/2019,30,4,4,5
13/02/2019,52,3,4,3
13/02/2019,21,10,2,5
13/02/2019,54,53,2,5
14/02/2019,5,22,3,1
14/02/2019,24,23,1,0
14/02/2019,5,22,3,1
14/02/2019,24,23,1,0
15/02/2019,13,20,3,2
15/02/2019,29,2,0,3
15/02/2019,17,9,3,2
15/02/2019,14,25,6,0
15/02/2019,18,8,3,1
15/02/2019,52,21,1,4
15/02/2019,16,1,5,2
15/02/2019,53,19,0,4
15/02/2019,54,10,3,6
15/02/2019,26,23,3,4
15/02/2019,28,15,1,5
15/02/2019,13,20,3,2
15/02/2019,29,2,0,3
15/02/2019,17,9,3,2
15/02/2019,14,25,6,0
15/02/2019,18,8,3,1
15/02/2019,52,21,1,4
15/02/2019,16,1,5,2
15/02/2019,53,19,0,4
15/02/2019,54,10,3,6
15/02/2019,26,23,3,4
15/02/2019,28,15,1,5
16/02/2019,7,3,2,6
16/02/2019,12,22,3,1
16/02/2019,30,1,4,5
16/02/2019,24,6,0,3
16/02/2019,7,3,2,6
16/02/2019,12,22,3,1
16/02/2019,30,1,4,5
16/02/2019,24,6,0,3
16/02/2019,4,17,6,5
16/02/2019,5,20,4,5
16/02/2019,21,19,0,3
16/02/2019,4,17,6,5
16/02/2019,5,20,4,5
16/02/2019,21,19,0,3
17/02/2019,53,10,2,0
17/02/2019,52,9,3,4
17/02/2019,14,8,3,0
17/02/2019,2,22,5,2
17/02/2019,12,25,3,0
17/02/2019,16,29,2,5
17/02/2019,54,18,5,1
17/02/2019,28,23,3,2
17/02/2019,26,6,2,4
17/02/2019,53,10,2,0
17/02/2019,52,9,3,4
17/02/2019,14,8,3,0
17/02/2019,2,22,5,2
17/02/2019,12,25,3,0
17/02/2019,16,29,2,5
17/02/2019,54,18,5,1
17/02/2019,28,23,3,2
17/02/2019,26,6,2,4
17/02/2019,5,3,6,5
17/02/2019,30,19,0,4
17/02/2019,1,7,4,1
17/02/2019,17,4,1,3
17/02/2019,5,3,6,5
17/02/2019,30,19,0,4
17/02/2019,1,7,4,1
17/02/2019,17,4,1,3
18/02/2019,13,8,6,3
18/02/2019,24,15,5,2
18/02/2019,13,8,6,3
18/02/2019,24,15,5,2
18/02/2019,20,53,5,2
18/02/2019,20,53,5,2
19/02/2019,29,14,1,5
19/02/2019,16,9,8,7
19/02/2019,21,54,3,0
19/02/2019,28,6,5,6
19/02/2019,26,15,2,3
19/02/2019,29,14,1,5
19/02/2019,16,9,8,7
19/02/2019,21,54,3,0
19/02/2019,28,6,5,6
19/02/2019,26,15,2,3
20/02/2019,13,7,4,2
20/02/2019,1,5,3,4
20/02/2019,4,14,2,5
20/02/2019,12,3,1,2
20/02/2019,8,29,3,2
20/02/2019,19,10,3,2
20/02/2019,30,24,0,4
20/02/2019,25,18,3,5
20/02/2019,22,53,2,3
20/02/2019,13,7,4,2
20/02/2019,1,5,3,4
20/02/2019,4,14,2,5
20/02/2019,12,3,1,2
20/02/2019,8,29,3,2
20/02/2019,19,10,3,2
20/02/2019,30,24,0,4
20/02/2019,25,18,3,5
20/02/2019,22,53,2,3
21/02/2019,17,16,4,5
21/02/2019,21,52,7,1
21/02/2019,20,2,4,2
21/02/2019,54,6,2,3
21/02/2019,17,16,4,5
21/02/2019,21,52,7,1
21/02/2019,20,2,4,2
21/02/2019,54,6,2,3
22/02/2019,10,15,2,3
22/02/2019,13,12,3,4
22/02/2019,1,9,4,0
22/02/2019,3,30,1,4
22/02/2019,5,28,0,4
22/02/2019,8,4,5,1
22/02/2019,14,7,2,1
22/02/2019,18,26,2,1
22/02/2019,25,19,5,2
22/02/2019,22,2,4,3
22/02/2019,23,53,2,3
22/02/2019,10,15,2,3
22/02/2019,13,12,3,4
22/02/2019,1,9,4,0
22/02/2019,3,30,1,4
22/02/2019,5,28,0,4
22/02/2019,8,4,5,1
22/02/2019,14,7,2,1
22/02/2019,18,26,2,1
22/02/2019,25,19,5,2
22/02/2019,22,2,4,3
22/02/2019,23,53,2,3
23/02/2019,9,29,0,3
23/02/2019,16,21,3,5
23/02/2019,17,30,2,3
23/02/2019,20,24,2,1
23/02/2019,54,52,3,6
23/02/2019,9,29,0,3
23/02/2019,16,21,3,5
23/02/2019,17,30,2,3
23/02/2019,20,24,2,1
23/02/2019,54,52,3,6
23/02/2019,7,15,5,2
23/02/2019,3,1,5,2
23/02/2019,19,6,2,1
23/02/2019,25,12,0,3
23/02/2019,13,26,6,1
23/02/2019,29,28,4,0
23/02/2019,18,21,0,5
23/02/2019,7,15,5,2
23/02/2019,3,1,5,2
23/02/2019,19,6,2,1
23/02/2019,25,12,0,3
23/02/2019,13,26,6,1
23/02/2019,29,28,4,0
23/02/2019,18,21,0,5
24/02/2019,10,8,6,3
24/02/2019,4,5,4,3
24/02/2019,23,2,0,4
24/02/2019,22,24,2,1
24/02/2019,10,8,6,3
24/02/2019,4,5,4,3
24/02/2019,23,2,0,4
24/02/2019,22,24,2,1
24/02/2019,15,3,6,5
24/02/2019,16,25,3,4
24/02/2019,17,28,3,5
24/02/2019,15,3,6,5
24/02/2019,16,25,3,4
24/02/2019,17,28,3,5
25/02/2019,30,19,2,1
25/02/2019,9,20,1,2
25/02/2019,53,52,4,1
25/02/2019,30,19,2,1
25/02/2019,9,20,1,2
25/02/2019,53,52,4,1
26/02/2019,10,7,5,3
26/02/2019,1,8,2,1
26/02/2019,14,26,4,3
26/02/2019,18,22,3,2
26/02/2019,21,13,3,4
26/02/2019,23,24,4,0
26/02/2019,10,7,5,3
26/02/2019,1,8,2,1
26/02/2019,14,26,4,3
26/02/2019,18,22,3,2
26/02/2019,21,13,3,4
26/02/2019,23,24,4,0
27/02/2019,6,28,4,1
27/02/2019,2,20,1,3
27/02/2019,4,7,5,2
27/02/2019,15,9,7,2
27/02/2019,12,26,6,1
27/02/2019,29,5,2,5
27/02/2019,17,8,1,8
27/02/2019,19,18,2,0
27/02/2019,52,30,2,3
27/02/2019,53,13,4,3
27/02/2019,54,25,4,1
27/02/2019,6,28,4,1
27/02/2019,2,20,1,3
27/02/2019,4,7,5,2
27/02/2019,15,9,7,2
27/02/2019,12,26,6,1
27/02/2019,29,5,2,5
27/02/2019,17,8,1,8
27/02/2019,19,18,2,0
27/02/2019,52,30,2,3
27/02/2019,53,13,4,3
27/02/2019,54,25,4,1
28/02/2019,10,22,6,2
28/02/2019,1,20,1,2
28/02/2019,3,14,3,4
28/02/2019,21,23,3,2
28/02/2019,24,16,3,4
28/02/2019,10,22,6,2
28/02/2019,1,20,1,2
28/02/2019,3,14,3,4
28/02/2019,21,23,3,2
28/02/2019,24,16,3,4
01/03/2019,2,10,6,1
01/03/2019,29,4,4,3
01/03/2019,6,14,4,1
01/03/2019,9,22,2,4
01/03/2019,53,23,5,2
01/03/2019,54,13,6,5
01/03/2019,26,25,3,4
01/03/2019,2,10,6,1
01/03/2019,29,4,4,3
01/03/2019,6,14,4,1
01/03/2019,9,22,2,4
01/03/2019,53,23,5,2
01/03/2019,54,13,6,5
01/03/2019,26,25,3,4
02/03/2019,7,5,4,3
02/03/2019,1,4,3,6
02/03/2019,2,15,1,3
02/03/2019,3,8,2,4
02/03/2019,12,19,5,2
02/03/2019,52,18,5,3
02/03/2019,24,54,0,3
02/03/2019,28,21,4,3
02/03/2019,7,5,4,3
02/03/2019,1,4,3,6
02/03/2019,2,15,1,3
02/03/2019,3,8,2,4
02/03/2019,12,19,5,2
02/03/2019,52,18,5,3
02/03/2019,24,54,0,3
02/03/2019,28,21,4,3
02/03/2019,29,22,0,4
02/03/2019,26,16,6,3
02/03/2019,29,22,0,4
02/03/2019,26,16,6,3
03/03/2019,6,1,1,0
03/03/2019,10,7,5,2
03/03/2019,8,5,1,5
03/03/2019,14,9,5,1
03/03/2019,13,12,3,4
03/03/2019,53,17,3,1
03/03/2019,19,25,1,4
03/03/2019,20,30,2,4
03/03/2019,6,1,1,0
03/03/2019,10,7,5,2
03/03/2019,8,5,1,5
03/03/2019,14,9,5,1
03/03/2019,13,12,3,4
03/03/2019,53,17,3,1
03/03/2019,19,25,1,4
03/03/2019,20,30,2,4
03/03/2019,3,15,2,3
03/03/2019,2,4,1,4
03/03/2019,54,23,3,0
03/03/2019,24,21,2,1
03/03/2019,13,9,2,3
03/03/2019,3,15,2,3
03/03/2019,2,4,1,4
03/03/2019,54,23,3,0
03/03/2019,24,21,2,1
03/03/2019,13,9,2,3
04/03/2019,29,52,2,5
04/03/2019,30,18,2,3
04/03/2019,28,16,5,2
04/03/2019,29,52,2,5
04/03/2019,30,18,2,3
04/03/2019,28,16,5,2
05/03/2019,7,22,3,4
05/03/2019,20,10,2,6
05/03/2019,7,22,3,4
05/03/2019,20,10,2,6
06/03/2019,6,12,4,3
06/03/2019,1,29,1,2
06/03/2019,2,9,5,4
06/03/2019,5,13,3,2
06/03/2019,14,52,5,2
06/03/2019,18,30,5,4
06/03/2019,25,3,1,0
06/03/2019,21,17,4,3
06/03/2019,53,24,1,3
06/03/2019,26,8,1,3
06/03/2019,6,12,4,3
06/03/2019,1,29,1,2
06/03/2019,2,9,5,4
06/03/2019,5,13,3,2
06/03/2019,14,52,5,2
06/03/2019,18,30,5,4
06/03/2019,25,3,1,0
06/03/2019,21,17,4,3
06/03/2019,53,24,1,3
06/03/2019,26,8,1,3
07/03/2019,4,15,3,5
07/03/2019,23,10,3,2
07/03/2019,24,19,4,5
07/03/2019,54,20,2,1
07/03/2019,4,15,3,5
07/03/2019,23,10,3,2
07/03/2019,24,19,4,5
07/03/2019,54,20,2,1
08/03/2019,6,13,4,3
08/03/2019,5,29,3,0
08/03/2019,9,2,2,4
08/03/2019,17,3,3,2
08/03/2019,14,30,0,3
08/03/2019,16,7,5,4
08/03/2019,25,21,4,0
08/03/2019,22,23,3,2
08/03/2019,53,20,2,0
08/03/2019,26,19,0,4
08/03/2019,28,8,5,2
08/03/2019,6,13,4,3
08/03/2019,5,29,3,0
08/03/2019,9,2,2,4
08/03/2019,17,3,3,2
08/03/2019,14,30,0,3
08/03/2019,16,7,5,4
08/03/2019,25,21,4,0
08/03/2019,22,23,3,2
08/03/2019,53,20,2,0
08/03/2019,26,19,0,4
08/03/2019,28,8,5,2
09/03/2019,13,30,6,2
09/03/2019,15,1,3,0
09/03/2019,12,52,1,8
09/03/2019,24,8,8,2
09/03/2019,13,30,6,2
09/03/2019,15,1,3,0
09/03/2019,12,52,1,8
09/03/2019,24,8,8,2
09/03/2019,21,7,3,0
09/03/2019,28,19,3,2
09/03/2019,21,7,3,0
09/03/2019,28,19,3,2
10/03/2019,22,10,2,3
10/03/2019,6,9,3,2
10/03/2019,14,17,3,2
10/03/2019,2,4,2,5
10/03/2019,3,1,4,2
10/03/2019,29,5,4,1
10/03/2019,53,26,4,2
10/03/2019,18,12,3,5
10/03/2019,25,16,1,2
10/03/2019,23,54,2,6
10/03/2019,22,10,2,3
10/03/2019,6,9,3,2
10/03/2019,14,17,3,2
10/03/2019,2,4,2,5
10/03/2019,3,1,4,2
10/03/2019,29,5,4,1
10/03/2019,53,26,4,2
10/03/2019,18,12,3,5
10/03/2019,25,16,1,2
10/03/2019,23,54,2,6
10/03/2019,13,17,6,1
10/03/2019,15,52,3,1
10/03/2019,5,6,4,2
10/03/2019,13,17,6,1
10/03/2019,15,52,3,1
10/03/2019,5,6,4,2
11/03/2019,20,54,6,3
11/03/2019,24,26,2,3
11/03/2019,20,54,6,3
11/03/2019,24,26,2,3
11/03/2019,10,14,2,6
11/03/2019,2,29,2,0
11/03/2019,4,9,3,2
11/03/2019,10,14,2,6
11/03/2019,2,29,2,0
11/03/2019,4,9,3,2
12/03/2019,30,28,0,3
12/03/2019,16,53,7,1
12/03/2019,21,12,0,3
12/03/2019,22,3,3,2
12/03/2019,30,28,0,3
12/03/2019,16,53,7,1
12/03/2019,21,12,0,3
12/03/2019,22,3,3,2
12/03/2019,7,25,0,2
12/03/2019,5,15,5,3
12/03/2019,29,6,7,4
12/03/2019,8,17,3,1
12/03/2019,7,25,0,2
12/03/2019,5,15,5,3
12/03/2019,29,6,7,4
12/03/2019,8,17,3,1
13/03/2019,19,53,1,3
13/03/2019,52,28,4,5
13/03/2019,20,1,9,4
13/03/2019,24,18,3,2
13/03/2019,19,53,1,3
13/03/2019,52,28,4,5
13/03/2019,20,1,9,4
13/03/2019,24,18,3,2
13/03/2019,10,16,4,5
13/03/2019,10,16,4,5
14/03/2019,22,1,3,6
14/03/2019,23,3,4,1
14/03/2019,22,1,3,6
14/03/2019,23,3,4,1
14/03/2019,7,5,0,5
14/03/2019,2,8,2,1
14/03/2019,4,15,2,5
14/03/2019,9,19,2,0
14/03/2019,17,14,4,5
14/03/2019,7,5,0,5
14/03/2019,2,8,2,1
14/03/2019,4,15,2,5
14/03/2019,9,19,2,0
14/03/2019,17,14,4,5
15/03/2019,30,25,1,4
15/03/2019,52,6,4,3
15/03/2019,53,24,6,1
15/03/2019,26,18,1,3
15/03/2019,28,13,2,4
15/03/2019,30,25,1,4
15/03/2019,52,6,4,3
15/03/2019,53,24,6,1
15/03/2019,26,18,1,3
15/03/2019,28,13,2,4
15/03/2019,10,4,7,6
15/03/2019,29,12,3,0
15/03/2019,10,4,7,6
15/03/2019,29,12,3,0
16/03/2019,25,54,1,2
16/03/2019,21,24,3,5
16/03/2019,20,3,5,1
16/03/2019,23,1,2,3
16/03/2019,25,54,1,2
16/03/2019,21,24,3,5
16/03/2019,20,3,5,1
16/03/2019,23,1,2,3
16/03/2019,5,19,1,5
16/03/2019,17,2,2,1
16/03/2019,26,13,3,4
16/03/2019,52,20,2,1
16/03/2019,6,29,2,1
16/03/2019,8,16,0,2
16/03/2019,9,10,6,2
16/03/2019,14,15,6,3
16/03/2019,12,7,4,2
16/03/2019,5,19,1,5
16/03/2019,17,2,2,1
16/03/2019,26,13,3,4
16/03/2019,52,20,2,1
16/03/2019,6,29,2,1
16/03/2019,8,16,0,2
16/03/2019,9,10,6,2
16/03/2019,14,15,6,3
16/03/2019,12,7,4,2
17/03/2019,30,3,5,2
17/03/2019,53,22,2,3
17/03/2019,28,18,2,4
17/03/2019,30,3,5,2
17/03/2019,53,22,2,3
17/03/2019,28,18,2,4
17/03/2019,21,1,3,0
17/03/2019,7,19,4,3
17/03/2019,30,2,2,3
17/03/2019,25,23,2,3
17/03/2019,5,4,1,2
17/03/2019,21,1,3,0
17/03/2019,7,19,4,3
17/03/2019,30,2,2,3
17/03/2019,25,23,2,3
17/03/2019,5,4,1,2
18/03/2019,24,13,3,2
18/03/2019,54,22,6,3
18/03/2019,24,13,3,2
18/03/2019,54,22,6,3
18/03/2019,14,53,4,1
18/03/2019,14,53,4,1
19/03/2019,16,23,2,3
19/03/2019,26,52,2,3
19/03/2019,28,54,3,7
19/03/2019,16,23,2,3
19/03/2019,26,52,2,3
19/03/2019,28,54,3,7
19/03/2019,2,6,0,5
19/03/2019,3,17,2,3
19/03/2019,4,8,1,3
19/03/2019,12,5,3,2
19/03/2019,1,15,1,4
19/03/2019,2,6,0,5
19/03/2019,3,17,2,3
19/03/2019,4,8,1,3
19/03/2019,12,5,3,2
19/03/2019,1,15,1,4
20/03/2019,19,22,7,2
20/03/2019,18,10,3,0
20/03/2019,30,21,1,3
20/03/2019,25,13,4,2
20/03/2019,20,29,4,2
20/03/2019,19,22,7,2
20/03/2019,18,10,3,0
20/03/2019,30,21,1,3
20/03/2019,25,13,4,2
20/03/2019,20,29,4,2
20/03/2019,7,10,2,4
20/03/2019,15,14,4,5
20/03/2019,7,10,2,4
20/03/2019,15,14,4,5
21/03/2019,23,9,7,4
21/03/2019,24,52,0,3
21/03/2019,23,9,7,4
21/03/2019,24,52,0,3
21/03/2019,13,53,4,2
21/03/2019,1,6,1,5
21/03/2019,12,14,3,6
21/03/2019,8,2,4,0
21/03/2019,13,53,4,2
21/03/2019,1,6,1,5
21/03/2019,12,14,3,6
21/03/2019,8,2,4,0
22/03/2019,19,17,5,2
22/03/2019,18,5,1,2
22/03/2019,16,4,1,3
22/03/2019,25,21,1,3
22/03/2019,20,9,5,1
22/03/2019,22,29,4,1
22/03/2019,54,52,5,0
22/03/2019,26,28,4,2
22/03/2019,19,17,5,2
22/03/2019,18,5,1,2
22/03/2019,16,4,1,3
22/03/2019,25,21,1,3
22/03/2019,20,9,5,1
22/03/2019,22,29,4,1
22/03/2019,54,52,5,0
22/03/2019,26,28,4,2
22/03/2019,15,30,1,2
22/03/2019,15,30,1,2
23/03/2019,24,28,4,3
23/03/2019,24,28,4,3
23/03/2019,1,53,2,1
23/03/2019,4,2,2,4
23/03/2019,21,16,4,2
23/03/2019,22,9,3,4
23/03/2019,52,18,5,0
23/03/2019,10,3,1,2
23/03/2019,8,7,7,4
23/03/2019,13,6,3,7
23/03/2019,12,30,5,1
23/03/2019,1,53,2,1
23/03/2019,4,2,2,4
23/03/2019,21,16,4,2
23/03/2019,22,9,3,4
23/03/2019,52,18,5,0
23/03/2019,10,3,1,2
23/03/2019,8,7,7,4
23/03/2019,13,6,3,7
23/03/2019,12,30,5,1
24/03/2019,19,14,4,3
24/03/2019,25,5,2,3
24/03/2019,23,20,1,3
24/03/2019,54,17,2,3
24/03/2019,26,24,4,3
24/03/2019,19,14,4,3
24/03/2019,25,5,2,3
24/03/2019,23,20,1,3
24/03/2019,54,17,2,3
24/03/2019,26,24,4,3
24/03/2019,15,4,3,1
24/03/2019,2,53,2,0
24/03/2019,12,8,2,1
24/03/2019,15,4,3,1
24/03/2019,2,53,2,0
24/03/2019,12,8,2,1
25/03/2019,16,21,2,1
25/03/2019,23,29,0,5
25/03/2019,16,21,2,1
25/03/2019,23,29,0,5
25/03/2019,10,13,7,5
25/03/2019,1,7,3,1
25/03/2019,3,5,2,5
25/03/2019,14,6,5,4
25/03/2019,10,13,7,5
25/03/2019,1,7,3,1
25/03/2019,3,5,2,5
25/03/2019,14,6,5,4
26/03/2019,19,54,3,1
26/03/2019,30,18,0,1
26/03/2019,52,25,2,5
26/03/2019,20,26,0,3
26/03/2019,28,17,2,3
26/03/2019,19,54,3,1
26/03/2019,30,18,0,1
26/03/2019,52,25,2,5
26/03/2019,20,26,0,3
26/03/2019,28,17,2,3
26/03/2019,15,12,4,1
26/03/2019,29,2,4,0
26/03/2019,8,13,6,1
26/03/2019,9,7,4,0
26/03/2019,15,12,4,1
26/03/2019,29,2,4,0
26/03/2019,8,13,6,1
26/03/2019,9,7,4,0
27/03/2019,22,26,8,4
27/03/2019,23,24,4,5
27/03/2019,53,16,1,0
27/03/2019,22,26,8,4
27/03/2019,23,24,4,5
27/03/2019,53,16,1,0
27/03/2019,4,10,5,4
27/03/2019,6,3,6,3
27/03/2019,4,10,5,4
27/03/2019,6,3,6,3
28/03/2019,20,25,1,2
28/03/2019,21,54,4,3
28/03/2019,20,25,1,2
28/03/2019,21,54,4,3
28/03/2019,7,17,4,5
28/03/2019,12,15,2,3
28/03/2019,29,8,6,2
28/03/2019,9,13,2,5
28/03/2019,7,17,4,5
28/03/2019,12,15,2,3
28/03/2019,29,8,6,2
28/03/2019,9,13,2,5
29/03/2019,52,2,4,5
29/03/2019,22,25,2,3
29/03/2019,23,26,3,2
29/03/2019,28,16,4,5
29/03/2019,52,2,4,5
29/03/2019,22,25,2,3
29/03/2019,23,26,3,2
29/03/2019,28,16,4,5
29/03/2019,3,19,4,2
29/03/2019,5,18,1,3
29/03/2019,17,1,4,0
29/03/2019,3,19,4,2
29/03/2019,5,18,1,3
29/03/2019,17,1,4,0
30/03/2019,21,53,3,2
30/03/2019,20,24,6,1
30/03/2019,54,30,2,3
30/03/2019,21,53,3,2
30/03/2019,20,24,6,1
30/03/2019,54,30,2,3
30/03/2019,6,13,1,4
30/03/2019,12,4,5,2
30/03/2019,52,8,1,3
30/03/2019,9,10,4,2
30/03/2019,14,15,3,6
30/03/2019,1,19,2,3
30/03/2019,2,7,5,1
30/03/2019,6,13,1,4
30/03/2019,12,4,5,2
30/03/2019,52,8,1,3
30/03/2019,9,10,4,2
30/03/2019,14,15,3,6
30/03/2019,1,19,2,3
30/03/2019,2,7,5,1
31/03/2019,18,29,2,5
31/03/2019,28,54,4,3
31/03/2019,23,25,3,2
31/03/2019,22,24,1,5
31/03/2019,26,16,3,2
31/03/2019,18,29,2,5
31/03/2019,28,54,4,3
31/03/2019,23,25,3,2
31/03/2019,22,24,1,5
31/03/2019,26,16,3,2
31/03/2019,4,3,0,3
31/03/2019,53,30,4,0
31/03/2019,5,12,3,1
31/03/2019,7,29,0,4
31/03/2019,17,6,6,3
31/03/2019,4,3,0,3
31/03/2019,53,30,4,0
31/03/2019,5,12,3,1
31/03/2019,7,29,0,4
31/03/2019,17,6,6,3
01/04/2019,28,20,3,5
01/04/2019,28,20,3,5
01/04/2019,13,15,5,3
01/04/2019,1,3,4,2
01/04/2019,2,10,1,2
01/04/2019,9,14,2,5
01/04/2019,13,15,5,3
01/04/2019,1,3,4,2
01/04/2019,2,10,1,2
01/04/2019,9,14,2,5
02/04/2019,19,21,3,2
02/04/2019,16,52,3,4
02/04/2019,54,22,3,1
02/04/2019,26,20,2,7
02/04/2019,19,21,3,2
02/04/2019,16,52,3,4
02/04/2019,54,22,3,1
02/04/2019,26,20,2,7
02/04/2019,7,18,2,3
02/04/2019,29,6,2,6
02/04/2019,10,12,1,4
02/04/2019,8,14,4,2
02/04/2019,17,5,4,1
02/04/2019,7,18,2,3
02/04/2019,29,6,2,6
02/04/2019,10,12,1,4
02/04/2019,8,14,4,2
02/04/2019,17,5,4,1
03/04/2019,30,52,5,1
03/04/2019,25,4,6,2
03/04/2019,21,22,6,2
03/04/2019,23,28,4,2
03/04/2019,53,26,1,3
03/04/2019,30,52,5,1
03/04/2019,25,4,6,2
03/04/2019,21,22,6,2
03/04/2019,23,28,4,2
03/04/2019,53,26,1,3
03/04/2019,3,9,1,4
03/04/2019,3,9,1,4
04/04/2019,16,19,4,3
04/04/2019,24,20,3,1
04/04/2019,16,19,4,3
04/04/2019,24,20,3,1
04/04/2019,7,9,5,2
04/04/2019,10,14,1,3
04/04/2019,13,2,1,2
04/04/2019,5,17,4,1
04/04/2019,15,8,2,1
04/04/2019,12,1,3,1
04/04/2019,7,9,5,2
04/04/2019,10,14,1,3
04/04/2019,13,2,1,2
04/04/2019,5,17,4,1
04/04/2019,15,8,2,1
04/04/2019,12,1,3,1
05/04/2019,19,4,7,3
05/04/2019,18,23,3,2
05/04/2019,30,6,0,3
05/04/2019,21,52,3,2
05/04/2019,22,28,2,3
05/04/2019,54,53,1,4
05/04/2019,19,4,7,3
05/04/2019,18,23,3,2
05/04/2019,30,6,0,3
05/04/2019,21,52,3,2
05/04/2019,22,28,2,3
05/04/2019,54,53,1,4
05/04/2019,3,29,2,3
05/04/2019,3,29,2,3
06/04/2019,16,25,6,1
06/04/2019,24,26,5,2
06/04/2019,16,25,6,1
06/04/2019,24,26,5,2
06/04/2019,6,14,3,6
06/04/2019,19,23,3,2
06/04/2019,8,10,6,5
06/04/2019,9,29,2,6
06/04/2019,17,7,1,7
06/04/2019,13,1,3,4
06/04/2019,4,12,3,4
06/04/2019,5,3,3,4
06/04/2019,15,2,0,3
06/04/2019,6,14,3,6
06/04/2019,19,23,3,2
06/04/2019,8,10,6,5
06/04/2019,9,29,2,6
06/04/2019,17,7,1,7
06/04/2019,13,1,3,4
06/04/2019,4,12,3,4
06/04/2019,5,3,3,4
06/04/2019,15,2,0,3
07/04/2019,18,16,5,2
07/04/2019,25,30,3,0
07/04/2019,53,52,2,4
07/04/2019,20,22,1,3
07/04/2019,26,54,5,2
07/04/2019,28,21,5,2
07/04/2019,18,16,5,2
07/04/2019,25,30,3,0
07/04/2019,53,52,2,4
07/04/2019,20,22,1,3
07/04/2019,26,54,5,2
07/04/2019,28,21,5,2
10/04/2019,14,29,3,4
10/04/2019,2,5,4,3
10/04/2019,14,29,3,4
10/04/2019,2,5,4,3
11/04/2019,52,19,1,2
11/04/2019,18,25,2,3
11/04/2019,28,54,5,2
11/04/2019,52,19,1,2
11/04/2019,18,25,2,3
11/04/2019,28,54,5,2
11/04/2019,6,10,1,4
11/04/2019,15,12,4,2
11/04/2019,6,10,1,4
11/04/2019,15,12,4,2
12/04/2019,20,21,4,0
12/04/2019,20,21,4,0
12/04/2019,14,29,1,5
12/04/2019,2,5,3,1
12/04/2019,14,29,1,5
12/04/2019,2,5,3,1
13/04/2019,52,19,3,4
13/04/2019,28,54,3,5
13/04/2019,52,19,3,4
13/04/2019,28,54,3,5
13/04/2019,15,12,4,3
13/04/2019,18,25,2,1
13/04/2019,15,12,4,3
13/04/2019,18,25,2,1
14/04/2019,6,10,4,1
14/04/2019,20,21,2,3
14/04/2019,6,10,4,1
14/04/2019,20,21,2,3
14/04/2019,5,2,1,4
14/04/2019,29,14,3,1
14/04/2019,19,52,3,6
14/04/2019,5,2,1,4
14/04/2019,29,14,3,1
14/04/2019,19,52,3,6
15/04/2019,54,28,6,3
15/04/2019,54,28,6,3
15/04/2019,10,6,3,2
15/04/2019,12,15,5,0
15/04/2019,10,6,3,2
15/04/2019,12,15,5,0
16/04/2019,25,18,2,3
16/04/2019,21,20,6,2
16/04/2019,25,18,2,3
16/04/2019,21,20,6,2
16/04/2019,29,14,7,3
16/04/2019,5,2,1,3
16/04/2019,29,14,7,3
16/04/2019,5,2,1,3
17/04/2019,19,52,1,2
17/04/2019,54,28,5,0
17/04/2019,19,52,1,2
17/04/2019,54,28,5,0
17/04/2019,10,6,4,6
17/04/2019,10,6,4,6
18/04/2019,21,20,3,2
18/04/2019,25,18,5,1
18/04/2019,25,18,5,1
18/04/2019,21,20,3,2
18/04/2019,12,15,2,1
18/04/2019,12,15,2,1
19/04/2019,52,19,2,3
19/04/2019,28,54,5,2
19/04/2019,52,19,2,3
19/04/2019,28,54,5,2
19/04/2019,6,10,1,2
19/04/2019,6,10,1,2
20/04/2019,20,21,1,5
20/04/2019,20,21,1,5
20/04/2019,18,25,3,5
20/04/2019,19,52,3,2
20/04/2019,18,25,3,5
20/04/2019,19,52,3,2
21/04/2019,15,12,6,0
21/04/2019,15,12,6,0
21/04/2019,10,6,2,4
21/04/2019,54,28,1,2
21/04/2019,10,6,2,4
21/04/2019,54,28,1,2
22/04/2019,12,15,5,2
22/04/2019,12,15,5,2
23/04/2019,25,18,2,1
23/04/2019,25,18,2,1
23/04/2019,6,10,5,1
23/04/2019,6,10,5,1
24/04/2019,28,54,5,4
24/04/2019,28,54,5,4
24/04/2019,15,12,3,4
24/04/2019,15,12,3,4
25/04/2019,6,29,3,2
25/04/2019,6,29,3,2
26/04/2019,19,25,3,2
26/04/2019,19,25,3,2
26/04/2019,2,12,0,1
26/04/2019,2,12,0,1
27/04/2019,28,21,5,2
27/04/2019,28,21,5,2
27/04/2019,19,25,2,4
27/04/2019,19,25,2,4
28/04/2019,6,29,2,3
28/04/2019,6,29,2,3
28/04/2019,2,12,1,2
28/04/2019,28,21,3,4
28/04/2019,2,12,1,2
28/04/2019,28,21,3,4
30/04/2019,25,19,3,4
30/04/2019,25,19,3,4
30/04/2019,29,6,2,1
30/04/2019,29,6,2,1
01/05/2019,21,28,2,4
01/05/2019,21,28,2,4
01/05/2019,12,2,5,2
01/05/2019,12,2,5,2
02/05/2019,25,19,4,2
02/05/2019,25,19,4,2
02/05/2019,29,6,1,4
02/05/2019,29,6,1,4
03/05/2019,21,28,3,0
03/05/2019,21,28,3,0
03/05/2019,12,2,5,2
03/05/2019,12,2,5,2
04/05/2019,19,25,1,2
04/05/2019,19,25,1,2
04/05/2019,6,29,4,3
04/05/2019,6,29,4,3
05/05/2019,28,21,2,1
05/05/2019,28,21,2,1
05/05/2019,25,19,1,4
05/05/2019,25,19,1,4
06/05/2019,29,6,0,3
06/05/2019,29,6,0,3
07/05/2019,21,28,4,3
07/05/2019,21,28,4,3
08/05/2019,19,25,2,1
08/05/2019,19,25,2,1
09/05/2019,28,21,3,2
09/05/2019,28,21,3,2
10/05/2019,6,12,5,2
10/05/2019,6,12,5,2
12/05/2019,28,19,6,3
12/05/2019,28,19,6,3
12/05/2019,6,12,6,2
12/05/2019,6,12,6,2
14/05/2019,28,19,2,4
14/05/2019,28,19,2,4
15/05/2019,12,6,1,2
15/05/2019,12,6,1,2
16/05/2019,19,28,4,5
16/05/2019,19,28,4,5
17/05/2019,12,6,0,4
17/05/2019,12,6,0,4
18/05/2019,19,28,2,1
18/05/2019,19,28,2,1
19/05/2019,28,19,0,5
19/05/2019,28,19,0,5
22/05/2019,19,28,5,1
22/05/2019,19,28,5,1
28/05/2019,6,19,4,2
28/05/2019,6,19,4,2
30/05/2019,6,19,2,3
30/05/2019,6,19,2,3
02/06/2019,19,6,2,7
02/06/2019,19,6,2,7
04/06/2019,19,6,4,2
04/06/2019,19,6,4,2
07/06/2019,6,19,1,2
07/06/2019,6,19,1,2
10/06/2019,19,6,1,5
10/06/2019,19,6,1,5
13/06/2019,6,19,1,4
13/06/2019,6,19,1,4
02/10/2019,10,9,5,3
02/10/2019,10,9,5,3
03/10/2019,19,15,2,3
03/10/2019,22,23,3,2
03/10/2019,54,28,4,1
03/10/2019,19,15,2,3
03/10/2019,22,23,3,2
03/10/2019,54,28,4,1
03/10/2019,14,13,5,2
03/10/2019,3,52,6,4
03/10/2019,5,7,1,3
03/10/2019,12,8,4,3
03/10/2019,14,13,5,2
03/10/2019,3,52,6,4
03/10/2019,5,7,1,3
03/10/2019,12,8,4,3
04/10/2019,18,30,5,2
04/10/2019,25,6,1,2
04/10/2019,21,20,5,3
04/10/2019,24,53,2,1
04/10/2019,18,30,5,2
04/10/2019,25,6,1,2
04/10/2019,21,20,5,3
04/10/2019,24,53,2,1
04/10/2019,4,16,4,3
04/10/2019,1,52,4,5
04/10/2019,2,15,1,2
04/10/2019,29,10,1,4
04/10/2019,4,16,4,3
04/10/2019,1,52,4,5
04/10/2019,2,15,1,2
04/10/2019,29,10,1,4
05/10/2019,28,54,1,5
05/10/2019,28,54,1,5
05/10/2019,7,1,7,2
05/10/2019,10,8,5,6
05/10/2019,9,3,1,4
05/10/2019,13,14,4,3
05/10/2019,5,29,7,2
05/10/2019,15,12,2,3
05/10/2019,7,1,7,2
05/10/2019,10,8,5,6
05/10/2019,9,3,1,4
05/10/2019,13,14,4,3
05/10/2019,5,29,7,2
05/10/2019,15,12,2,3
06/10/2019,19,25,3,2
06/10/2019,18,17,3,5
06/10/2019,53,6,0,1
06/10/2019,21,30,4,2
06/10/2019,24,28,3,1
06/10/2019,20,23,3,0
06/10/2019,22,26,6,5
06/10/2019,19,25,3,2
06/10/2019,18,17,3,5
06/10/2019,53,6,0,1
06/10/2019,21,30,4,2
06/10/2019,24,28,3,1
06/10/2019,20,23,3,0
06/10/2019,22,26,6,5
06/10/2019,12,14,4,3
06/10/2019,17,25,4,3
06/10/2019,2,52,4,1
06/10/2019,12,14,4,3
06/10/2019,17,25,4,3
06/10/2019,2,52,4,1
07/10/2019,10,19,2,3
07/10/2019,29,7,4,3
07/10/2019,10,19,2,3
07/10/2019,29,7,4,3
08/10/2019,13,12,3,6
08/10/2019,2,22,2,5
08/10/2019,5,52,1,4
08/10/2019,15,25,3,4
08/10/2019,17,24,1,3
08/10/2019,13,12,3,6
08/10/2019,2,22,2,5
08/10/2019,5,52,1,4
08/10/2019,15,25,3,4
08/10/2019,17,24,1,3
09/10/2019,18,28,5,2
09/10/2019,20,26,3,4
09/10/2019,54,6,3,4
09/10/2019,18,28,5,2
09/10/2019,20,26,3,4
09/10/2019,54,6,3,4
09/10/2019,7,8,5,4
09/10/2019,4,1,4,0
09/10/2019,7,8,5,4
09/10/2019,4,1,4,0
10/10/2019,23,26,8,2
10/10/2019,23,26,8,2
10/10/2019,10,14,3,7
10/10/2019,8,17,2,4
10/10/2019,1,22,3,4
10/10/2019,5,24,2,1
10/10/2019,9,19,4,6
10/10/2019,10,14,3,7
10/10/2019,8,17,2,4
10/10/2019,1,22,3,4
10/10/2019,5,24,2,1
10/10/2019,9,19,4,6
11/10/2019,18,15,6,5
11/10/2019,52,30,5,2
11/10/2019,16,28,4,5
11/10/2019,25,20,2,3
11/10/2019,21,6,4,2
11/10/2019,53,54,4,1
11/10/2019,18,15,6,5
11/10/2019,52,30,5,2
11/10/2019,16,28,4,5
11/10/2019,25,20,2,3
11/10/2019,21,6,4,2
11/10/2019,53,54,4,1
11/10/2019,7,13,3,2
11/10/2019,29,24,1,2
11/10/2019,12,2,5,2
11/10/2019,7,13,3,2
11/10/2019,29,24,1,2
11/10/2019,12,2,5,2
12/10/2019,3,22,1,4
12/10/2019,9,14,4,2
12/10/2019,26,18,7,4
12/10/2019,16,52,2,3
12/10/2019,6,1,3,0
12/10/2019,8,19,6,3
12/10/2019,17,10,2,5
12/10/2019,2,13,3,2
12/10/2019,12,29,2,3
12/10/2019,3,22,1,4
12/10/2019,9,14,4,2
12/10/2019,26,18,7,4
12/10/2019,16,52,2,3
12/10/2019,6,1,3,0
12/10/2019,8,19,6,3
12/10/2019,17,10,2,5
12/10/2019,2,13,3,2
12/10/2019,12,29,2,3
13/10/2019,25,15,1,4
13/10/2019,30,5,4,7
13/10/2019,21,53,3,2
13/10/2019,23,4,3,2
13/10/2019,54,20,6,2
13/10/2019,25,15,1,4
13/10/2019,30,5,4,7
13/10/2019,21,53,3,2
13/10/2019,23,4,3,2
13/10/2019,54,20,6,2
13/10/2019,52,5,2,7
13/10/2019,52,5,2,7
14/10/2019,26,54,2,5
14/10/2019,28,20,3,1
14/10/2019,26,54,2,5
14/10/2019,28,20,3,1
14/10/2019,6,24,4,2
14/10/2019,9,30,0,2
14/10/2019,1,13,4,6
14/10/2019,2,19,3,2
14/10/2019,7,25,4,0
14/10/2019,15,21,3,6
14/10/2019,6,24,4,2
14/10/2019,9,30,0,2
14/10/2019,1,13,4,6
14/10/2019,2,19,3,2
14/10/2019,7,25,4,0
14/10/2019,15,21,3,6
15/10/2019,16,22,3,1
15/10/2019,16,22,3,1
15/10/2019,10,30,4,2
15/10/2019,8,14,1,3
15/10/2019,10,30,4,2
15/10/2019,8,14,1,3
16/10/2019,52,53,2,4
16/10/2019,20,4,3,1
16/10/2019,23,17,5,1
16/10/2019,54,18,2,5
16/10/2019,26,12,0,2
16/10/2019,52,53,2,4
16/10/2019,20,4,3,1
16/10/2019,23,17,5,1
16/10/2019,54,18,2,5
16/10/2019,26,12,0,2
16/10/2019,5,21,3,2
16/10/2019,15,10,4,3
16/10/2019,29,25,3,2
16/10/2019,5,21,3,2
16/10/2019,15,10,4,3
16/10/2019,29,25,3,2
17/10/2019,22,4,6,3
17/10/2019,24,7,5,2
17/10/2019,28,12,5,2
17/10/2019,22,4,6,3
17/10/2019,24,7,5,2
17/10/2019,28,12,5,2
17/10/2019,6,14,3,4
17/10/2019,8,30,4,0
17/10/2019,1,3,5,2
17/10/2019,6,14,3,4
17/10/2019,8,30,4,0
17/10/2019,1,3,5,2
18/10/2019,19,23,3,4
18/10/2019,52,2,1,3
18/10/2019,20,17,5,1
18/10/2019,53,18,5,2
18/10/2019,54,9,3,2
18/10/2019,26,7,0,3
18/10/2019,19,23,3,4
18/10/2019,52,2,1,3
18/10/2019,20,17,5,1
18/10/2019,53,18,5,2
18/10/2019,54,9,3,2
18/10/2019,26,7,0,3
18/10/2019,13,21,4,5
18/10/2019,5,25,4,2
18/10/2019,15,3,5,2
18/10/2019,13,21,4,5
18/10/2019,5,25,4,2
18/10/2019,15,3,5,2
19/10/2019,16,29,3,2
19/10/2019,22,17,2,1
19/10/2019,24,12,4,2
19/10/2019,16,29,3,2
19/10/2019,22,17,2,1
19/10/2019,24,12,4,2
19/10/2019,1,23,1,0
19/10/2019,19,8,2,5
19/10/2019,53,9,5,2
19/10/2019,10,6,4,3
19/10/2019,14,21,2,6
19/10/2019,4,25,1,4
19/10/2019,5,54,0,3
19/10/2019,29,2,2,3
19/10/2019,1,23,1,0
19/10/2019,19,8,2,5
19/10/2019,53,9,5,2
19/10/2019,10,6,4,3
19/10/2019,14,21,2,6
19/10/2019,4,25,1,4
19/10/2019,5,54,0,3
19/10/2019,29,2,2,3
20/10/2019,18,13,2,3
20/10/2019,26,20,4,1
20/10/2019,28,7,3,4
20/10/2019,18,13,2,3
20/10/2019,26,20,4,1
20/10/2019,28,7,3,4
20/10/2019,3,23,2,3
20/10/2019,30,8,4,3
20/10/2019,16,15,3,5
20/10/2019,52,22,1,0
20/10/2019,3,23,2,3
20/10/2019,30,8,4,3
20/10/2019,16,15,3,5
20/10/2019,52,22,1,0
21/10/2019,24,20,1,2
21/10/2019,24,20,1,2
21/10/2019,10,29,3,4
21/10/2019,4,54,6,2
21/10/2019,10,29,3,4
21/10/2019,4,54,6,2
22/10/2019,19,21,3,1
22/10/2019,25,9,2,1
22/10/2019,19,21,3,1
22/10/2019,25,9,2,1
22/10/2019,6,10,4,2
22/10/2019,7,28,4,3
22/10/2019,13,5,4,2
22/10/2019,3,53,2,3
22/10/2019,17,23,2,5
22/10/2019,6,10,4,2
22/10/2019,7,28,4,3
22/10/2019,13,5,4,2
22/10/2019,3,53,2,3
22/10/2019,17,23,2,5
23/10/2019,18,24,6,1
23/10/2019,30,22,3,0
23/10/2019,52,26,2,3
23/10/2019,16,54,1,2
23/10/2019,20,15,3,5
23/10/2019,18,24,6,1
23/10/2019,30,22,3,0
23/10/2019,52,26,2,3
23/10/2019,16,54,1,2
23/10/2019,20,15,3,5
23/10/2019,9,17,5,2
23/10/2019,9,17,5,2
24/10/2019,14,5,3,2
24/10/2019,14,5,3,2
24/10/2019,8,28,2,4
24/10/2019,2,53,4,2
24/10/2019,3,7,6,2
24/10/2019,29,12,4,3
24/10/2019,8,28,2,4
24/10/2019,2,53,4,2
24/10/2019,3,7,6,2
24/10/2019,29,12,4,3
25/10/2019,19,26,5,2
25/10/2019,18,30,4,0
25/10/2019,16,4,1,4
25/10/2019,25,24,2,1
25/10/2019,20,13,6,5
25/10/2019,22,15,4,3
25/10/2019,19,26,5,2
25/10/2019,18,30,4,0
25/10/2019,16,4,1,4
25/10/2019,25,24,2,1
25/10/2019,20,13,6,5
25/10/2019,22,15,4,3
25/10/2019,54,21,1,6
25/10/2019,10,28,4,1
25/10/2019,1,53,3,5
25/10/2019,9,2,2,4
25/10/2019,17,7,0,2
25/10/2019,54,21,1,6
25/10/2019,10,28,4,1
25/10/2019,1,53,3,5
25/10/2019,9,2,2,4
25/10/2019,17,7,0,2
26/10/2019,23,15,5,6
26/10/2019,23,15,5,6
26/10/2019,12,16,4,0
26/10/2019,6,19,3,0
26/10/2019,8,10,5,2
26/10/2019,14,18,2,3
26/10/2019,4,29,7,4
26/10/2019,12,16,4,0
26/10/2019,6,19,3,0
26/10/2019,8,10,5,2
26/10/2019,14,18,2,3
26/10/2019,4,29,7,4
27/10/2019,25,5,0,3
27/10/2019,30,26,5,1
27/10/2019,21,24,2,5
27/10/2019,52,20,2,1
27/10/2019,25,5,0,3
27/10/2019,30,26,5,1
27/10/2019,21,24,2,5
27/10/2019,52,20,2,1
27/10/2019,22,13,2,6
27/10/2019,17,19,4,5
27/10/2019,16,26,5,1
27/10/2019,9,28,5,2
27/10/2019,2,4,5,3
27/10/2019,3,6,4,7
27/10/2019,22,13,2,6
27/10/2019,17,19,4,5
27/10/2019,16,26,5,1
27/10/2019,9,28,5,2
27/10/2019,2,4,5,3
27/10/2019,3,6,4,7
28/10/2019,54,24,5,2
28/10/2019,54,24,5,2
28/10/2019,7,53,2,3
28/10/2019,7,53,2,3
29/10/2019,23,13,7,2
29/10/2019,23,13,7,2
29/10/2019,6,28,5,1
29/10/2019,10,15,3,4
29/10/2019,5,4,7,1
29/10/2019,12,20,2,1
29/10/2019,3,14,4,1
29/10/2019,17,22,3,1
29/10/2019,6,28,5,1
29/10/2019,10,15,3,4
29/10/2019,5,4,7,1
29/10/2019,12,20,2,1
29/10/2019,3,14,4,1
29/10/2019,17,22,3,1
30/10/2019,18,16,3,0
30/10/2019,25,30,6,3
30/10/2019,24,52,7,4
30/10/2019,18,16,3,0
30/10/2019,25,30,6,3
30/10/2019,24,52,7,4
30/10/2019,1,14,6,7
30/10/2019,29,22,1,4
30/10/2019,1,14,6,7
30/10/2019,29,22,1,4
31/10/2019,19,30,2,1
31/10/2019,53,8,1,4
31/10/2019,21,13,3,4
31/10/2019,26,23,3,5
31/10/2019,19,30,2,1
31/10/2019,53,8,1,4
31/10/2019,21,13,3,4
31/10/2019,26,23,3,5
01/11/2019,18,20,5,6
01/11/2019,54,8,4,5
01/11/2019,18,20,5,6
01/11/2019,54,8,4,5
01/11/2019,1,4,3,4
01/11/2019,2,14,5,2
01/11/2019,15,7,6,1
01/11/2019,12,17,7,3
01/11/2019,1,4,3,4
01/11/2019,2,14,5,2
01/11/2019,15,7,6,1
01/11/2019,12,17,7,3
02/11/2019,19,29,4,3
02/11/2019,21,25,1,2
02/11/2019,24,23,2,1
02/11/2019,28,52,2,3
02/11/2019,19,29,4,3
02/11/2019,21,25,1,2
02/11/2019,24,23,2,1
02/11/2019,28,52,2,3
02/11/2019,5,22,1,2
02/11/2019,18,3,1,2
02/11/2019,25,8,4,1
02/11/2019,6,9,5,2
02/11/2019,7,2,0,1
02/11/2019,13,17,4,0
02/11/2019,4,10,3,4
02/11/2019,12,1,3,5
02/11/2019,29,20,0,3
02/11/2019,5,22,1,2
02/11/2019,18,3,1,2
02/11/2019,25,8,4,1
02/11/2019,6,9,5,2
02/11/2019,7,2,0,1
02/11/2019,13,17,4,0
02/11/2019,4,10,3,4
02/11/2019,12,1,3,5
02/11/2019,29,20,0,3
03/11/2019,30,19,3,4
03/11/2019,53,21,3,0
03/11/2019,54,52,3,4
03/11/2019,28,23,2,5
03/11/2019,26,16,4,3
03/11/2019,30,19,3,4
03/11/2019,53,21,3,0
03/11/2019,54,52,3,4
03/11/2019,28,23,2,5
03/11/2019,26,16,4,3
04/11/2019,15,20,4,2
04/11/2019,24,16,2,3
04/11/2019,15,20,4,2
04/11/2019,24,16,2,3
05/11/2019,6,5,6,4
05/11/2019,3,9,2,6
05/11/2019,17,18,1,6
05/11/2019,22,53,2,3
05/11/2019,6,5,6,4
05/11/2019,3,9,2,6
05/11/2019,17,18,1,6
05/11/2019,22,53,2,3
06/11/2019,2,9,4,1
06/11/2019,4,12,4,1
06/11/2019,29,54,1,2
06/11/2019,8,6,5,4
06/11/2019,10,26,3,1
06/11/2019,52,1,1,2
06/11/2019,25,21,4,1
06/11/2019,20,53,4,3
06/11/2019,23,19,1,2
06/11/2019,24,30,2,4
06/11/2019,28,16,4,2
06/11/2019,2,9,4,1
06/11/2019,4,12,4,1
06/11/2019,29,54,1,2
06/11/2019,8,6,5,4
06/11/2019,10,26,3,1
06/11/2019,52,1,1,2
06/11/2019,25,21,4,1
06/11/2019,20,53,4,3
06/11/2019,23,19,1,2
06/11/2019,24,30,2,4
06/11/2019,28,16,4,2
07/11/2019,3,17,5,1
07/11/2019,22,19,2,5
07/11/2019,3,17,5,1
07/11/2019,22,19,2,5
08/11/2019,10,54,2,1
08/11/2019,13,15,4,5
08/11/2019,2,5,3,4
08/11/2019,4,8,3,2
08/11/2019,12,3,2,4
08/11/2019,9,26,3,2
08/11/2019,16,23,5,2
08/11/2019,21,18,9,4
08/11/2019,20,1,5,2
08/11/2019,53,29,2,3
08/11/2019,28,30,6,5
08/11/2019,10,54,2,1
08/11/2019,13,15,4,5
08/11/2019,2,5,3,4
08/11/2019,4,8,3,2
08/11/2019,12,3,2,4
08/11/2019,9,26,3,2
08/11/2019,16,23,5,2
08/11/2019,21,18,9,4
08/11/2019,20,1,5,2
08/11/2019,53,29,2,3
08/11/2019,28,30,6,5
08/11/2019,7,14,2,3
08/11/2019,7,14,2,3
09/11/2019,17,6,4,2
09/11/2019,52,23,4,1
09/11/2019,22,1,4,0
09/11/2019,17,6,4,2
09/11/2019,52,23,4,1
09/11/2019,22,1,4,0
09/11/2019,2,13,2,1
09/11/2019,14,7,5,3
09/11/2019,2,13,2,1
09/11/2019,14,7,5,3
10/11/2019,10,4,2,3
10/11/2019,8,26,3,2
10/11/2019,9,12,4,1
10/11/2019,5,16,3,2
10/11/2019,15,54,5,2
10/11/2019,53,30,3,4
10/11/2019,21,29,4,2
10/11/2019,20,19,2,3
10/11/2019,28,18,2,1
10/11/2019,10,4,2,3
10/11/2019,8,26,3,2
10/11/2019,9,12,4,1
10/11/2019,5,16,3,2
10/11/2019,15,54,5,2
10/11/2019,53,30,3,4
10/11/2019,21,29,4,2
10/11/2019,20,19,2,3
10/11/2019,28,18,2,1
10/11/2019,3,13,5,6
10/11/2019,52,25,3,2
10/11/2019,23,1,1,2
10/11/2019,17,54,3,2
10/11/2019,3,13,5,6
10/11/2019,52,25,3,2
10/11/2019,23,1,1,2
10/11/2019,17,54,3,2
11/11/2019,16,10,5,4
11/11/2019,6,4,2,3
11/11/2019,24,22,2,6
11/11/2019,16,10,5,4
11/11/2019,6,4,2,3
11/11/2019,24,22,2,6
12/11/2019,15,53,3,4
12/11/2019,12,9,8,2
12/11/2019,15,53,3,4
12/11/2019,12,9,8,2
13/11/2019,6,13,4,5
13/11/2019,8,29,3,2
13/11/2019,3,5,3,2
13/11/2019,19,53,2,3
13/11/2019,52,21,0,4
13/11/2019,23,18,5,3
13/11/2019,24,17,3,4
13/11/2019,26,30,3,1
13/11/2019,28,22,6,3
13/11/2019,6,13,4,5
13/11/2019,8,29,3,2
13/11/2019,3,5,3,2
13/11/2019,19,53,2,3
13/11/2019,52,21,0,4
13/11/2019,23,18,5,3
13/11/2019,24,17,3,4
13/11/2019,26,30,3,1
13/11/2019,28,22,6,3
14/11/2019,1,9,2,4
14/11/2019,2,10,5,4
14/11/2019,4,15,1,2
14/11/2019,20,25,1,3
14/11/2019,54,16,3,5
14/11/2019,1,9,2,4
14/11/2019,2,10,5,4
14/11/2019,4,15,1,2
14/11/2019,20,25,1,3
14/11/2019,54,16,3,5
15/11/2019,7,12,4,5
15/11/2019,14,3,9,3
15/11/2019,13,52,3,4
15/11/2019,30,53,3,2
15/11/2019,22,21,6,2
15/11/2019,23,25,2,4
15/11/2019,24,28,3,5
15/11/2019,26,17,3,2
15/11/2019,7,12,4,5
15/11/2019,14,3,9,3
15/11/2019,13,52,3,4
15/11/2019,30,53,3,2
15/11/2019,22,21,6,2
15/11/2019,23,25,2,4
15/11/2019,24,28,3,5
15/11/2019,26,17,3,2
16/11/2019,10,6,2,4
16/11/2019,1,5,2,1
16/11/2019,15,8,2,5
16/11/2019,29,19,3,2
16/11/2019,9,4,2,1
16/11/2019,10,6,2,4
16/11/2019,1,5,2,1
16/11/2019,15,8,2,5
16/11/2019,29,19,3,2
16/11/2019,9,4,2,1
16/11/2019,30,12,3,4
16/11/2019,26,54,4,3
16/11/2019,22,25,4,5
16/11/2019,53,20,3,0
16/11/2019,14,52,3,4
16/11/2019,30,12,3,4
16/11/2019,26,54,4,3
16/11/2019,22,25,4,5
16/11/2019,53,20,3,0
16/11/2019,14,52,3,4
17/11/2019,6,15,2,3
17/11/2019,7,9,4,2
17/11/2019,8,1,3,4
17/11/2019,13,3,4,3
17/11/2019,4,2,3,4
17/11/2019,5,10,6,1
17/11/2019,19,24,1,4
17/11/2019,18,16,2,7
17/11/2019,23,21,4,5
17/11/2019,28,17,4,3
17/11/2019,6,15,2,3
17/11/2019,7,9,4,2
17/11/2019,8,1,3,4
17/11/2019,13,3,4,3
17/11/2019,4,2,3,4
17/11/2019,5,10,6,1
17/11/2019,19,24,1,4
17/11/2019,18,16,2,7
17/11/2019,23,21,4,5
17/11/2019,28,17,4,3
18/11/2019,54,20,6,0
18/11/2019,16,7,4,1
18/11/2019,54,20,6,0
18/11/2019,16,7,4,1
19/11/2019,15,24,5,2
19/11/2019,53,26,3,0
19/11/2019,15,24,5,2
19/11/2019,53,26,3,0
20/11/2019,7,30,1,4
20/11/2019,13,4,5,2
20/11/2019,1,6,1,5
20/11/2019,5,2,4,5
20/11/2019,29,8,5,2
20/11/2019,17,9,3,4
20/11/2019,19,14,3,1
20/11/2019,18,52,1,2
20/11/2019,16,12,2,4
20/11/2019,25,23,6,1
20/11/2019,20,21,2,3
20/11/2019,54,10,4,2
20/11/2019,28,22,2,5
20/11/2019,7,30,1,4
20/11/2019,13,4,5,2
20/11/2019,1,6,1,5
20/11/2019,5,2,4,5
20/11/2019,29,8,5,2
20/11/2019,17,9,3,4
20/11/2019,19,14,3,1
20/11/2019,18,52,1,2
20/11/2019,16,12,2,4
20/11/2019,25,23,6,1
20/11/2019,20,21,2,3
20/11/2019,54,10,4,2
20/11/2019,28,22,2,5
21/11/2019,8,9,1,2
21/11/2019,3,15,4,1
21/11/2019,8,9,1,2
21/11/2019,3,15,4,1
22/11/2019,6,7,3,2
22/11/2019,13,24,5,4
22/11/2019,2,5,4,3
22/11/2019,12,4,3,5
22/11/2019,29,17,5,4
22/11/2019,19,20,5,0
22/11/2019,18,23,3,6
22/11/2019,30,21,3,2
22/11/2019,16,14,2,4
22/11/2019,25,52,5,3
22/11/2019,53,10,1,3
22/11/2019,54,28,1,2
22/11/2019,26,22,5,1
22/11/2019,6,7,3,2
22/11/2019,13,24,5,4
22/11/2019,2,5,4,3
22/11/2019,12,4,3,5
22/11/2019,29,17,5,4
22/11/2019,19,20,5,0
22/11/2019,18,23,3,6
22/11/2019,30,21,3,2
22/11/2019,16,14,2,4
22/11/2019,25,52,5,3
22/11/2019,53,10,1,3
22/11/2019,54,28,1,2
22/11/2019,26,22,5,1
23/11/2019,5,1,4,1
23/11/2019,9,3,4,1
23/11/2019,5,1,4,1
23/11/2019,9,3,4,1
23/11/2019,15,23,1,2
23/11/2019,4,20,2,3
23/11/2019,26,53,2,3
23/11/2019,15,23,1,2
23/11/2019,4,20,2,3
23/11/2019,26,53,2,3
24/11/2019,21,10,3,5
24/11/2019,52,29,4,3
24/11/2019,6,30,5,4
24/11/2019,8,3,5,6
24/11/2019,14,24,6,2
24/11/2019,1,17,5,1
24/11/2019,12,13,4,2
24/11/2019,19,18,2,4
24/11/2019,25,16,2,1
24/11/2019,54,22,2,4
24/11/2019,28,2,2,1
24/11/2019,21,10,3,5
24/11/2019,52,29,4,3
24/11/2019,6,30,5,4
24/11/2019,8,3,5,6
24/11/2019,14,24,6,2
24/11/2019,1,17,5,1
24/11/2019,12,13,4,2
24/11/2019,19,18,2,4
24/11/2019,25,16,2,1
24/11/2019,54,22,2,4
24/11/2019,28,2,2,1
24/11/2019,13,7,2,5
24/11/2019,13,7,2,5
25/11/2019,17,12,0,2
25/11/2019,53,22,3,4
25/11/2019,17,12,0,2
25/11/2019,53,22,3,4
26/11/2019,14,7,5,2
26/11/2019,3,30,3,2
26/11/2019,4,23,2,1
26/11/2019,5,20,3,2
26/11/2019,29,9,1,0
26/11/2019,18,19,3,2
26/11/2019,25,54,4,2
26/11/2019,24,2,3,0
26/11/2019,26,28,3,4
26/11/2019,14,7,5,2
26/11/2019,3,30,3,2
26/11/2019,4,23,2,1
26/11/2019,5,20,3,2
26/11/2019,29,9,1,0
26/11/2019,18,19,3,2
26/11/2019,25,54,4,2
26/11/2019,24,2,3,0
26/11/2019,26,28,3,4
27/11/2019,8,6,1,8
27/11/2019,1,30,2,3
27/11/2019,16,25,3,0
27/11/2019,8,6,1,8
27/11/2019,1,30,2,3
27/11/2019,16,25,3,0
28/11/2019,7,20,2,3
28/11/2019,9,6,1,2
28/11/2019,17,10,0,6
28/11/2019,14,19,3,4
28/11/2019,3,12,3,2
28/11/2019,5,23,8,6
28/11/2019,15,13,4,3
28/11/2019,29,4,2,3
28/11/2019,18,54,3,4
28/11/2019,53,24,4,3
28/11/2019,21,22,4,1
28/11/2019,26,2,4,1
28/11/2019,28,52,1,5
28/11/2019,7,20,2,3
28/11/2019,9,6,1,2
28/11/2019,17,10,0,6
28/11/2019,14,19,3,4
28/11/2019,3,12,3,2
28/11/2019,5,23,8,6
28/11/2019,15,13,4,3
28/11/2019,29,4,2,3
28/11/2019,18,54,3,4
28/11/2019,53,24,4,3
28/11/2019,21,22,4,1
28/11/2019,26,2,4,1
28/11/2019,28,52,1,5
29/11/2019,8,1,4,6
29/11/2019,8,1,4,6
29/11/2019,6,3,3,2
29/11/2019,24,52,0,3
29/11/2019,28,26,4,1
29/11/2019,16,21,2,5
29/11/2019,30,9,7,2
29/11/2019,7,10,6,4
29/11/2019,4,17,6,1
29/11/2019,15,14,4,3
29/11/2019,54,53,2,1
29/11/2019,6,3,3,2
29/11/2019,24,52,0,3
29/11/2019,28,26,4,1
29/11/2019,16,21,2,5
29/11/2019,30,9,7,2
29/11/2019,7,10,6,4
29/11/2019,4,17,6,1
29/11/2019,15,14,4,3
29/11/2019,54,53,2,1
30/11/2019,29,5,5,2
30/11/2019,12,18,0,3
30/11/2019,25,19,1,3
30/11/2019,29,5,5,2
30/11/2019,12,18,0,3
30/11/2019,25,19,1,3
30/11/2019,1,3,0,4
30/11/2019,8,4,3,4
30/11/2019,1,3,0,4
30/11/2019,8,4,3,4
01/12/2019,20,9,3,1
01/12/2019,10,7,2,1
01/12/2019,17,15,2,5
01/12/2019,14,12,2,3
01/12/2019,13,18,3,0
01/12/2019,2,29,2,0
01/12/2019,53,28,2,4
01/12/2019,19,5,5,2
01/12/2019,21,16,7,3
01/12/2019,26,52,2,1
01/12/2019,22,23,2,5
01/12/2019,20,9,3,1
01/12/2019,10,7,2,1
01/12/2019,17,15,2,5
01/12/2019,14,12,2,3
01/12/2019,13,18,3,0
01/12/2019,2,29,2,0
01/12/2019,53,28,2,4
01/12/2019,19,5,5,2
01/12/2019,21,16,7,3
01/12/2019,26,52,2,1
01/12/2019,22,23,2,5
01/12/2019,30,25,3,2
01/12/2019,30,25,3,2
02/12/2019,6,8,3,1
02/12/2019,23,22,2,3
02/12/2019,6,8,3,1
02/12/2019,23,22,2,3
03/12/2019,7,1,7,1
03/12/2019,3,54,1,4
03/12/2019,17,2,1,4
03/12/2019,16,19,0,4
03/12/2019,24,26,4,2
03/12/2019,7,1,7,1
03/12/2019,3,54,1,4
03/12/2019,17,2,1,4
03/12/2019,16,19,0,4
03/12/2019,24,26,4,2
04/12/2019,6,12,2,0
04/12/2019,8,2,4,2
04/12/2019,13,30,2,4
04/12/2019,1,54,3,4
04/12/2019,4,10,6,1
04/12/2019,29,53,2,4
04/12/2019,18,14,2,3
04/12/2019,52,25,5,1
04/12/2019,23,9,5,2
04/12/2019,28,15,2,5
04/12/2019,6,12,2,0
04/12/2019,8,2,4,2
04/12/2019,13,30,2,4
04/12/2019,1,54,3,4
04/12/2019,4,10,6,1
04/12/2019,29,53,2,4
04/12/2019,18,14,2,3
04/12/2019,52,25,5,1
04/12/2019,23,9,5,2
04/12/2019,28,15,2,5
05/12/2019,10,21,1,3
05/12/2019,5,19,3,0
05/12/2019,22,9,2,5
05/12/2019,26,15,1,3
05/12/2019,10,21,1,3
05/12/2019,5,19,3,0
05/12/2019,22,9,2,5
05/12/2019,26,15,1,3
06/12/2019,6,16,3,4
06/12/2019,8,21,2,3
06/12/2019,14,30,4,5
06/12/2019,2,54,3,2
06/12/2019,4,53,1,3
06/12/2019,12,28,3,2
06/12/2019,29,3,2,3
06/12/2019,25,52,3,2
06/12/2019,20,7,4,3
06/12/2019,6,16,3,4
06/12/2019,8,21,2,3
06/12/2019,14,30,4,5
06/12/2019,2,54,3,2
06/12/2019,4,53,1,3
06/12/2019,12,28,3,2
06/12/2019,29,3,2,3
06/12/2019,25,52,3,2
06/12/2019,20,7,4,3
07/12/2019,1,16,1,2
07/12/2019,3,8,1,2
07/12/2019,5,53,2,0
07/12/2019,22,26,2,1
07/12/2019,24,15,2,3
07/12/2019,1,16,1,2
07/12/2019,3,8,1,2
07/12/2019,5,53,2,0
07/12/2019,22,26,2,1
07/12/2019,24,15,2,3
07/12/2019,4,9,4,3
07/12/2019,23,7,6,5
07/12/2019,4,9,4,3
07/12/2019,23,7,6,5
08/12/2019,19,10,2,5
08/12/2019,6,21,1,4
08/12/2019,17,5,3,5
08/12/2019,14,28,7,1
08/12/2019,13,29,4,1
08/12/2019,12,30,6,2
08/12/2019,18,1,6,4
08/12/2019,25,2,3,1
08/12/2019,20,26,4,3
08/12/2019,19,10,2,5
08/12/2019,6,21,1,4
08/12/2019,17,5,3,5
08/12/2019,14,28,7,1
08/12/2019,13,29,4,1
08/12/2019,12,30,6,2
08/12/2019,18,1,6,4
08/12/2019,25,2,3,1
08/12/2019,20,26,4,3
08/12/2019,52,24,3,2
08/12/2019,13,28,5,1
08/12/2019,52,24,3,2
08/12/2019,13,28,5,1
09/12/2019,54,3,0,5
09/12/2019,16,53,3,4
09/12/2019,22,7,2,3
09/12/2019,54,3,0,5
09/12/2019,16,53,3,4
09/12/2019,22,7,2,3
10/12/2019,14,2,1,5
10/12/2019,15,29,2,5
10/12/2019,9,6,5,2
10/12/2019,21,20,4,5
10/12/2019,14,2,1,5
10/12/2019,15,29,2,5
10/12/2019,9,6,5,2
10/12/2019,21,20,4,5
11/12/2019,13,14,1,2
11/12/2019,5,8,1,4
11/12/2019,7,19,5,2
11/12/2019,18,28,3,1
11/12/2019,30,24,2,3
11/12/2019,52,17,5,1
11/12/2019,25,1,2,0
11/12/2019,22,12,3,6
11/12/2019,53,20,2,5
11/12/2019,23,10,1,4
11/12/2019,54,16,5,1
11/12/2019,26,3,3,1
11/12/2019,13,14,1,2
11/12/2019,5,8,1,4
11/12/2019,7,19,5,2
11/12/2019,18,28,3,1
11/12/2019,30,24,2,3
11/12/2019,52,17,5,1
11/12/2019,25,1,2,0
11/12/2019,22,12,3,6
11/12/2019,53,20,2,5
11/12/2019,23,10,1,4
11/12/2019,54,16,5,1
11/12/2019,26,3,3,1
12/12/2019,15,6,3,2
12/12/2019,8,9,3,2
12/12/2019,21,4,3,1
12/12/2019,15,6,3,2
12/12/2019,8,9,3,2
12/12/2019,21,4,3,1
13/12/2019,7,18,4,3
13/12/2019,14,6,3,2
13/12/2019,13,2,1,3
13/12/2019,5,29,1,0
13/12/2019,17,52,5,2
13/12/2019,19,54,4,2
13/12/2019,30,22,6,5
13/12/2019,20,10,4,2
13/12/2019,53,16,5,2
13/12/2019,23,12,1,0
13/12/2019,24,26,1,2
13/12/2019,28,3,3,6
13/12/2019,7,18,4,3
13/12/2019,14,6,3,2
13/12/2019,13,2,1,3
13/12/2019,5,29,1,0
13/12/2019,17,52,5,2
13/12/2019,19,54,4,2
13/12/2019,30,22,6,5
13/12/2019,20,10,4,2
13/12/2019,53,16,5,2
13/12/2019,23,12,1,0
13/12/2019,24,26,1,2
13/12/2019,28,3,3,6
14/12/2019,25,54,2,3
14/12/2019,21,1,3,1
14/12/2019,25,54,2,3
14/12/2019,21,1,3,1
14/12/2019,9,29,4,3
14/12/2019,2,7,3,2
14/12/2019,24,3,4,3
14/12/2019,20,12,0,4
14/12/2019,18,25,1,4
14/12/2019,9,29,4,3
14/12/2019,2,7,3,2
14/12/2019,24,3,4,3
14/12/2019,20,12,0,4
14/12/2019,18,25,1,4
15/12/2019,22,10,1,4
15/12/2019,30,4,4,1
15/12/2019,8,17,1,2
15/12/2019,14,15,2,5
15/12/2019,13,6,2,4
15/12/2019,5,26,5,4
15/12/2019,53,1,1,2
15/12/2019,19,16,4,3
15/12/2019,28,23,4,2
15/12/2019,22,10,1,4
15/12/2019,30,4,4,1
15/12/2019,8,17,1,2
15/12/2019,14,15,2,5
15/12/2019,13,6,2,4
15/12/2019,5,26,5,4
15/12/2019,53,1,1,2
15/12/2019,19,16,4,3
15/12/2019,28,23,4,2
15/12/2019,52,4,7,3
15/12/2019,52,4,7,3
16/12/2019,16,30,5,3
16/12/2019,17,26,2,4
16/12/2019,54,23,6,3
16/12/2019,16,30,5,3
16/12/2019,17,26,2,4
16/12/2019,54,23,6,3
17/12/2019,13,9,6,1
17/12/2019,3,18,2,5
17/12/2019,29,15,3,0
17/12/2019,19,21,5,2
17/12/2019,25,22,1,2
17/12/2019,13,9,6,1
17/12/2019,3,18,2,5
17/12/2019,29,15,3,0
17/12/2019,19,21,5,2
17/12/2019,25,22,1,2
18/12/2019,6,26,3,4
18/12/2019,10,7,5,3
18/12/2019,14,9,4,3
18/12/2019,2,18,3,8
18/12/2019,4,24,4,1
18/12/2019,17,29,3,5
18/12/2019,52,12,3,6
18/12/2019,20,5,1,4
18/12/2019,23,8,1,3
18/12/2019,54,30,3,2
18/12/2019,28,53,2,3
18/12/2019,6,26,3,4
18/12/2019,10,7,5,3
18/12/2019,14,9,4,3
18/12/2019,2,18,3,8
18/12/2019,4,24,4,1
18/12/2019,17,29,3,5
18/12/2019,52,12,3,6
18/12/2019,20,5,1,4
18/12/2019,23,8,1,3
18/12/2019,54,30,3,2
18/12/2019,28,53,2,3
19/12/2019,1,24,3,1
19/12/2019,16,21,1,4
19/12/2019,19,22,2,1
19/12/2019,1,24,3,1
19/12/2019,16,21,1,4
19/12/2019,19,22,2,1
20/12/2019,6,2,2,3
20/12/2019,14,25,3,4
20/12/2019,4,7,6,1
20/12/2019,29,26,3,2
20/12/2019,9,18,5,4
20/12/2019,52,16,1,4
20/12/2019,21,12,1,3
20/12/2019,20,8,3,4
20/12/2019,53,30,5,8
20/12/2019,23,54,5,4
20/12/2019,6,2,2,3
20/12/2019,14,25,3,4
20/12/2019,4,7,6,1
20/12/2019,29,26,3,2
20/12/2019,9,18,5,4
20/12/2019,52,16,1,4
20/12/2019,21,12,1,3
20/12/2019,20,8,3,4
20/12/2019,53,30,5,8
20/12/2019,23,54,5,4
21/12/2019,13,25,7,4
21/12/2019,1,15,3,6
21/12/2019,3,10,3,6
21/12/2019,22,5,2,5
21/12/2019,13,25,7,4
21/12/2019,1,15,3,6
21/12/2019,3,10,3,6
21/12/2019,22,5,2,5
21/12/2019,7,26,3,2
21/12/2019,2,24,5,6
21/12/2019,30,52,0,6
21/12/2019,7,26,3,2
21/12/2019,2,24,5,6
21/12/2019,30,52,0,6
22/12/2019,22,8,4,3
22/12/2019,6,18,3,4
22/12/2019,10,17,4,1
22/12/2019,9,4,4,5
22/12/2019,15,14,3,1
22/12/2019,12,13,2,4
22/12/2019,29,1,5,1
22/12/2019,21,16,3,5
22/12/2019,23,5,4,1
22/12/2019,28,19,2,5
22/12/2019,22,8,4,3
22/12/2019,6,18,3,4
22/12/2019,10,17,4,1
22/12/2019,9,4,4,5
22/12/2019,15,14,3,1
22/12/2019,12,13,2,4
22/12/2019,29,1,5,1
22/12/2019,21,16,3,5
22/12/2019,23,5,4,1
22/12/2019,28,19,2,5
22/12/2019,3,24,5,1
22/12/2019,3,24,5,1
23/12/2019,25,20,1,5
23/12/2019,17,53,2,5
23/12/2019,28,54,1,3
23/12/2019,25,20,1,5
23/12/2019,17,53,2,5
23/12/2019,28,54,1,3
23/12/2019,10,12,8,6
23/12/2019,30,20,3,0
23/12/2019,10,12,8,6
23/12/2019,30,20,3,0
24/12/2019,6,15,7,3
24/12/2019,14,13,6,1
24/12/2019,2,29,2,3
24/12/2019,4,3,5,1
24/12/2019,9,7,3,1
24/12/2019,18,53,3,2
24/12/2019,52,8,2,6
24/12/2019,16,1,1,7
24/12/2019,23,22,4,2
24/12/2019,54,21,3,7
24/12/2019,26,19,1,4
24/12/2019,6,15,7,3
24/12/2019,14,13,6,1
24/12/2019,2,29,2,3
24/12/2019,4,3,5,1
24/12/2019,9,7,3,1
24/12/2019,18,53,3,2
24/12/2019,52,8,2,6
24/12/2019,16,1,1,7
24/12/2019,23,22,4,2
24/12/2019,54,21,3,7
24/12/2019,26,19,1,4
28/12/2019,7,6,0,3
28/12/2019,1,10,4,5
28/12/2019,3,12,5,3
28/12/2019,15,29,2,1
28/12/2019,21,30,4,6
28/12/2019,18,5,2,5
28/12/2019,52,19,4,5
28/12/2019,16,2,5,2
28/12/2019,22,20,1,5
28/12/2019,24,54,4,3
28/12/2019,28,26,2,3
28/12/2019,7,6,0,3
28/12/2019,1,10,4,5
28/12/2019,3,12,5,3
28/12/2019,15,29,2,1
28/12/2019,21,30,4,6
28/12/2019,18,5,2,5
28/12/2019,52,19,4,5
28/12/2019,16,2,5,2
28/12/2019,22,20,1,5
28/12/2019,24,54,4,3
28/12/2019,28,26,2,3
29/12/2019,25,21,3,2
29/12/2019,10,3,4,5
29/12/2019,14,8,5,4
29/12/2019,13,17,5,4
29/12/2019,5,18,6,4
29/12/2019,12,15,6,4
29/12/2019,23,26,3,2
29/12/2019,54,53,4,1
29/12/2019,28,4,6,1
29/12/2019,25,21,3,2
29/12/2019,10,3,4,5
29/12/2019,14,8,5,4
29/12/2019,13,17,5,4
29/12/2019,5,18,6,4
29/12/2019,12,15,6,4
29/12/2019,23,26,3,2
29/12/2019,54,53,4,1
29/12/2019,28,4,6,1
29/12/2019,19,52,4,1
29/12/2019,9,1,3,4
29/12/2019,29,16,2,3
29/12/2019,30,2,1,3
29/12/2019,19,52,4,1
29/12/2019,9,1,3,4
29/12/2019,29,16,2,3
29/12/2019,30,2,1,3
30/12/2019,6,7,3,2
30/12/2019,14,17,2,1
30/12/2019,13,8,6,5
30/12/2019,53,25,2,4
30/12/2019,24,4,1,2
30/12/2019,20,23,2,5
30/12/2019,6,7,3,2
30/12/2019,14,17,2,1
30/12/2019,13,8,6,5
30/12/2019,53,25,2,4
30/12/2019,24,4,1,2
30/12/2019,20,23,2,5
31/12/2019,5,9,5,2
31/12/2019,5,9,5,2
31/12/2019,1,6,3,2
31/12/2019,15,2,3,4
31/12/2019,54,24,5,2
31/12/2019,30,10,1,4
31/12/2019,1,6,3,2
31/12/2019,15,2,3,4
31/12/2019,54,24,5,2
31/12/2019,30,10,1,4
01/01/2020,7,14,4,6
01/01/2020,12,8,3,1
01/01/2020,29,13,4,1
01/01/2020,17,28,2,0
01/01/2020,21,52,4,7
01/01/2020,26,4,5,3
01/01/2020,20,16,3,5
01/01/2020,22,3,7,5
01/01/2020,53,19,3,1
01/01/2020,7,14,4,6
01/01/2020,12,8,3,1
01/01/2020,29,13,4,1
01/01/2020,17,28,2,0
01/01/2020,21,52,4,7
01/01/2020,26,4,5,3
01/01/2020,20,16,3,5
01/01/2020,22,3,7,5
01/01/2020,53,19,3,1
01/01/2020,25,18,4,2
01/01/2020,25,18,4,2
03/01/2020,6,29,1,2
03/01/2020,7,22,3,2
03/01/2020,8,14,1,2
03/01/2020,2,1,1,2
03/01/2020,5,28,2,3
03/01/2020,9,13,3,6
03/01/2020,52,10,3,6
03/01/2020,20,3,4,3
03/01/2020,53,24,4,2
03/01/2020,21,19,7,3
03/01/2020,23,16,7,5
03/01/2020,54,4,5,4
03/01/2020,6,29,1,2
03/01/2020,7,22,3,2
03/01/2020,8,14,1,2
03/01/2020,2,1,1,2
03/01/2020,5,28,2,3
03/01/2020,9,13,3,6
03/01/2020,52,10,3,6
03/01/2020,20,3,4,3
03/01/2020,53,24,4,2
03/01/2020,21,19,7,3
03/01/2020,23,16,7,5
03/01/2020,54,4,5,4
04/01/2020,12,15,3,4
04/01/2020,25,17,4,1
04/01/2020,12,15,3,4
04/01/2020,25,17,4,1
04/01/2020,6,22,1,4
04/01/2020,29,28,2,3
04/01/2020,7,13,3,2
04/01/2020,30,52,3,2
04/01/2020,54,19,5,4
04/01/2020,6,22,1,4
04/01/2020,29,28,2,3
04/01/2020,7,13,3,2
04/01/2020,30,52,3,2
04/01/2020,54,19,5,4
05/01/2020,10,2,3,0
05/01/2020,8,5,2,3
05/01/2020,9,14,3,5
05/01/2020,1,21,2,5
05/01/2020,53,4,6,2
05/01/2020,23,3,2,1
05/01/2020,26,18,1,4
05/01/2020,10,2,3,0
05/01/2020,8,5,2,3
05/01/2020,9,14,3,5
05/01/2020,1,21,2,5
05/01/2020,53,4,6,2
05/01/2020,23,3,2,1
05/01/2020,26,18,1,4
05/01/2020,15,28,5,4
05/01/2020,5,13,1,4
05/01/2020,12,14,1,3
05/01/2020,15,28,5,4
05/01/2020,5,13,1,4
05/01/2020,12,14,1,3
06/01/2020,30,20,4,5
06/01/2020,16,17,4,2
06/01/2020,24,18,5,4
06/01/2020,30,20,4,5
06/01/2020,16,17,4,2
06/01/2020,24,18,5,4
07/01/2020,10,22,4,6
07/01/2020,8,52,2,3
07/01/2020,2,21,1,0
07/01/2020,26,29,2,4
07/01/2020,10,22,4,6
07/01/2020,8,52,2,3
07/01/2020,2,21,1,0
07/01/2020,26,29,2,4
08/01/2020,14,23,9,2
08/01/2020,13,53,2,5
08/01/2020,1,2,3,4
08/01/2020,15,9,6,1
08/01/2020,12,4,5,4
08/01/2020,3,21,5,3
08/01/2020,17,8,4,3
08/01/2020,19,28,3,2
08/01/2020,18,6,2,6
08/01/2020,16,20,1,2
08/01/2020,54,5,3,4
08/01/2020,24,29,3,4
08/01/2020,14,23,9,2
08/01/2020,13,53,2,5
08/01/2020,1,2,3,4
08/01/2020,15,9,6,1
08/01/2020,12,4,5,4
08/01/2020,3,21,5,3
08/01/2020,17,8,4,3
08/01/2020,19,28,3,2
08/01/2020,18,6,2,6
08/01/2020,16,20,1,2
08/01/2020,54,5,3,4
08/01/2020,24,29,3,4
09/01/2020,10,52,3,4
09/01/2020,4,15,3,2
09/01/2020,26,25,1,2
09/01/2020,10,52,3,4
09/01/2020,4,15,3,2
09/01/2020,26,25,1,2
10/01/2020,6,52,5,4
10/01/2020,8,22,2,4
10/01/2020,14,53,4,0
10/01/2020,13,23,5,2
10/01/2020,3,1,6,3
10/01/2020,19,7,5,1
10/01/2020,16,18,2,5
10/01/2020,20,30,2,1
10/01/2020,54,26,2,5
10/01/2020,24,25,0,3
10/01/2020,28,29,3,1
10/01/2020,6,52,5,4
10/01/2020,8,22,2,4
10/01/2020,14,53,4,0
10/01/2020,13,23,5,2
10/01/2020,3,1,6,3
10/01/2020,19,7,5,1
10/01/2020,16,18,2,5
10/01/2020,20,30,2,1
10/01/2020,54,26,2,5
10/01/2020,24,25,0,3
10/01/2020,28,29,3,1
11/01/2020,17,9,3,2
11/01/2020,12,53,3,0
11/01/2020,21,5,3,4
11/01/2020,17,9,3,2
11/01/2020,12,53,3,0
11/01/2020,21,5,3,4
11/01/2020,7,23,3,6
11/01/2020,7,23,3,6
12/01/2020,9,8,1,2
12/01/2020,2,6,2,3
12/01/2020,4,14,0,1
12/01/2020,15,1,1,5
12/01/2020,12,26,2,0
12/01/2020,19,3,5,2
12/01/2020,16,24,4,2
12/01/2020,54,29,0,3
12/01/2020,20,22,4,3
12/01/2020,28,25,2,1
12/01/2020,9,8,1,2
12/01/2020,2,6,2,3
12/01/2020,4,14,0,1
12/01/2020,15,1,1,5
12/01/2020,12,26,2,0
12/01/2020,19,3,5,2
12/01/2020,16,24,4,2
12/01/2020,54,29,0,3
12/01/2020,20,22,4,3
12/01/2020,28,25,2,1
12/01/2020,52,18,0,1
12/01/2020,30,23,1,4
12/01/2020,17,7,1,5
12/01/2020,53,5,3,4
12/01/2020,52,18,0,1
12/01/2020,30,23,1,4
12/01/2020,17,7,1,5
12/01/2020,53,5,3,4
13/01/2020,13,10,8,4
13/01/2020,1,14,3,1
13/01/2020,13,10,8,4
13/01/2020,1,14,3,1
14/01/2020,8,20,2,0
14/01/2020,3,2,6,2
14/01/2020,4,6,6,5
14/01/2020,15,12,2,0
14/01/2020,19,24,4,1
14/01/2020,8,20,2,0
14/01/2020,3,2,6,2
14/01/2020,4,6,6,5
14/01/2020,15,12,2,0
14/01/2020,19,24,4,1
15/01/2020,7,54,4,2
15/01/2020,10,1,7,4
15/01/2020,14,26,4,3
15/01/2020,2,17,8,2
15/01/2020,5,30,7,3
15/01/2020,29,6,3,0
15/01/2020,9,16,2,3
15/01/2020,52,23,4,0
15/01/2020,21,25,2,3
15/01/2020,22,18,4,2
15/01/2020,53,28,6,3
15/01/2020,7,54,4,2
15/01/2020,10,1,7,4
15/01/2020,14,26,4,3
15/01/2020,2,17,8,2
15/01/2020,5,30,7,3
15/01/2020,29,6,3,0
15/01/2020,9,16,2,3
15/01/2020,52,23,4,0
15/01/2020,21,25,2,3
15/01/2020,22,18,4,2
15/01/2020,53,28,6,3
16/01/2020,8,16,1,4
16/01/2020,19,4,3,4
16/01/2020,8,16,1,4
16/01/2020,19,4,3,4
17/01/2020,6,5,4,1
17/01/2020,10,20,1,2
17/01/2020,13,26,4,3
17/01/2020,2,3,2,3
17/01/2020,4,8,1,4
17/01/2020,15,1,5,2
17/01/2020,29,12,3,2
17/01/2020,9,54,2,4
17/01/2020,18,24,2,4
17/01/2020,30,14,3,2
17/01/2020,25,7,1,4
17/01/2020,21,28,4,0
17/01/2020,23,53,3,1
17/01/2020,6,5,4,1
17/01/2020,10,20,1,2
17/01/2020,13,26,4,3
17/01/2020,2,3,2,3
17/01/2020,4,8,1,4
17/01/2020,15,1,5,2
17/01/2020,29,12,3,2
17/01/2020,9,54,2,4
17/01/2020,18,24,2,4
17/01/2020,30,14,3,2
17/01/2020,25,7,1,4
17/01/2020,21,28,4,0
17/01/2020,23,53,3,1
18/01/2020,17,5,1,2
18/01/2020,12,24,1,2
18/01/2020,52,14,1,7
18/01/2020,17,5,1,2
18/01/2020,12,24,1,2
18/01/2020,52,14,1,7
18/01/2020,2,15,4,6
18/01/2020,21,19,5,3
18/01/2020,22,53,7,3
18/01/2020,9,20,5,2
18/01/2020,2,15,4,6
18/01/2020,21,19,5,3
18/01/2020,22,53,7,3
18/01/2020,9,20,5,2
19/01/2020,10,16,2,6
19/01/2020,8,54,5,4
19/01/2020,17,13,1,4
19/01/2020,4,26,4,1
19/01/2020,29,1,5,0
19/01/2020,18,7,2,1
19/01/2020,30,25,7,0
19/01/2020,23,28,4,1
19/01/2020,10,16,2,6
19/01/2020,8,54,5,4
19/01/2020,17,13,1,4
19/01/2020,4,26,4,1
19/01/2020,29,1,5,0
19/01/2020,18,7,2,1
19/01/2020,30,25,7,0
19/01/2020,23,28,4,1
19/01/2020,5,6,4,3
19/01/2020,12,2,2,1
19/01/2020,5,6,4,3
19/01/2020,12,2,2,1
20/01/2020,16,52,5,2
20/01/2020,3,29,1,2
20/01/2020,16,52,5,2
20/01/2020,3,29,1,2
20/01/2020,21,17,6,3
20/01/2020,21,17,6,3
21/01/2020,30,13,4,5
21/01/2020,30,13,4,5
22/01/2020,6,54,3,2
22/01/2020,3,2,2,4
22/01/2020,12,52,4,1
22/01/2020,4,5,3,0
22/01/2020,16,13,3,4
22/01/2020,6,54,3,2
22/01/2020,3,2,2,4
22/01/2020,12,52,4,1
22/01/2020,4,5,3,0
22/01/2020,16,13,3,4
23/01/2020,29,52,4,3
23/01/2020,30,17,4,2
23/01/2020,29,52,4,3
23/01/2020,30,17,4,2
26/01/2020,87,88,9,5
26/01/2020,89,90,5,10
26/01/2020,90,87,5,4
26/01/2020,87,88,9,5
26/01/2020,89,90,5,10
26/01/2020,90,87,5,4
28/01/2020,8,15,2,4
28/01/2020,9,1,3,4
28/01/2020,18,10,2,5
28/01/2020,25,14,3,2
28/01/2020,23,19,3,1
28/01/2020,28,24,4,2
28/01/2020,8,15,2,4
28/01/2020,9,1,3,4
28/01/2020,18,10,2,5
28/01/2020,25,14,3,2
28/01/2020,23,19,3,1
28/01/2020,28,24,4,2
29/01/2020,7,9,2,5
29/01/2020,20,19,4,5
29/01/2020,7,9,2,5
29/01/2020,20,19,4,5
30/01/2020,25,10,3,5
30/01/2020,15,18,4,5
30/01/2020,24,53,4,2
30/01/2020,26,14,2,4
30/01/2020,22,20,3,4
30/01/2020,28,23,2,5
30/01/2020,25,10,3,5
30/01/2020,15,18,4,5
30/01/2020,24,53,4,2
30/01/2020,26,14,2,4
30/01/2020,22,20,3,4
30/01/2020,28,23,2,5
31/01/2020,7,8,1,3
31/01/2020,1,18,5,6
31/01/2020,53,26,2,3
31/01/2020,7,8,1,3
31/01/2020,1,18,5,6
31/01/2020,53,26,2,3
01/02/2020,3,17,4,2
01/02/2020,5,4,4,3
01/02/2020,9,15,3,5
01/02/2020,12,54,3,4
01/02/2020,52,6,1,2
01/02/2020,22,19,4,2
01/02/2020,24,14,3,4
01/02/2020,3,17,4,2
01/02/2020,5,4,4,3
01/02/2020,9,15,3,5
01/02/2020,12,54,3,4
01/02/2020,52,6,1,2
01/02/2020,22,19,4,2
01/02/2020,24,14,3,4
01/02/2020,7,29,2,1
01/02/2020,2,23,3,4
01/02/2020,8,13,4,0
01/02/2020,7,29,2,1
01/02/2020,2,23,3,4
01/02/2020,8,13,4,0
02/02/2020,52,19,5,2
02/02/2020,10,9,2,1
02/02/2020,17,3,0,1
02/02/2020,1,25,2,3
02/02/2020,4,21,6,3
02/02/2020,53,16,2,3
02/02/2020,18,54,0,3
02/02/2020,30,6,1,6
02/02/2020,20,22,3,8
02/02/2020,26,24,1,3
02/02/2020,28,14,0,3
02/02/2020,52,19,5,2
02/02/2020,10,9,2,1
02/02/2020,17,3,0,1
02/02/2020,1,25,2,3
02/02/2020,4,21,6,3
02/02/2020,53,16,2,3
02/02/2020,18,54,0,3
02/02/2020,30,6,1,6
02/02/2020,20,22,3,8
02/02/2020,26,24,1,3
02/02/2020,28,14,0,3
02/02/2020,15,5,3,4
02/02/2020,8,29,3,4
02/02/2020,12,23,4,3
02/02/2020,15,5,3,4
02/02/2020,8,29,3,4
02/02/2020,12,23,4,3
04/02/2020,10,13,3,5
04/02/2020,3,25,3,5
04/02/2020,17,4,0,3
04/02/2020,10,13,3,5
04/02/2020,3,25,3,5
04/02/2020,17,4,0,3
05/02/2020,6,23,4,0
05/02/2020,7,21,1,6
05/02/2020,14,54,4,2
05/02/2020,1,8,4,5
05/02/2020,2,25,4,3
05/02/2020,15,26,4,2
05/02/2020,29,13,1,0
05/02/2020,9,24,2,3
05/02/2020,19,12,6,3
05/02/2020,30,16,3,2
05/02/2020,52,18,1,2
05/02/2020,20,28,1,3
05/02/2020,53,22,3,0
05/02/2020,6,23,4,0
05/02/2020,7,21,1,6
05/02/2020,14,54,4,2
05/02/2020,1,8,4,5
05/02/2020,2,25,4,3
05/02/2020,15,26,4,2
05/02/2020,29,13,1,0
05/02/2020,9,24,2,3
05/02/2020,19,12,6,3
05/02/2020,30,16,3,2
05/02/2020,52,18,1,2
05/02/2020,20,28,1,3
05/02/2020,53,22,3,0
06/02/2020,3,10,5,3
06/02/2020,16,6,1,2
06/02/2020,3,10,5,3
06/02/2020,16,6,1,2
07/02/2020,7,17,3,4
07/02/2020,8,24,3,2
07/02/2020,14,5,4,2
07/02/2020,13,54,2,7
07/02/2020,2,26,5,3
07/02/2020,4,1,0,5
07/02/2020,9,21,1,4
07/02/2020,19,52,2,4
07/02/2020,30,23,4,2
07/02/2020,20,18,2,3
07/02/2020,53,12,3,5
07/02/2020,22,28,3,6
07/02/2020,7,17,3,4
07/02/2020,8,24,3,2
07/02/2020,14,5,4,2
07/02/2020,13,54,2,7
07/02/2020,2,26,5,3
07/02/2020,4,1,0,5
07/02/2020,9,21,1,4
07/02/2020,19,52,2,4
07/02/2020,30,23,4,2
07/02/2020,20,18,2,3
07/02/2020,53,12,3,5
07/02/2020,22,28,3,6
08/02/2020,10,24,5,4
08/02/2020,3,7,2,3
08/02/2020,29,17,2,0
08/02/2020,25,30,2,3
08/02/2020,10,24,5,4
08/02/2020,3,7,2,3
08/02/2020,29,17,2,0
08/02/2020,25,30,2,3
08/02/2020,52,9,5,2
08/02/2020,6,53,4,2
08/02/2020,52,9,5,2
08/02/2020,6,53,4,2
09/02/2020,22,18,3,2
09/02/2020,8,10,2,1
09/02/2020,14,2,3,1
09/02/2020,13,5,2,3
09/02/2020,1,26,3,0
09/02/2020,15,4,2,7
09/02/2020,29,21,1,2
09/02/2020,19,25,2,3
09/02/2020,23,20,2,6
09/02/2020,54,12,5,6
09/02/2020,22,18,3,2
09/02/2020,8,10,2,1
09/02/2020,14,2,3,1
09/02/2020,13,5,2,3
09/02/2020,1,26,3,0
09/02/2020,15,4,2,7
09/02/2020,29,21,1,2
09/02/2020,19,25,2,3
09/02/2020,23,20,2,6
09/02/2020,54,12,5,6
09/02/2020,17,6,3,1
09/02/2020,7,24,2,3
09/02/2020,3,26,4,1
09/02/2020,17,6,3,1
09/02/2020,7,24,2,3
09/02/2020,3,26,4,1
10/02/2020,52,16,5,2
10/02/2020,30,21,2,3
10/02/2020,52,16,5,2
10/02/2020,30,21,2,3
11/02/2020,8,53,2,3
11/02/2020,4,13,4,1
11/02/2020,15,2,3,5
11/02/2020,29,14,1,2
11/02/2020,23,18,6,2
11/02/2020,28,20,2,6
11/02/2020,8,53,2,3
11/02/2020,4,13,4,1
11/02/2020,15,2,3,5
11/02/2020,29,14,1,2
11/02/2020,23,18,6,2
11/02/2020,28,20,2,6
12/02/2020,7,17,3,2
12/02/2020,10,53,3,2
12/02/2020,1,13,3,5
12/02/2020,2,4,5,3
12/02/2020,5,14,1,2
12/02/2020,30,54,4,0
12/02/2020,52,3,1,4
12/02/2020,25,12,4,1
12/02/2020,21,9,3,0
12/02/2020,22,16,5,3
12/02/2020,7,17,3,2
12/02/2020,10,53,3,2
12/02/2020,1,13,3,5
12/02/2020,2,4,5,3
12/02/2020,5,14,1,2
12/02/2020,30,54,4,0
12/02/2020,52,3,1,4
12/02/2020,25,12,4,1
12/02/2020,21,9,3,0
12/02/2020,22,16,5,3
13/02/2020,6,8,4,1
13/02/2020,26,20,5,3
13/02/2020,23,16,3,0
13/02/2020,6,8,4,1
13/02/2020,26,20,5,3
13/02/2020,23,16,3,0
14/02/2020,7,29,4,3
14/02/2020,10,25,2,3
14/02/2020,14,22,3,1
14/02/2020,13,4,2,6
14/02/2020,1,17,4,1
14/02/2020,9,53,3,2
14/02/2020,18,2,5,0
14/02/2020,30,3,3,4
14/02/2020,21,15,2,3
14/02/2020,54,19,6,5
14/02/2020,24,20,0,6
14/02/2020,7,29,4,3
14/02/2020,10,25,2,3
14/02/2020,14,22,3,1
14/02/2020,13,4,2,6
14/02/2020,1,17,4,1
14/02/2020,9,53,3,2
14/02/2020,18,2,5,0
14/02/2020,30,3,3,4
14/02/2020,21,15,2,3
14/02/2020,54,19,6,5
14/02/2020,24,20,0,6
15/02/2020,52,28,2,3
15/02/2020,5,8,4,1
15/02/2020,29,3,1,3
15/02/2020,12,1,5,2
15/02/2020,52,28,2,3
15/02/2020,5,8,4,1
15/02/2020,29,3,1,3
15/02/2020,12,1,5,2
15/02/2020,6,17,4,1
15/02/2020,19,18,3,4
15/02/2020,14,4,5,3
15/02/2020,13,22,1,4
15/02/2020,30,28,0,2
15/02/2020,6,17,4,1
15/02/2020,19,18,3,4
15/02/2020,14,4,5,3
15/02/2020,13,22,1,4
15/02/2020,30,28,0,2
16/02/2020,8,25,3,4
16/02/2020,9,10,2,4
16/02/2020,21,26,1,3
16/02/2020,20,16,4,8
16/02/2020,53,15,3,1
16/02/2020,54,2,1,0
16/02/2020,8,25,3,4
16/02/2020,9,10,2,4
16/02/2020,21,26,1,3
16/02/2020,20,16,4,8
16/02/2020,53,15,3,1
16/02/2020,54,2,1,0
16/02/2020,5,17,5,1
16/02/2020,3,6,1,3
16/02/2020,12,22,3,4
16/02/2020,23,24,1,5
16/02/2020,18,19,2,1
16/02/2020,9,25,4,3
16/02/2020,1,29,4,3
16/02/2020,5,17,5,1
16/02/2020,3,6,1,3
16/02/2020,12,22,3,4
16/02/2020,23,24,1,5
16/02/2020,18,19,2,1
16/02/2020,9,25,4,3
16/02/2020,1,29,4,3
17/02/2020,7,10,5,2
17/02/2020,52,16,3,2
17/02/2020,7,10,5,2
17/02/2020,52,16,3,2
17/02/2020,28,13,3,5
17/02/2020,20,24,6,4
17/02/2020,53,2,2,1
17/02/2020,54,15,3,2
17/02/2020,28,13,3,5
17/02/2020,20,24,6,4
17/02/2020,53,2,2,1
17/02/2020,54,15,3,2
18/02/2020,21,14,3,4
18/02/2020,21,14,3,4
19/02/2020,4,29,5,1
19/02/2020,5,10,5,2
19/02/2020,9,7,7,4
19/02/2020,17,8,4,3
19/02/2020,19,1,3,0
19/02/2020,18,12,1,4
19/02/2020,52,26,6,3
19/02/2020,4,29,5,1
19/02/2020,5,10,5,2
19/02/2020,9,7,7,4
19/02/2020,17,8,4,3
19/02/2020,19,1,3,0
19/02/2020,18,12,1,4
19/02/2020,52,26,6,3
20/02/2020,16,3,3,6
20/02/2020,22,6,1,2
20/02/2020,25,53,3,2
20/02/2020,24,13,1,4
20/02/2020,21,2,3,1
20/02/2020,23,30,3,4
20/02/2020,16,3,3,6
20/02/2020,22,6,1,2
20/02/2020,25,53,3,2
20/02/2020,24,13,1,4
20/02/2020,21,2,3,1
20/02/2020,23,30,3,4
21/02/2020,10,5,4,0
21/02/2020,1,28,2,1
21/02/2020,15,8,3,4
21/02/2020,29,4,3,4
21/02/2020,9,52,1,5
21/02/2020,19,53,1,0
21/02/2020,54,14,5,3
21/02/2020,26,13,5,4
21/02/2020,10,5,4,0
21/02/2020,1,28,2,1
21/02/2020,15,8,3,4
21/02/2020,29,4,3,4
21/02/2020,9,52,1,5
21/02/2020,19,53,1,0
21/02/2020,54,14,5,3
21/02/2020,26,13,5,4
22/02/2020,12,3,2,5
22/02/2020,2,17,4,1
22/02/2020,16,18,2,1
22/02/2020,25,19,1,5
22/02/2020,20,6,3,4
22/02/2020,22,30,3,5
22/02/2020,24,21,0,1
22/02/2020,12,3,2,5
22/02/2020,2,17,4,1
22/02/2020,16,18,2,1
22/02/2020,25,19,1,5
22/02/2020,20,6,3,4
22/02/2020,22,30,3,5
22/02/2020,24,21,0,1
22/02/2020,1,15,3,2
22/02/2020,4,52,4,2
22/02/2020,5,7,2,5
22/02/2020,1,15,3,2
22/02/2020,4,52,4,2
22/02/2020,5,7,2,5
23/02/2020,10,12,3,6
23/02/2020,9,8,0,3
23/02/2020,3,28,3,2
23/02/2020,53,14,7,3
23/02/2020,18,29,4,3
23/02/2020,23,6,9,3
23/02/2020,54,13,5,3
23/02/2020,26,21,1,2
23/02/2020,10,12,3,6
23/02/2020,9,8,0,3
23/02/2020,3,28,3,2
23/02/2020,53,14,7,3
23/02/2020,18,29,4,3
23/02/2020,23,6,9,3
23/02/2020,54,13,5,3
23/02/2020,26,21,1,2
23/02/2020,15,5,5,3
23/02/2020,25,16,2,1
23/02/2020,7,52,2,1
23/02/2020,2,28,4,1
23/02/2020,15,5,5,3
23/02/2020,25,16,2,1
23/02/2020,7,52,2,1
23/02/2020,2,28,4,1
24/02/2020,17,20,2,4
24/02/2020,30,19,1,4
24/02/2020,24,54,5,6
24/02/2020,26,22,2,4
24/02/2020,17,20,2,4
24/02/2020,30,19,1,4
24/02/2020,24,54,5,6
24/02/2020,26,22,2,4
25/02/2020,29,9,4,3
25/02/2020,29,9,4,3
26/02/2020,6,20,2,5
26/02/2020,8,23,3,4
26/02/2020,14,10,3,4
26/02/2020,2,3,3,4
26/02/2020,4,28,4,2
26/02/2020,15,52,4,3
26/02/2020,12,25,1,4
26/02/2020,17,1,1,4
26/02/2020,19,16,6,5
26/02/2020,18,9,3,2
26/02/2020,30,29,5,4
26/02/2020,53,13,1,2
26/02/2020,24,22,4,3
26/02/2020,6,20,2,5
26/02/2020,8,23,3,4
26/02/2020,14,10,3,4
26/02/2020,2,3,3,4
26/02/2020,4,28,4,2
26/02/2020,15,52,4,3
26/02/2020,12,25,1,4
26/02/2020,17,1,1,4
26/02/2020,19,16,6,5
26/02/2020,18,9,3,2
26/02/2020,30,29,5,4
26/02/2020,53,13,1,2
26/02/2020,24,22,4,3
27/02/2020,21,7,3,2
27/02/2020,54,22,3,0
27/02/2020,26,5,2,1
27/02/2020,21,7,3,2
27/02/2020,54,22,3,0
27/02/2020,26,5,2,1
28/02/2020,8,3,2,5
28/02/2020,14,16,2,5
28/02/2020,13,10,3,5
28/02/2020,6,25,4,3
28/02/2020,9,23,5,2
28/02/2020,17,30,1,7
28/02/2020,19,2,3,2
28/02/2020,18,20,4,3
28/02/2020,52,15,3,0
28/02/2020,28,1,3,2
28/02/2020,8,3,2,5
28/02/2020,14,16,2,5
28/02/2020,13,10,3,5
28/02/2020,6,25,4,3
28/02/2020,9,23,5,2
28/02/2020,17,30,1,7
28/02/2020,19,2,3,2
28/02/2020,18,20,4,3
28/02/2020,52,15,3,0
28/02/2020,28,1,3,2
29/02/2020,4,3,5,2
29/02/2020,29,30,0,5
29/02/2020,12,21,2,3
29/02/2020,54,7,4,2
29/02/2020,24,5,3,2
29/02/2020,4,3,5,2
29/02/2020,29,30,0,5
29/02/2020,12,21,2,3
29/02/2020,54,7,4,2
29/02/2020,24,5,3,2
29/02/2020,2,6,0,4
29/02/2020,26,1,2,1
29/02/2020,14,20,4,3
29/02/2020,13,16,2,3
29/02/2020,2,6,0,4
29/02/2020,26,1,2,1
29/02/2020,14,20,4,3
29/02/2020,13,16,2,3
01/03/2020,18,21,2,3
01/03/2020,10,23,4,2
01/03/2020,8,12,4,3
01/03/2020,9,17,4,3
01/03/2020,53,7,5,2
01/03/2020,19,25,4,3
01/03/2020,22,52,3,2
01/03/2020,28,5,5,0
01/03/2020,18,21,2,3
01/03/2020,10,23,4,2
01/03/2020,8,12,4,3
01/03/2020,9,17,4,3
01/03/2020,53,7,5,2
01/03/2020,19,25,4,3
01/03/2020,22,52,3,2
01/03/2020,28,5,5,0
01/03/2020,3,4,3,5
01/03/2020,13,20,0,3
01/03/2020,3,4,3,5
01/03/2020,13,20,0,3
02/03/2020,29,23,5,3
02/03/2020,24,1,0,3
02/03/2020,30,15,3,4
02/03/2020,54,26,1,4
02/03/2020,29,23,5,3
02/03/2020,24,1,0,3
02/03/2020,30,15,3,4
02/03/2020,54,26,1,4
03/03/2020,17,21,1,2
03/03/2020,18,22,3,8
03/03/2020,17,21,1,2
03/03/2020,18,22,3,8
04/03/2020,2,8,2,6
04/03/2020,3,19,1,3
04/03/2020,5,9,7,3
04/03/2020,14,6,1,2
04/03/2020,30,18,3,1
04/03/2020,52,7,3,1
04/03/2020,16,24,6,2
04/03/2020,25,22,1,2
04/03/2020,54,1,3,0
04/03/2020,28,10,5,2
04/03/2020,2,8,2,6
04/03/2020,3,19,1,3
04/03/2020,5,9,7,3
04/03/2020,14,6,1,2
04/03/2020,30,18,3,1
04/03/2020,52,7,3,1
04/03/2020,16,24,6,2
04/03/2020,25,22,1,2
04/03/2020,54,1,3,0
04/03/2020,28,10,5,2
05/03/2020,15,4,2,5
05/03/2020,20,29,3,2
05/03/2020,21,24,3,4
05/03/2020,23,53,2,4
05/03/2020,15,4,2,5
05/03/2020,20,29,3,2
05/03/2020,21,24,3,4
05/03/2020,23,53,2,4
06/03/2020,7,5,2,4
06/03/2020,14,8,4,0
06/03/2020,13,6,1,2
06/03/2020,3,15,6,5
06/03/2020,4,12,4,1
06/03/2020,9,2,4,3
06/03/2020,18,25,2,0
06/03/2020,16,22,4,3
06/03/2020,26,10,1,0
06/03/2020,28,30,2,3
06/03/2020,7,5,2,4
06/03/2020,14,8,4,0
06/03/2020,13,6,1,2
06/03/2020,3,15,6,5
06/03/2020,4,12,4,1
06/03/2020,9,2,4,3
06/03/2020,18,25,2,0
06/03/2020,16,22,4,3
06/03/2020,26,10,1,0
06/03/2020,28,30,2,3
07/03/2020,1,19,4,2
07/03/2020,17,16,2,1
07/03/2020,52,54,4,0
07/03/2020,20,53,3,2
07/03/2020,23,21,6,3
07/03/2020,24,10,2,1
07/03/2020,1,19,4,2
07/03/2020,17,16,2,1
07/03/2020,52,54,4,0
07/03/2020,20,53,3,2
07/03/2020,23,21,6,3
07/03/2020,24,10,2,1
07/03/2020,2,12,2,3
07/03/2020,5,15,2,5
07/03/2020,25,18,0,1
07/03/2020,26,30,7,3
07/03/2020,2,12,2,3
07/03/2020,5,15,2,5
07/03/2020,25,18,0,1
07/03/2020,26,30,7,3
08/03/2020,28,9,1,2
08/03/2020,6,14,3,5
08/03/2020,13,8,4,1
08/03/2020,3,1,4,6
08/03/2020,4,7,3,1
08/03/2020,22,29,4,1
08/03/2020,28,9,1,2
08/03/2020,6,14,3,5
08/03/2020,13,8,4,1
08/03/2020,3,1,4,6
08/03/2020,4,7,3,1
08/03/2020,22,29,4,1
08/03/2020,5,12,2,6
08/03/2020,17,14,5,4
08/03/2020,20,54,3,5
08/03/2020,16,19,0,2
08/03/2020,5,12,2,6
08/03/2020,17,14,5,4
08/03/2020,20,54,3,5
08/03/2020,16,19,0,2
09/03/2020,24,30,4,5
09/03/2020,23,29,1,2
09/03/2020,28,21,3,4
09/03/2020,24,30,4,5
09/03/2020,23,29,1,2
09/03/2020,28,21,3,4
09/03/2020,7,15,3,2
09/03/2020,7,15,3,2
10/03/2020,52,53,4,2
10/03/2020,19,13,1,2
10/03/2020,22,54,2,3
10/03/2020,26,21,3,1
10/03/2020,52,53,4,2
10/03/2020,19,13,1,2
10/03/2020,22,54,2,3
10/03/2020,26,21,3,1
10/03/2020,10,14,2,1
10/03/2020,8,18,2,4
10/03/2020,1,5,2,5
10/03/2020,4,6,0,2
10/03/2020,17,12,2,5
10/03/2020,10,14,2,1
10/03/2020,8,18,2,4
10/03/2020,1,5,2,5
10/03/2020,4,6,0,2
10/03/2020,17,12,2,5
11/03/2020,25,3,2,4
11/03/2020,23,2,5,4
11/03/2020,24,9,5,2
11/03/2020,25,3,2,4
11/03/2020,23,2,5,4
11/03/2020,24,9,5,2
12/03/2020,16,28,6,2
12/03/2020,22,52,2,4
12/03/2020,24,19,2,4
12/03/2020,21,3,3,2
12/03/2020,26,9,3,2
12/03/2020,16,28,6,2
12/03/2020,22,52,2,4
12/03/2020,24,19,2,4
12/03/2020,21,3,3,2
12/03/2020,26,9,3,2
01/08/2020,12,3,3,2
01/08/2020,22,16,4,6
01/08/2020,2,13,2,1
02/08/2020,5,8,2,3
02/08/2020,20,52,4,1
02/08/2020,18,53,3,4
02/08/2020,6,4,1,4
02/08/2020,21,19,2,1
02/08/2020,18,53,3,4
02/08/2020,6,4,1,4
02/08/2020,21,19,2,1
03/08/2020,10,29,0,2
03/08/2020,23,30,0,3
03/08/2020,10,29,0,2
03/08/2020,23,30,0,3
03/08/2020,12,3,4,1
03/08/2020,20,52,2,3
03/08/2020,14,15,3,2
03/08/2020,54,25,5,3
03/08/2020,12,3,4,1
03/08/2020,20,52,2,3
03/08/2020,14,15,3,2
03/08/2020,54,25,5,3
04/08/2020,5,8,3,1
04/08/2020,22,16,6,3
04/08/2020,5,8,3,1
04/08/2020,22,16,6,3
04/08/2020,2,13,4,2
04/08/2020,18,53,4,2
04/08/2020,10,29,3,0
04/08/2020,52,20,2,6
04/08/2020,2,13,4,2
04/08/2020,18,53,4,2
04/08/2020,10,29,3,0
04/08/2020,52,20,2,6
05/08/2020,3,12,1,4
05/08/2020,23,30,4,3
05/08/2020,3,12,1,4
05/08/2020,23,30,4,3
05/08/2020,13,2,3,2
05/08/2020,53,18,4,1
05/08/2020,6,14,2,3
05/08/2020,25,21,0,4
05/08/2020,13,2,3,2
05/08/2020,53,18,4,1
05/08/2020,6,14,2,3
05/08/2020,25,21,0,4
06/08/2020,8,5,4,3
06/08/2020,16,22,4,3
06/08/2020,8,5,4,3
06/08/2020,16,22,4,3
06/08/2020,30,23,0,3
06/08/2020,4,15,3,1
06/08/2020,19,54,4,6
06/08/2020,30,23,0,3
06/08/2020,4,15,3,1
06/08/2020,19,54,4,6
07/08/2020,29,10,4,3
07/08/2020,52,20,0,4
07/08/2020,29,10,4,3
07/08/2020,52,20,0,4
07/08/2020,13,2,1,5
07/08/2020,53,18,4,3
07/08/2020,8,5,2,0
07/08/2020,16,22,3,2
07/08/2020,13,2,1,5
07/08/2020,53,18,4,3
07/08/2020,8,5,2,0
07/08/2020,16,22,3,2
08/08/2020,29,10,3,4
08/08/2020,30,23,4,5
08/08/2020,29,10,3,4
08/08/2020,30,23,4,5
08/08/2020,21,54,3,4
08/08/2020,21,54,3,4
09/08/2020,14,4,1,4
09/08/2020,14,4,1,4
09/08/2020,15,6,2,1
09/08/2020,19,25,1,2
09/08/2020,15,6,2,1
09/08/2020,19,25,1,2
10/08/2020,10,29,0,3
10/08/2020,10,29,0,3
11/08/2020,14,29,3,2
11/08/2020,25,20,2,3
11/08/2020,14,29,3,2
11/08/2020,25,20,2,3
12/08/2020,54,16,4,1
12/08/2020,54,16,4,1
12/08/2020,6,12,4,3
12/08/2020,15,2,2,4
12/08/2020,21,53,3,0
12/08/2020,6,12,4,3
12/08/2020,15,2,2,4
12/08/2020,21,53,3,0
13/08/2020,4,8,2,1
13/08/2020,19,23,2,5
13/08/2020,4,8,2,1
13/08/2020,19,23,2,5
13/08/2020,14,29,1,3
13/08/2020,54,16,4,3
13/08/2020,14,29,1,3
13/08/2020,54,16,4,3
14/08/2020,6,12,2,3
14/08/2020,25,20,5,4
14/08/2020,6,12,2,3
14/08/2020,25,20,5,4
14/08/2020,21,53,3,2
14/08/2020,4,8,0,5
14/08/2020,19,23,3,4
14/08/2020,21,53,3,2
14/08/2020,4,8,0,5
14/08/2020,19,23,3,4
15/08/2020,15,2,2,5
15/08/2020,20,25,2,0
15/08/2020,15,2,2,5
15/08/2020,20,25,2,0
15/08/2020,12,6,1,3
15/08/2020,53,21,4,2
15/08/2020,29,14,2,3
15/08/2020,12,6,1,3
15/08/2020,53,21,4,2
15/08/2020,29,14,2,3
16/08/2020,16,54,1,2
16/08/2020,16,54,1,2
16/08/2020,2,15,2,1
16/08/2020,20,25,4,5
16/08/2020,16,54,3,1
16/08/2020,2,15,2,1
16/08/2020,20,25,4,5
16/08/2020,16,54,3,1
17/08/2020,8,4,0,1
17/08/2020,23,19,2,3
17/08/2020,8,4,0,1
17/08/2020,23,19,2,3
17/08/2020,29,14,1,2
17/08/2020,53,21,1,7
17/08/2020,29,14,1,2
17/08/2020,53,21,1,7
18/08/2020,12,6,3,4
18/08/2020,23,19,1,3
18/08/2020,12,6,3,4
18/08/2020,23,19,1,3
18/08/2020,8,4,0,2
18/08/2020,25,20,2,1
18/08/2020,8,4,0,2
18/08/2020,25,20,2,1
19/08/2020,2,15,2,3
19/08/2020,54,16,4,3
19/08/2020,2,15,2,3
19/08/2020,54,16,4,3
19/08/2020,14,29,5,4
19/08/2020,6,12,2,1
19/08/2020,21,53,7,1
19/08/2020,14,29,5,4
19/08/2020,6,12,2,1
19/08/2020,21,53,7,1
20/08/2020,4,8,3,5
20/08/2020,19,23,3,4
20/08/2020,4,8,3,5
20/08/2020,19,23,3,4
21/08/2020,15,2,0,4
21/08/2020,20,25,3,7
21/08/2020,15,2,0,4
21/08/2020,20,25,3,7
21/08/2020,8,4,2,3
21/08/2020,8,4,2,3
22/08/2020,23,19,6,2
22/08/2020,23,19,6,2
23/08/2020,21,25,3,5
23/08/2020,21,25,3,5
24/08/2020,14,6,2,3
24/08/2020,54,23,5,0
24/08/2020,14,6,2,3
24/08/2020,54,23,5,0
24/08/2020,4,2,0,4
24/08/2020,4,2,0,4
25/08/2020,21,25,2,5
25/08/2020,21,25,2,5
25/08/2020,14,6,4,3
25/08/2020,14,6,4,3
26/08/2020,54,23,2,5
26/08/2020,54,23,2,5
26/08/2020,4,2,4,3
26/08/2020,4,2,4,3
27/08/2020,6,14,1,7
27/08/2020,25,21,4,6
27/08/2020,6,14,1,7
27/08/2020,25,21,4,6
29/08/2020,6,14,1,3
29/08/2020,2,4,3,1
29/08/2020,6,14,1,3
29/08/2020,2,4,3,1
30/08/2020,23,54,0,3
30/08/2020,23,54,0,3
30/08/2020,25,21,5,4
30/08/2020,25,21,5,4
31/08/2020,2,4,3,2
31/08/2020,23,54,3,5
31/08/2020,2,4,3,2
31/08/2020,23,54,3,5
31/08/2020,14,6,3,2
31/08/2020,14,6,3,2
01/09/2020,21,25,6,3
01/09/2020,21,25,6,3
01/09/2020,4,2,4,3
01/09/2020,4,2,4,3
02/09/2020,54,23,1,2
02/09/2020,54,23,1,2
03/09/2020,25,21,1,4
03/09/2020,25,21,1,4
03/09/2020,2,4,4,5
03/09/2020,2,4,4,5
04/09/2020,23,54,4,0
04/09/2020,23,54,4,0
04/09/2020,21,25,4,5
04/09/2020,21,25,4,5
05/09/2020,54,23,3,0
05/09/2020,54,23,3,0
05/09/2020,4,2,0,4
05/09/2020,4,2,0,4
07/09/2020,54,25,0,1
07/09/2020,54,25,0,1
08/09/2020,14,2,8,2
08/09/2020,14,2,8,2
09/09/2020,54,25,3,0
09/09/2020,54,25,3,0
10/09/2020,14,2,2,1
10/09/2020,14,2,2,1
11/09/2020,25,54,3,2
11/09/2020,25,54,3,2
12/09/2020,2,14,5,3
12/09/2020,2,14,5,3
13/09/2020,25,54,2,1
13/09/2020,25,54,2,1
13/09/2020,2,14,1,4
13/09/2020,2,14,1,4
15/09/2020,54,25,2,3
15/09/2020,54,25,2,3
16/09/2020,14,2,1,2
16/09/2020,14,2,1,2
18/09/2020,2,14,1,2
18/09/2020,2,14,1,2
19/09/2020,14,25,1,4
19/09/2020,14,25,1,4
22/09/2020,14,25,3,2
22/09/2020,14,25,3,2
24/09/2020,25,14,2,5
24/09/2020,25,14,2,5
26/09/2020,25,14,4,5
26/09/2020,25,14,4,5
27/09/2020,14,25,2,3
27/09/2020,14,25,2,3
29/09/2020,25,14,0,2
29/09/2020,25,14,0,2
